{
  "item_types": [
    "sword",
    "bow",
    "fishing rod",
    "wand",
    "axe",
    "hoe",
    "shovel",
    "pickaxe",
    "accessory",
    "helmet",
    "chestplate",
    "leggings",
    "boots",
    "drill",
    "gauntlet",
    "shears",
    "fishing weapon",
    "longsword",
    "belt",
    "necklace",
    "cloak",
    "gloves",
    "bracelet"
  ],
  "tier_colors": {
    "common": "§f",
    "uncommon": "§a",
    "rare": "§9",
    "epic": "§5",
    "legendary": "§6",
    "mythic": "§d",
    "divine": "§b",
    "supreme": "§4",
    "special": "§c",
    "very special": "§c"
  },
  "base_stats": {
    "damage": 0,
    "health": 100,
    "defence": 0,
    "effective_health": 100,
    "strength": 0,
    "damage_increase": 0,
    "speed": 100,
    "crit_chance": 30,
    "crit_damage": 50,
    "bonus_attack_speed": 0,
    "intelligence": 0,
    "sea_creature_chance": 20,
    "magic_find": 10,
    "pet_luck": 0,
    "ferocity": 0,
    "ability_damage": 0
  },
  "slayer_cost": [
    2000,
    7500,
    20000,
    50000,
    100000
  ],
  "area_names": {
    "dynamic": "Private Island",
    "hub": "Hub",
    "mining_1": "Gold Mine",
    "mining_2": "Deep Caverns",
    "mining_3": "Dwarven Mines",
    "combat_1": "Spider's Den",
    "crimson_isle": "Crimson Isle",
    "combat_3": "The End",
    "farming_1": "The Farming Islands",
    "foraging_1": "The Park",
    "winter": "Jerry's Workshop",
    "dungeon": "Dungeon",
    "dungeon_hub": "Dungeon Hub",
    "crystal_hollows": "Crystal Hollows",
    "instanced": "Kuudra's End",
    "garden": "The Garden",
    "rift": "Rift"
  },
  "talisman_upgrades": {
    "WOLF_TALISMAN": [
      "WOLF_RING"
    ],
    "RING_POTION_AFFINITY": [
      "ARTIFACT_POTION_AFFINITY"
    ],
    "POTION_AFFINITY_TALISMAN": [
      "RING_POTION_AFFINITY",
      "ARTIFACT_POTION_AFFINITY"
    ],
    "FEATHER_RING": [
      "FEATHER_ARTIFACT"
    ],
    "FEATHER_TALISMAN": [
      "FEATHER_RING",
      "FEATHER_ARTIFACT"
    ],
    "SEA_CREATURE_RING": [
      "SEA_CREATURE_ARTIFACT"
    ],
    "SEA_CREATURE_TALISMAN": [
      "SEA_CREATURE_RING",
      "SEA_CREATURE_ARTIFACT"
    ],
    "HEALING_TALISMAN": [
      "HEALING_RING"
    ],
    "CANDY_RING": [
      "CANDY_ARTIFACT",
      "CANDY_RELIC"
    ],
    "CANDY_TALISMAN": [
      "CANDY_RING",
      "CANDY_ARTIFACT",
      "CANDY_RELIC"
    ],
    "CANDY_ARTIFACT": [
      "CANDY_RELIC"
    ],
    "INTIMIDATION_RING": [
      "INTIMIDATION_ARTIFACT"
    ],
    "INTIMIDATION_TALISMAN": [
      "INTIMIDATION_RING",
      "INTIMIDATION_ARTIFACT"
    ],
    "SPIDER_RING": [
      "SPIDER_ARTIFACT"
    ],
    "SPIDER_TALISMAN": [
      "SPIDER_RING",
      "SPIDER_ARTIFACT"
    ],
    "RED_CLAW_RING": [
      "RED_CLAW_ARTIFACT"
    ],
    "RED_CLAW_TALISMAN": [
      "RED_CLAW_RING",
      "RED_CLAW_ARTIFACT"
    ],
    "HUNTER_TALISMAN": [
      "HUNTER_RING"
    ],
    "ZOMBIE_RING": [
      "ZOMBIE_ARTIFACT"
    ],
    "ZOMBIE_TALISMAN": [
      "ZOMBIE_RING",
      "ZOMBIE_ARTIFACT"
    ],
    "BAT_RING": [
      "BAT_ARTIFACT"
    ],
    "BAT_TALISMAN": [
      "BAT_RING",
      "BAT_ARTIFACT"
    ],
    "BROKEN_PIGGY_BANK": [
      "CRACKED_PIGGY_BANK",
      "PIGGY_BANK"
    ],
    "CRACKED_PIGGY_BANK": [
      "PIGGY_BANK"
    ],
    "SPEED_TALISMAN": [
      "SPEED_RING",
      "SPEED_ARTIFACT"
    ],
    "SPEED_RING": [
      "SPEED_ARTIFACT"
    ],
    "PERSONAL_COMPACTOR_4000": [
      "PERSONAL_COMPACTOR_5000",
      "PERSONAL_COMPACTOR_6000",
      "PERSONAL_COMPACTOR_7000"
    ],
    "PERSONAL_COMPACTOR_5000": [
      "PERSONAL_COMPACTOR_6000",
      "PERSONAL_COMPACTOR_7000"
    ],
    "PERSONAL_COMPACTOR_6000": [
      "PERSONAL_COMPACTOR_7000"
    ],
    "SCARF_STUDIES": [
      "SCARF_THESIS",
      "SCARF_GRIMOIRE"
    ],
    "SCARF_THESIS": [
      "SCARF_GRIMOIRE"
    ],
    "CAT_TALISMAN": [
      "LYNX_TALISMAN",
      "CHEETAH_TALISMAN"
    ],
    "LYNX_TALISMAN": [
      "CHEETAH_TALISMAN"
    ],
    "SHADY_RING": [
      "CROOKED_ARTIFACT",
      "SEAL_OF_THE_FAMILY"
    ],
    "CROOKED_ARTIFACT": [
      "SEAL_OF_THE_FAMILY"
    ],
    "TREASURE_TALISMAN": [
      "TREASURE_RING",
      "TREASURE_ARTIFACT"
    ],
    "TREASURE_RING": [
      "TREASURE_ARTIFACT"
    ],
    "BEASTMASTER_CREST_COMMON": [
      "BEASTMASTER_CREST_UNCOMMON",
      "BEASTMASTER_CREST_RARE",
      "BEASTMASTER_CREST_EPIC",
      "BEASTMASTER_CREST_LEGENDARY"
    ],
    "BEASTMASTER_CREST_UNCOMMON": [
      "BEASTMASTER_CREST_RARE",
      "BEASTMASTER_CREST_EPIC",
      "BEASTMASTER_CREST_LEGENDARY"
    ],
    "BEASTMASTER_CREST_RARE": [
      "BEASTMASTER_CREST_EPIC",
      "BEASTMASTER_CREST_LEGENDARY"
    ],
    "BEASTMASTER_CREST_EPIC": [
      "BEASTMASTER_CREST_LEGENDARY"
    ],
    "RAGGEDY_SHARK_TOOTH_NECKLACE": [
      "DULL_SHARK_TOOTH_NECKLACE",
      "HONED_SHARK_TOOTH_NECKLACE",
      "SHARP_SHARK_TOOTH_NECKLACE",
      "RAZOR_SHARP_SHARK_TOOTH_NECKLACE"
    ],
    "DULL_SHARK_TOOTH_NECKLACE": [
      "HONED_SHARK_TOOTH_NECKLACE",
      "SHARP_SHARK_TOOTH_NECKLACE",
      "RAZOR_SHARP_SHARK_TOOTH_NECKLACE"
    ],
    "HONED_SHARK_TOOTH_NECKLACE": [
      "SHARP_SHARK_TOOTH_NECKLACE",
      "RAZOR_SHARP_SHARK_TOOTH_NECKLACE"
    ],
    "SHARP_SHARK_TOOTH_NECKLACE": [
      "RAZOR_SHARP_SHARK_TOOTH_NECKLACE"
    ],
    "WEDDING_RING_0": [
      "WEDDING_RING_1",
      "WEDDING_RING_2",
      "WEDDING_RING_3",
      "WEDDING_RING_4",
      "WEDDING_RING_5",
      "WEDDING_RING_6",
      "WEDDING_RING_7",
      "WEDDING_RING_8",
      "WEDDING_RING_9"
    ],
    "WEDDING_RING_1": [
      "WEDDING_RING_2",
      "WEDDING_RING_3",
      "WEDDING_RING_4",
      "WEDDING_RING_5",
      "WEDDING_RING_6",
      "WEDDING_RING_7",
      "WEDDING_RING_8",
      "WEDDING_RING_9"
    ],
    "WEDDING_RING_2": [
      "WEDDING_RING_3",
      "WEDDING_RING_4",
      "WEDDING_RING_5",
      "WEDDING_RING_6",
      "WEDDING_RING_7",
      "WEDDING_RING_8",
      "WEDDING_RING_9"
    ],
    "WEDDING_RING_3": [
      "WEDDING_RING_4",
      "WEDDING_RING_5",
      "WEDDING_RING_6",
      "WEDDING_RING_7",
      "WEDDING_RING_8",
      "WEDDING_RING_9"
    ],
    "WEDDING_RING_4": [
      "WEDDING_RING_5",
      "WEDDING_RING_6",
      "WEDDING_RING_7",
      "WEDDING_RING_8",
      "WEDDING_RING_9"
    ],
    "WEDDING_RING_5": [
      "WEDDING_RING_6",
      "WEDDING_RING_7",
      "WEDDING_RING_8",
      "WEDDING_RING_9"
    ],
    "WEDDING_RING_6": [
      "WEDDING_RING_7",
      "WEDDING_RING_8",
      "WEDDING_RING_9"
    ],
    "WEDDING_RING_7": [
      "WEDDING_RING_8",
      "WEDDING_RING_9"
    ],
    "WEDDING_RING_8": [
      "WEDDING_RING_9"
    ],
    "BAT_PERSON_TALISMAN": [
      "BAT_PERSON_RING",
      "BAT_PERSON_ARTIFACT"
    ],
    "BAT_PERSON_RING": [
      "BAT_PERSON_ARTIFACT"
    ],
    "WITHER_ARTIFACT": [
      "WITHER_RELIC"
    ],
    "LUCKY_HOOF": [
      "ETERNAL_HOOF"
    ],
    "JERRY_TALISMAN_GREEN": [
      "JERRY_TALISMAN_BLUE",
      "JERRY_TALISMAN_PURPLE",
      "JERRY_TALISMAN_GOLDEN"
    ],
    "JERRY_TALISMAN_BLUE": [
      "JERRY_TALISMAN_PURPLE",
      "JERRY_TALISMAN_GOLDEN"
    ],
    "JERRY_TALISMAN_PURPLE": [
      "JERRY_TALISMAN_GOLDEN"
    ],
    "TITANIUM_TALISMAN": [
      "TITANIUM_RING",
      "TITANIUM_ARTIFACT",
      "TITANIUM_RELIC"
    ],
    "TITANIUM_RING": [
      "TITANIUM_ARTIFACT",
      "TITANIUM_RELIC"
    ],
    "TITANIUM_ARTIFACT": [
      "TITANIUM_RELIC"
    ],
    "CAMPFIRE_TALISMAN_1": [
      "CAMPFIRE_TALISMAN_2",
      "CAMPFIRE_TALISMAN_3",
      "CAMPFIRE_TALISMAN_4",
      "CAMPFIRE_TALISMAN_5",
      "CAMPFIRE_TALISMAN_6",
      "CAMPFIRE_TALISMAN_7",
      "CAMPFIRE_TALISMAN_8",
      "CAMPFIRE_TALISMAN_9",
      "CAMPFIRE_TALISMAN_10",
      "CAMPFIRE_TALISMAN_11",
      "CAMPFIRE_TALISMAN_12",
      "CAMPFIRE_TALISMAN_13",
      "CAMPFIRE_TALISMAN_14",
      "CAMPFIRE_TALISMAN_15",
      "CAMPFIRE_TALISMAN_16",
      "CAMPFIRE_TALISMAN_17",
      "CAMPFIRE_TALISMAN_18",
      "CAMPFIRE_TALISMAN_19",
      "CAMPFIRE_TALISMAN_20",
      "CAMPFIRE_TALISMAN_21",
      "CAMPFIRE_TALISMAN_22",
      "CAMPFIRE_TALISMAN_23",
      "CAMPFIRE_TALISMAN_24",
      "CAMPFIRE_TALISMAN_25",
      "CAMPFIRE_TALISMAN_26",
      "CAMPFIRE_TALISMAN_27",
      "CAMPFIRE_TALISMAN_28",
      "CAMPFIRE_TALISMAN_29"
    ],
    "CAMPFIRE_TALISMAN_2": [
      "CAMPFIRE_TALISMAN_3",
      "CAMPFIRE_TALISMAN_4",
      "CAMPFIRE_TALISMAN_5",
      "CAMPFIRE_TALISMAN_6",
      "CAMPFIRE_TALISMAN_7",
      "CAMPFIRE_TALISMAN_8",
      "CAMPFIRE_TALISMAN_9",
      "CAMPFIRE_TALISMAN_10",
      "CAMPFIRE_TALISMAN_11",
      "CAMPFIRE_TALISMAN_12",
      "CAMPFIRE_TALISMAN_13",
      "CAMPFIRE_TALISMAN_14",
      "CAMPFIRE_TALISMAN_15",
      "CAMPFIRE_TALISMAN_16",
      "CAMPFIRE_TALISMAN_17",
      "CAMPFIRE_TALISMAN_18",
      "CAMPFIRE_TALISMAN_19",
      "CAMPFIRE_TALISMAN_20",
      "CAMPFIRE_TALISMAN_21",
      "CAMPFIRE_TALISMAN_22",
      "CAMPFIRE_TALISMAN_23",
      "CAMPFIRE_TALISMAN_24",
      "CAMPFIRE_TALISMAN_25",
      "CAMPFIRE_TALISMAN_26",
      "CAMPFIRE_TALISMAN_27",
      "CAMPFIRE_TALISMAN_28",
      "CAMPFIRE_TALISMAN_29"
    ],
    "CAMPFIRE_TALISMAN_3": [
      "CAMPFIRE_TALISMAN_4",
      "CAMPFIRE_TALISMAN_5",
      "CAMPFIRE_TALISMAN_6",
      "CAMPFIRE_TALISMAN_7",
      "CAMPFIRE_TALISMAN_8",
      "CAMPFIRE_TALISMAN_9",
      "CAMPFIRE_TALISMAN_10",
      "CAMPFIRE_TALISMAN_11",
      "CAMPFIRE_TALISMAN_12",
      "CAMPFIRE_TALISMAN_13",
      "CAMPFIRE_TALISMAN_14",
      "CAMPFIRE_TALISMAN_15",
      "CAMPFIRE_TALISMAN_16",
      "CAMPFIRE_TALISMAN_17",
      "CAMPFIRE_TALISMAN_18",
      "CAMPFIRE_TALISMAN_19",
      "CAMPFIRE_TALISMAN_20",
      "CAMPFIRE_TALISMAN_21",
      "CAMPFIRE_TALISMAN_22",
      "CAMPFIRE_TALISMAN_23",
      "CAMPFIRE_TALISMAN_24",
      "CAMPFIRE_TALISMAN_25",
      "CAMPFIRE_TALISMAN_26",
      "CAMPFIRE_TALISMAN_27",
      "CAMPFIRE_TALISMAN_28",
      "CAMPFIRE_TALISMAN_29"
    ],
    "CAMPFIRE_TALISMAN_4": [
      "CAMPFIRE_TALISMAN_5",
      "CAMPFIRE_TALISMAN_6",
      "CAMPFIRE_TALISMAN_7",
      "CAMPFIRE_TALISMAN_8",
      "CAMPFIRE_TALISMAN_9",
      "CAMPFIRE_TALISMAN_10",
      "CAMPFIRE_TALISMAN_11",
      "CAMPFIRE_TALISMAN_12",
      "CAMPFIRE_TALISMAN_13",
      "CAMPFIRE_TALISMAN_14",
      "CAMPFIRE_TALISMAN_15",
      "CAMPFIRE_TALISMAN_16",
      "CAMPFIRE_TALISMAN_17",
      "CAMPFIRE_TALISMAN_18",
      "CAMPFIRE_TALISMAN_19",
      "CAMPFIRE_TALISMAN_20",
      "CAMPFIRE_TALISMAN_21",
      "CAMPFIRE_TALISMAN_22",
      "CAMPFIRE_TALISMAN_23",
      "CAMPFIRE_TALISMAN_24",
      "CAMPFIRE_TALISMAN_25",
      "CAMPFIRE_TALISMAN_26",
      "CAMPFIRE_TALISMAN_27",
      "CAMPFIRE_TALISMAN_28",
      "CAMPFIRE_TALISMAN_29"
    ],
    "CAMPFIRE_TALISMAN_5": [
      "CAMPFIRE_TALISMAN_6",
      "CAMPFIRE_TALISMAN_7",
      "CAMPFIRE_TALISMAN_8",
      "CAMPFIRE_TALISMAN_9",
      "CAMPFIRE_TALISMAN_10",
      "CAMPFIRE_TALISMAN_11",
      "CAMPFIRE_TALISMAN_12",
      "CAMPFIRE_TALISMAN_13",
      "CAMPFIRE_TALISMAN_14",
      "CAMPFIRE_TALISMAN_15",
      "CAMPFIRE_TALISMAN_16",
      "CAMPFIRE_TALISMAN_17",
      "CAMPFIRE_TALISMAN_18",
      "CAMPFIRE_TALISMAN_19",
      "CAMPFIRE_TALISMAN_20",
      "CAMPFIRE_TALISMAN_21",
      "CAMPFIRE_TALISMAN_22",
      "CAMPFIRE_TALISMAN_23",
      "CAMPFIRE_TALISMAN_24",
      "CAMPFIRE_TALISMAN_25",
      "CAMPFIRE_TALISMAN_26",
      "CAMPFIRE_TALISMAN_27",
      "CAMPFIRE_TALISMAN_28",
      "CAMPFIRE_TALISMAN_29"
    ],
    "CAMPFIRE_TALISMAN_6": [
      "CAMPFIRE_TALISMAN_7",
      "CAMPFIRE_TALISMAN_8",
      "CAMPFIRE_TALISMAN_9",
      "CAMPFIRE_TALISMAN_10",
      "CAMPFIRE_TALISMAN_11",
      "CAMPFIRE_TALISMAN_12",
      "CAMPFIRE_TALISMAN_13",
      "CAMPFIRE_TALISMAN_14",
      "CAMPFIRE_TALISMAN_15",
      "CAMPFIRE_TALISMAN_16",
      "CAMPFIRE_TALISMAN_17",
      "CAMPFIRE_TALISMAN_18",
      "CAMPFIRE_TALISMAN_19",
      "CAMPFIRE_TALISMAN_20",
      "CAMPFIRE_TALISMAN_21",
      "CAMPFIRE_TALISMAN_22",
      "CAMPFIRE_TALISMAN_23",
      "CAMPFIRE_TALISMAN_24",
      "CAMPFIRE_TALISMAN_25",
      "CAMPFIRE_TALISMAN_26",
      "CAMPFIRE_TALISMAN_27",
      "CAMPFIRE_TALISMAN_28",
      "CAMPFIRE_TALISMAN_29"
    ],
    "CAMPFIRE_TALISMAN_7": [
      "CAMPFIRE_TALISMAN_8",
      "CAMPFIRE_TALISMAN_9",
      "CAMPFIRE_TALISMAN_10",
      "CAMPFIRE_TALISMAN_11",
      "CAMPFIRE_TALISMAN_12",
      "CAMPFIRE_TALISMAN_13",
      "CAMPFIRE_TALISMAN_14",
      "CAMPFIRE_TALISMAN_15",
      "CAMPFIRE_TALISMAN_16",
      "CAMPFIRE_TALISMAN_17",
      "CAMPFIRE_TALISMAN_18",
      "CAMPFIRE_TALISMAN_19",
      "CAMPFIRE_TALISMAN_20",
      "CAMPFIRE_TALISMAN_21",
      "CAMPFIRE_TALISMAN_22",
      "CAMPFIRE_TALISMAN_23",
      "CAMPFIRE_TALISMAN_24",
      "CAMPFIRE_TALISMAN_25",
      "CAMPFIRE_TALISMAN_26",
      "CAMPFIRE_TALISMAN_27",
      "CAMPFIRE_TALISMAN_28",
      "CAMPFIRE_TALISMAN_29"
    ],
    "CAMPFIRE_TALISMAN_8": [
      "CAMPFIRE_TALISMAN_9",
      "CAMPFIRE_TALISMAN_10",
      "CAMPFIRE_TALISMAN_11",
      "CAMPFIRE_TALISMAN_12",
      "CAMPFIRE_TALISMAN_13",
      "CAMPFIRE_TALISMAN_14",
      "CAMPFIRE_TALISMAN_15",
      "CAMPFIRE_TALISMAN_16",
      "CAMPFIRE_TALISMAN_17",
      "CAMPFIRE_TALISMAN_18",
      "CAMPFIRE_TALISMAN_19",
      "CAMPFIRE_TALISMAN_20",
      "CAMPFIRE_TALISMAN_21",
      "CAMPFIRE_TALISMAN_22",
      "CAMPFIRE_TALISMAN_23",
      "CAMPFIRE_TALISMAN_24",
      "CAMPFIRE_TALISMAN_25",
      "CAMPFIRE_TALISMAN_26",
      "CAMPFIRE_TALISMAN_27",
      "CAMPFIRE_TALISMAN_28",
      "CAMPFIRE_TALISMAN_29"
    ],
    "CAMPFIRE_TALISMAN_9": [
      "CAMPFIRE_TALISMAN_10",
      "CAMPFIRE_TALISMAN_11",
      "CAMPFIRE_TALISMAN_12",
      "CAMPFIRE_TALISMAN_13",
      "CAMPFIRE_TALISMAN_14",
      "CAMPFIRE_TALISMAN_15",
      "CAMPFIRE_TALISMAN_16",
      "CAMPFIRE_TALISMAN_17",
      "CAMPFIRE_TALISMAN_18",
      "CAMPFIRE_TALISMAN_19",
      "CAMPFIRE_TALISMAN_20",
      "CAMPFIRE_TALISMAN_21",
      "CAMPFIRE_TALISMAN_22",
      "CAMPFIRE_TALISMAN_23",
      "CAMPFIRE_TALISMAN_24",
      "CAMPFIRE_TALISMAN_25",
      "CAMPFIRE_TALISMAN_26",
      "CAMPFIRE_TALISMAN_27",
      "CAMPFIRE_TALISMAN_28",
      "CAMPFIRE_TALISMAN_29"
    ],
    "CAMPFIRE_TALISMAN_10": [
      "CAMPFIRE_TALISMAN_11",
      "CAMPFIRE_TALISMAN_12",
      "CAMPFIRE_TALISMAN_13",
      "CAMPFIRE_TALISMAN_14",
      "CAMPFIRE_TALISMAN_15",
      "CAMPFIRE_TALISMAN_16",
      "CAMPFIRE_TALISMAN_17",
      "CAMPFIRE_TALISMAN_18",
      "CAMPFIRE_TALISMAN_19",
      "CAMPFIRE_TALISMAN_20",
      "CAMPFIRE_TALISMAN_21",
      "CAMPFIRE_TALISMAN_22",
      "CAMPFIRE_TALISMAN_23",
      "CAMPFIRE_TALISMAN_24",
      "CAMPFIRE_TALISMAN_25",
      "CAMPFIRE_TALISMAN_26",
      "CAMPFIRE_TALISMAN_27",
      "CAMPFIRE_TALISMAN_28",
      "CAMPFIRE_TALISMAN_29"
    ],
    "CAMPFIRE_TALISMAN_11": [
      "CAMPFIRE_TALISMAN_12",
      "CAMPFIRE_TALISMAN_13",
      "CAMPFIRE_TALISMAN_14",
      "CAMPFIRE_TALISMAN_15",
      "CAMPFIRE_TALISMAN_16",
      "CAMPFIRE_TALISMAN_17",
      "CAMPFIRE_TALISMAN_18",
      "CAMPFIRE_TALISMAN_19",
      "CAMPFIRE_TALISMAN_20",
      "CAMPFIRE_TALISMAN_21",
      "CAMPFIRE_TALISMAN_22",
      "CAMPFIRE_TALISMAN_23",
      "CAMPFIRE_TALISMAN_24",
      "CAMPFIRE_TALISMAN_25",
      "CAMPFIRE_TALISMAN_26",
      "CAMPFIRE_TALISMAN_27",
      "CAMPFIRE_TALISMAN_28",
      "CAMPFIRE_TALISMAN_29"
    ],
    "CAMPFIRE_TALISMAN_12": [
      "CAMPFIRE_TALISMAN_13",
      "CAMPFIRE_TALISMAN_14",
      "CAMPFIRE_TALISMAN_15",
      "CAMPFIRE_TALISMAN_16",
      "CAMPFIRE_TALISMAN_17",
      "CAMPFIRE_TALISMAN_18",
      "CAMPFIRE_TALISMAN_19",
      "CAMPFIRE_TALISMAN_20",
      "CAMPFIRE_TALISMAN_21",
      "CAMPFIRE_TALISMAN_22",
      "CAMPFIRE_TALISMAN_23",
      "CAMPFIRE_TALISMAN_24",
      "CAMPFIRE_TALISMAN_25",
      "CAMPFIRE_TALISMAN_26",
      "CAMPFIRE_TALISMAN_27",
      "CAMPFIRE_TALISMAN_28",
      "CAMPFIRE_TALISMAN_29"
    ],
    "CAMPFIRE_TALISMAN_13": [
      "CAMPFIRE_TALISMAN_13",
      "CAMPFIRE_TALISMAN_14",
      "CAMPFIRE_TALISMAN_15",
      "CAMPFIRE_TALISMAN_16",
      "CAMPFIRE_TALISMAN_17",
      "CAMPFIRE_TALISMAN_18",
      "CAMPFIRE_TALISMAN_19",
      "CAMPFIRE_TALISMAN_20",
      "CAMPFIRE_TALISMAN_21",
      "CAMPFIRE_TALISMAN_22",
      "CAMPFIRE_TALISMAN_23",
      "CAMPFIRE_TALISMAN_24",
      "CAMPFIRE_TALISMAN_25",
      "CAMPFIRE_TALISMAN_26",
      "CAMPFIRE_TALISMAN_27",
      "CAMPFIRE_TALISMAN_28",
      "CAMPFIRE_TALISMAN_29"
    ],
    "CAMPFIRE_TALISMAN_14": [
      "CAMPFIRE_TALISMAN_15",
      "CAMPFIRE_TALISMAN_16",
      "CAMPFIRE_TALISMAN_17",
      "CAMPFIRE_TALISMAN_18",
      "CAMPFIRE_TALISMAN_19",
      "CAMPFIRE_TALISMAN_20",
      "CAMPFIRE_TALISMAN_21",
      "CAMPFIRE_TALISMAN_22",
      "CAMPFIRE_TALISMAN_23",
      "CAMPFIRE_TALISMAN_24",
      "CAMPFIRE_TALISMAN_25",
      "CAMPFIRE_TALISMAN_26",
      "CAMPFIRE_TALISMAN_27",
      "CAMPFIRE_TALISMAN_28",
      "CAMPFIRE_TALISMAN_29"
    ],
    "CAMPFIRE_TALISMAN_15": [
      "CAMPFIRE_TALISMAN_16",
      "CAMPFIRE_TALISMAN_17",
      "CAMPFIRE_TALISMAN_18",
      "CAMPFIRE_TALISMAN_19",
      "CAMPFIRE_TALISMAN_20",
      "CAMPFIRE_TALISMAN_21",
      "CAMPFIRE_TALISMAN_22",
      "CAMPFIRE_TALISMAN_23",
      "CAMPFIRE_TALISMAN_24",
      "CAMPFIRE_TALISMAN_25",
      "CAMPFIRE_TALISMAN_26",
      "CAMPFIRE_TALISMAN_27",
      "CAMPFIRE_TALISMAN_28",
      "CAMPFIRE_TALISMAN_29"
    ],
    "CAMPFIRE_TALISMAN_16": [
      "CAMPFIRE_TALISMAN_17",
      "CAMPFIRE_TALISMAN_18",
      "CAMPFIRE_TALISMAN_19",
      "CAMPFIRE_TALISMAN_20",
      "CAMPFIRE_TALISMAN_21",
      "CAMPFIRE_TALISMAN_22",
      "CAMPFIRE_TALISMAN_23",
      "CAMPFIRE_TALISMAN_24",
      "CAMPFIRE_TALISMAN_25",
      "CAMPFIRE_TALISMAN_26",
      "CAMPFIRE_TALISMAN_27",
      "CAMPFIRE_TALISMAN_28",
      "CAMPFIRE_TALISMAN_29"
    ],
    "CAMPFIRE_TALISMAN_17": [
      "CAMPFIRE_TALISMAN_18",
      "CAMPFIRE_TALISMAN_19",
      "CAMPFIRE_TALISMAN_20",
      "CAMPFIRE_TALISMAN_21",
      "CAMPFIRE_TALISMAN_22",
      "CAMPFIRE_TALISMAN_23",
      "CAMPFIRE_TALISMAN_24",
      "CAMPFIRE_TALISMAN_25",
      "CAMPFIRE_TALISMAN_26",
      "CAMPFIRE_TALISMAN_27",
      "CAMPFIRE_TALISMAN_28",
      "CAMPFIRE_TALISMAN_29"
    ],
    "CAMPFIRE_TALISMAN_18": [
      "CAMPFIRE_TALISMAN_19",
      "CAMPFIRE_TALISMAN_20",
      "CAMPFIRE_TALISMAN_21",
      "CAMPFIRE_TALISMAN_22",
      "CAMPFIRE_TALISMAN_23",
      "CAMPFIRE_TALISMAN_24",
      "CAMPFIRE_TALISMAN_25",
      "CAMPFIRE_TALISMAN_26",
      "CAMPFIRE_TALISMAN_27",
      "CAMPFIRE_TALISMAN_28",
      "CAMPFIRE_TALISMAN_29"
    ],
    "CAMPFIRE_TALISMAN_19": [
      "CAMPFIRE_TALISMAN_20",
      "CAMPFIRE_TALISMAN_21",
      "CAMPFIRE_TALISMAN_22",
      "CAMPFIRE_TALISMAN_23",
      "CAMPFIRE_TALISMAN_24",
      "CAMPFIRE_TALISMAN_25",
      "CAMPFIRE_TALISMAN_26",
      "CAMPFIRE_TALISMAN_27",
      "CAMPFIRE_TALISMAN_28",
      "CAMPFIRE_TALISMAN_29"
    ],
    "CAMPFIRE_TALISMAN_20": [
      "CAMPFIRE_TALISMAN_21",
      "CAMPFIRE_TALISMAN_22",
      "CAMPFIRE_TALISMAN_23",
      "CAMPFIRE_TALISMAN_24",
      "CAMPFIRE_TALISMAN_25",
      "CAMPFIRE_TALISMAN_26",
      "CAMPFIRE_TALISMAN_27",
      "CAMPFIRE_TALISMAN_28",
      "CAMPFIRE_TALISMAN_29"
    ],
    "CAMPFIRE_TALISMAN_21": [
      "CAMPFIRE_TALISMAN_22",
      "CAMPFIRE_TALISMAN_23",
      "CAMPFIRE_TALISMAN_24",
      "CAMPFIRE_TALISMAN_25",
      "CAMPFIRE_TALISMAN_26",
      "CAMPFIRE_TALISMAN_27",
      "CAMPFIRE_TALISMAN_28",
      "CAMPFIRE_TALISMAN_29"
    ],
    "CAMPFIRE_TALISMAN_22": [
      "CAMPFIRE_TALISMAN_23",
      "CAMPFIRE_TALISMAN_24",
      "CAMPFIRE_TALISMAN_25",
      "CAMPFIRE_TALISMAN_26",
      "CAMPFIRE_TALISMAN_27",
      "CAMPFIRE_TALISMAN_28",
      "CAMPFIRE_TALISMAN_29"
    ],
    "CAMPFIRE_TALISMAN_23": [
      "CAMPFIRE_TALISMAN_24",
      "CAMPFIRE_TALISMAN_25",
      "CAMPFIRE_TALISMAN_26",
      "CAMPFIRE_TALISMAN_27",
      "CAMPFIRE_TALISMAN_28",
      "CAMPFIRE_TALISMAN_29"
    ],
    "CAMPFIRE_TALISMAN_24": [
      "CAMPFIRE_TALISMAN_25",
      "CAMPFIRE_TALISMAN_26",
      "CAMPFIRE_TALISMAN_27",
      "CAMPFIRE_TALISMAN_28",
      "CAMPFIRE_TALISMAN_29"
    ],
    "CAMPFIRE_TALISMAN_25": [
      "CAMPFIRE_TALISMAN_26",
      "CAMPFIRE_TALISMAN_27",
      "CAMPFIRE_TALISMAN_28",
      "CAMPFIRE_TALISMAN_29"
    ],
    "CAMPFIRE_TALISMAN_26": [
      "CAMPFIRE_TALISMAN_27",
      "CAMPFIRE_TALISMAN_28",
      "CAMPFIRE_TALISMAN_29"
    ],
    "CAMPFIRE_TALISMAN_27": [
      "CAMPFIRE_TALISMAN_28",
      "CAMPFIRE_TALISMAN_29"
    ],
    "CAMPFIRE_TALISMAN_28": [
      "CAMPFIRE_TALISMAN_29"
    ],
    "PERSONAL_DELETOR_4000": [
      "PERSONAL_DELETOR_5000",
      "PERSONAL_DELETOR_6000",
      "PERSONAL_DELETOR_7000"
    ],
    "PERSONAL_DELETOR_5000": [
      "PERSONAL_DELETOR_6000",
      "PERSONAL_DELETOR_7000"
    ],
    "PERSONAL_DELETOR_6000": [
      "PERSONAL_DELETOR_7000"
    ],
    "BAIT_RING": [
      "SPIKED_ATROCITY"
    ],
    "MASTER_SKULL_TIER_1": [
      "MASTER_SKULL_TIER_2",
      "MASTER_SKULL_TIER_3",
      "MASTER_SKULL_TIER_4",
      "MASTER_SKULL_TIER_5",
      "MASTER_SKULL_TIER_6",
      "MASTER_SKULL_TIER_7"
    ],
    "MASTER_SKULL_TIER_2": [
      "MASTER_SKULL_TIER_3",
      "MASTER_SKULL_TIER_4",
      "MASTER_SKULL_TIER_5",
      "MASTER_SKULL_TIER_6",
      "MASTER_SKULL_TIER_7"
    ],
    "MASTER_SKULL_TIER_3": [
      "MASTER_SKULL_TIER_4",
      "MASTER_SKULL_TIER_5",
      "MASTER_SKULL_TIER_6",
      "MASTER_SKULL_TIER_7"
    ],
    "MASTER_SKULL_TIER_4": [
      "MASTER_SKULL_TIER_5",
      "MASTER_SKULL_TIER_6",
      "MASTER_SKULL_TIER_7"
    ],
    "MASTER_SKULL_TIER_5": [
      "MASTER_SKULL_TIER_6",
      "MASTER_SKULL_TIER_7"
    ],
    "MASTER_SKULL_TIER_6": [
      "MASTER_SKULL_TIER_7"
    ],
    "SOULFLOW_PILE": [
      "SOULFLOW_BATTERY",
      "SOULFLOW_SUPERCELL"
    ],
    "SOULFLOW_BATTERY": [
      "SOULFLOW_SUPERCELL"
    ],
    "ENDER_ARTIFACT": [
      "ENDER_RELIC"
    ],
    "POWER_TALISMAN": [
      "POWER_RING",
      "POWER_ARTIFACT"
    ],
    "POWER_RING": [
      "POWER_ARTIFACT"
    ],
    "BINGO_TALISMAN": [
      "BINGO_RING",
      "BINGO_ARTIFACT",
      "BINGO_RELIC"
    ],
    "BINGO_RING": [
      "BINGO_ARTIFACT",
      "BINGO_RELIC"
    ],
    "BINGO_ARTIFACT": [
      "BINGO_RELIC"
    ],
    "ODGERS_BRONZE_TOOTH": [
      "ODGERS_SILVER_TOOTH",
      "ODGERS_GOLD_TOOTH",
      "ODGERS_DIAMOND_TOOTH"
    ],
    "ODGERS_SILVER_TOOTH": [
      "ODGERS_GOLD_TOOTH",
      "ODGERS_DIAMOND_TOOTH"
    ],
    "ODGERS_GOLD_TOOTH": [
      "ODGERS_DIAMOND_TOOTH"
    ],
    "PARTY_HAT_CRAB_YELLOW": [
      "PARTY_HAT_CRAB_RED",
      "PARTY_HAT_CRAB_PURPLE",
      "PARTY_HAT_CRAB_PINK",
      "PARTY_HAT_CRAB_ORANGE",
      "PARTY_HAT_CRAB_LIME",
      "PARTY_HAT_CRAB_GREEN",
      "PARTY_HAT_CRAB_BLACK",
      "PARTY_HAT_CRAB_AQUA",
      "PARTY_HAT_CRAB_BLACK_ANIMATED",
      "PARTY_HAT_CRAB_GREEN_ANIMATED",
      "PARTY_HAT_CRAB_LIME_ANIMATED",
      "PARTY_HAT_CRAB_ORANGE_ANIMATED",
      "PARTY_HAT_CRAB_PINK_ANIMATED",
      "PARTY_HAT_CRAB_PURPLE_ANIMATED",
      "PARTY_HAT_CRAB_RED_ANIMATED",
      "PARTY_HAT_CRAB_YELLOW_ANIMATED",
      "PARTY_HAT_CRAB_AQUA_ANIMATED",
      "PARTY_HAT_SLOTH"
    ],
    "PARTY_HAT_CRAB_RED": [
      "PARTY_HAT_CRAB_YELLOW",
      "PARTY_HAT_CRAB_PURPLE",
      "PARTY_HAT_CRAB_PINK",
      "PARTY_HAT_CRAB_ORANGE",
      "PARTY_HAT_CRAB_LIME",
      "PARTY_HAT_CRAB_GREEN",
      "PARTY_HAT_CRAB_BLACK",
      "PARTY_HAT_CRAB_AQUA",
      "PARTY_HAT_CRAB_BLACK_ANIMATED",
      "PARTY_HAT_CRAB_GREEN_ANIMATED",
      "PARTY_HAT_CRAB_LIME_ANIMATED",
      "PARTY_HAT_CRAB_ORANGE_ANIMATED",
      "PARTY_HAT_CRAB_PINK_ANIMATED",
      "PARTY_HAT_CRAB_PURPLE_ANIMATED",
      "PARTY_HAT_CRAB_RED_ANIMATED",
      "PARTY_HAT_CRAB_YELLOW_ANIMATED",
      "PARTY_HAT_CRAB_AQUA_ANIMATED",
      "PARTY_HAT_SLOTH"
    ],
    "PARTY_HAT_CRAB_PURPLE": [
      "PARTY_HAT_CRAB_RED",
      "PARTY_HAT_CRAB_YELLOW",
      "PARTY_HAT_CRAB_PINK",
      "PARTY_HAT_CRAB_ORANGE",
      "PARTY_HAT_CRAB_LIME",
      "PARTY_HAT_CRAB_GREEN",
      "PARTY_HAT_CRAB_BLACK",
      "PARTY_HAT_CRAB_AQUA",
      "PARTY_HAT_CRAB_BLACK_ANIMATED",
      "PARTY_HAT_CRAB_GREEN_ANIMATED",
      "PARTY_HAT_CRAB_LIME_ANIMATED",
      "PARTY_HAT_CRAB_ORANGE_ANIMATED",
      "PARTY_HAT_CRAB_PINK_ANIMATED",
      "PARTY_HAT_CRAB_PURPLE_ANIMATED",
      "PARTY_HAT_CRAB_RED_ANIMATED",
      "PARTY_HAT_CRAB_YELLOW_ANIMATED",
      "PARTY_HAT_CRAB_AQUA_ANIMATED",
      "PARTY_HAT_SLOTH"
    ],
    "PARTY_HAT_CRAB_PINK": [
      "PARTY_HAT_CRAB_RED",
      "PARTY_HAT_CRAB_PURPLE",
      "PARTY_HAT_CRAB_YELLOW",
      "PARTY_HAT_CRAB_ORANGE",
      "PARTY_HAT_CRAB_LIME",
      "PARTY_HAT_CRAB_GREEN",
      "PARTY_HAT_CRAB_BLACK",
      "PARTY_HAT_CRAB_AQUA",
      "PARTY_HAT_CRAB_BLACK_ANIMATED",
      "PARTY_HAT_CRAB_GREEN_ANIMATED",
      "PARTY_HAT_CRAB_LIME_ANIMATED",
      "PARTY_HAT_CRAB_ORANGE_ANIMATED",
      "PARTY_HAT_CRAB_PINK_ANIMATED",
      "PARTY_HAT_CRAB_PURPLE_ANIMATED",
      "PARTY_HAT_CRAB_RED_ANIMATED",
      "PARTY_HAT_CRAB_YELLOW_ANIMATED",
      "PARTY_HAT_CRAB_AQUA_ANIMATED",
      "PARTY_HAT_SLOTH"
    ],
    "PARTY_HAT_CRAB_ORANGE": [
      "PARTY_HAT_CRAB_RED",
      "PARTY_HAT_CRAB_PURPLE",
      "PARTY_HAT_CRAB_PINK",
      "PARTY_HAT_CRAB_YELLOW",
      "PARTY_HAT_CRAB_LIME",
      "PARTY_HAT_CRAB_GREEN",
      "PARTY_HAT_CRAB_BLACK",
      "PARTY_HAT_CRAB_AQUA",
      "PARTY_HAT_CRAB_BLACK_ANIMATED",
      "PARTY_HAT_CRAB_GREEN_ANIMATED",
      "PARTY_HAT_CRAB_LIME_ANIMATED",
      "PARTY_HAT_CRAB_ORANGE_ANIMATED",
      "PARTY_HAT_CRAB_PINK_ANIMATED",
      "PARTY_HAT_CRAB_PURPLE_ANIMATED",
      "PARTY_HAT_CRAB_RED_ANIMATED",
      "PARTY_HAT_CRAB_YELLOW_ANIMATED",
      "PARTY_HAT_CRAB_AQUA_ANIMATED",
      "PARTY_HAT_SLOTH"
    ],
    "PARTY_HAT_CRAB_LIME": [
      "PARTY_HAT_CRAB_RED",
      "PARTY_HAT_CRAB_PURPLE",
      "PARTY_HAT_CRAB_PINK",
      "PARTY_HAT_CRAB_ORANGE",
      "PARTY_HAT_CRAB_YELLOW",
      "PARTY_HAT_CRAB_GREEN",
      "PARTY_HAT_CRAB_BLACK",
      "PARTY_HAT_CRAB_AQUA",
      "PARTY_HAT_CRAB_BLACK_ANIMATED",
      "PARTY_HAT_CRAB_GREEN_ANIMATED",
      "PARTY_HAT_CRAB_LIME_ANIMATED",
      "PARTY_HAT_CRAB_ORANGE_ANIMATED",
      "PARTY_HAT_CRAB_PINK_ANIMATED",
      "PARTY_HAT_CRAB_PURPLE_ANIMATED",
      "PARTY_HAT_CRAB_RED_ANIMATED",
      "PARTY_HAT_CRAB_YELLOW_ANIMATED",
      "PARTY_HAT_CRAB_AQUA_ANIMATED",
      "PARTY_HAT_SLOTH"
    ],
    "PARTY_HAT_CRAB_GREEN": [
      "PARTY_HAT_CRAB_RED",
      "PARTY_HAT_CRAB_PURPLE",
      "PARTY_HAT_CRAB_PINK",
      "PARTY_HAT_CRAB_ORANGE",
      "PARTY_HAT_CRAB_LIME",
      "PARTY_HAT_CRAB_YELLOW",
      "PARTY_HAT_CRAB_BLACK",
      "PARTY_HAT_CRAB_AQUA",
      "PARTY_HAT_CRAB_BLACK_ANIMATED",
      "PARTY_HAT_CRAB_GREEN_ANIMATED",
      "PARTY_HAT_CRAB_LIME_ANIMATED",
      "PARTY_HAT_CRAB_ORANGE_ANIMATED",
      "PARTY_HAT_CRAB_PINK_ANIMATED",
      "PARTY_HAT_CRAB_PURPLE_ANIMATED",
      "PARTY_HAT_CRAB_RED_ANIMATED",
      "PARTY_HAT_CRAB_YELLOW_ANIMATED",
      "PARTY_HAT_CRAB_AQUA_ANIMATED",
      "PARTY_HAT_SLOTH"
    ],
    "PARTY_HAT_CRAB_BLACK": [
      "PARTY_HAT_CRAB_RED",
      "PARTY_HAT_CRAB_PURPLE",
      "PARTY_HAT_CRAB_PINK",
      "PARTY_HAT_CRAB_ORANGE",
      "PARTY_HAT_CRAB_LIME",
      "PARTY_HAT_CRAB_GREEN",
      "PARTY_HAT_CRAB_YELLOW",
      "PARTY_HAT_CRAB_AQUA",
      "PARTY_HAT_CRAB_BLACK_ANIMATED",
      "PARTY_HAT_CRAB_GREEN_ANIMATED",
      "PARTY_HAT_CRAB_LIME_ANIMATED",
      "PARTY_HAT_CRAB_ORANGE_ANIMATED",
      "PARTY_HAT_CRAB_PINK_ANIMATED",
      "PARTY_HAT_CRAB_PURPLE_ANIMATED",
      "PARTY_HAT_CRAB_RED_ANIMATED",
      "PARTY_HAT_CRAB_YELLOW_ANIMATED",
      "PARTY_HAT_CRAB_AQUA_ANIMATED",
      "PARTY_HAT_SLOTH"
    ],
    "PARTY_HAT_CRAB_AQUA": [
      "PARTY_HAT_CRAB_RED",
      "PARTY_HAT_CRAB_PURPLE",
      "PARTY_HAT_CRAB_PINK",
      "PARTY_HAT_CRAB_ORANGE",
      "PARTY_HAT_CRAB_LIME",
      "PARTY_HAT_CRAB_GREEN",
      "PARTY_HAT_CRAB_BLACK",
      "PARTY_HAT_CRAB_YELLOW",
      "PARTY_HAT_CRAB_BLACK_ANIMATED",
      "PARTY_HAT_CRAB_GREEN_ANIMATED",
      "PARTY_HAT_CRAB_LIME_ANIMATED",
      "PARTY_HAT_CRAB_ORANGE_ANIMATED",
      "PARTY_HAT_CRAB_PINK_ANIMATED",
      "PARTY_HAT_CRAB_PURPLE_ANIMATED",
      "PARTY_HAT_CRAB_RED_ANIMATED",
      "PARTY_HAT_CRAB_YELLOW_ANIMATED",
      "PARTY_HAT_CRAB_AQUA_ANIMATED",
      "PARTY_HAT_SLOTH"
    ],
    "PARTY_HAT_CRAB_AQUA_ANIMATED": [
      "PARTY_HAT_CRAB_RED",
      "PARTY_HAT_CRAB_PURPLE",
      "PARTY_HAT_CRAB_PINK",
      "PARTY_HAT_CRAB_ORANGE",
      "PARTY_HAT_CRAB_LIME",
      "PARTY_HAT_CRAB_GREEN",
      "PARTY_HAT_CRAB_BLACK",
      "PARTY_HAT_CRAB_YELLOW",
      "PARTY_HAT_CRAB_BLACK_ANIMATED",
      "PARTY_HAT_CRAB_GREEN_ANIMATED",
      "PARTY_HAT_CRAB_LIME_ANIMATED",
      "PARTY_HAT_CRAB_ORANGE_ANIMATED",
      "PARTY_HAT_CRAB_PINK_ANIMATED",
      "PARTY_HAT_CRAB_PURPLE_ANIMATED",
      "PARTY_HAT_CRAB_RED_ANIMATED",
      "PARTY_HAT_CRAB_YELLOW_ANIMATED",
      "PARTY_HAT_SLOTH"
    ],
    "PARTY_HAT_CRAB_BLACK_ANIMATED": [
      "PARTY_HAT_CRAB_RED",
      "PARTY_HAT_CRAB_PURPLE",
      "PARTY_HAT_CRAB_PINK",
      "PARTY_HAT_CRAB_ORANGE",
      "PARTY_HAT_CRAB_LIME",
      "PARTY_HAT_CRAB_GREEN",
      "PARTY_HAT_CRAB_BLACK",
      "PARTY_HAT_CRAB_YELLOW",
      "PARTY_HAT_CRAB_GREEN_ANIMATED",
      "PARTY_HAT_CRAB_LIME_ANIMATED",
      "PARTY_HAT_CRAB_ORANGE_ANIMATED",
      "PARTY_HAT_CRAB_PINK_ANIMATED",
      "PARTY_HAT_CRAB_PURPLE_ANIMATED",
      "PARTY_HAT_CRAB_RED_ANIMATED",
      "PARTY_HAT_CRAB_YELLOW_ANIMATED",
      "PARTY_HAT_CRAB_AQUA_ANIMATED",
      "PARTY_HAT_SLOTH"
    ],
    "PARTY_HAT_CRAB_GREEN_ANIMATED": [
      "PARTY_HAT_CRAB_RED",
      "PARTY_HAT_CRAB_PURPLE",
      "PARTY_HAT_CRAB_PINK",
      "PARTY_HAT_CRAB_ORANGE",
      "PARTY_HAT_CRAB_LIME",
      "PARTY_HAT_CRAB_GREEN",
      "PARTY_HAT_CRAB_BLACK",
      "PARTY_HAT_CRAB_YELLOW",
      "PARTY_HAT_CRAB_BLACK_ANIMATED",
      "PARTY_HAT_CRAB_LIME_ANIMATED",
      "PARTY_HAT_CRAB_ORANGE_ANIMATED",
      "PARTY_HAT_CRAB_PINK_ANIMATED",
      "PARTY_HAT_CRAB_PURPLE_ANIMATED",
      "PARTY_HAT_CRAB_RED_ANIMATED",
      "PARTY_HAT_CRAB_YELLOW_ANIMATED",
      "PARTY_HAT_CRAB_AQUA_ANIMATED",
      "PARTY_HAT_SLOTH"
    ],
    "PARTY_HAT_CRAB_LIME_ANIMATED": [
      "PARTY_HAT_CRAB_RED",
      "PARTY_HAT_CRAB_PURPLE",
      "PARTY_HAT_CRAB_PINK",
      "PARTY_HAT_CRAB_ORANGE",
      "PARTY_HAT_CRAB_LIME",
      "PARTY_HAT_CRAB_GREEN",
      "PARTY_HAT_CRAB_BLACK",
      "PARTY_HAT_CRAB_YELLOW",
      "PARTY_HAT_CRAB_BLACK_ANIMATED",
      "PARTY_HAT_CRAB_GREEN_ANIMATED",
      "PARTY_HAT_CRAB_ORANGE_ANIMATED",
      "PARTY_HAT_CRAB_PINK_ANIMATED",
      "PARTY_HAT_CRAB_PURPLE_ANIMATED",
      "PARTY_HAT_CRAB_RED_ANIMATED",
      "PARTY_HAT_CRAB_YELLOW_ANIMATED",
      "PARTY_HAT_CRAB_AQUA_ANIMATED",
      "PARTY_HAT_SLOTH"
    ],
    "PARTY_HAT_CRAB_ORANGE_ANIMATED": [
      "PARTY_HAT_CRAB_RED",
      "PARTY_HAT_CRAB_PURPLE",
      "PARTY_HAT_CRAB_PINK",
      "PARTY_HAT_CRAB_ORANGE",
      "PARTY_HAT_CRAB_LIME",
      "PARTY_HAT_CRAB_GREEN",
      "PARTY_HAT_CRAB_BLACK",
      "PARTY_HAT_CRAB_YELLOW",
      "PARTY_HAT_CRAB_BLACK_ANIMATED",
      "PARTY_HAT_CRAB_GREEN_ANIMATED",
      "PARTY_HAT_CRAB_LIME_ANIMATED",
      "PARTY_HAT_CRAB_PINK_ANIMATED",
      "PARTY_HAT_CRAB_PURPLE_ANIMATED",
      "PARTY_HAT_CRAB_RED_ANIMATED",
      "PARTY_HAT_CRAB_YELLOW_ANIMATED",
      "PARTY_HAT_CRAB_AQUA_ANIMATED",
      "PARTY_HAT_SLOTH"
    ],
    "PARTY_HAT_CRAB_PINK_ANIMATED": [
      "PARTY_HAT_CRAB_RED",
      "PARTY_HAT_CRAB_PURPLE",
      "PARTY_HAT_CRAB_PINK",
      "PARTY_HAT_CRAB_ORANGE",
      "PARTY_HAT_CRAB_LIME",
      "PARTY_HAT_CRAB_GREEN",
      "PARTY_HAT_CRAB_BLACK",
      "PARTY_HAT_CRAB_YELLOW",
      "PARTY_HAT_CRAB_BLACK_ANIMATED",
      "PARTY_HAT_CRAB_GREEN_ANIMATED",
      "PARTY_HAT_CRAB_LIME_ANIMATED",
      "PARTY_HAT_CRAB_ORANGE_ANIMATED",
      "PARTY_HAT_CRAB_PURPLE_ANIMATED",
      "PARTY_HAT_CRAB_RED_ANIMATED",
      "PARTY_HAT_CRAB_YELLOW_ANIMATED",
      "PARTY_HAT_CRAB_AQUA_ANIMATED",
      "PARTY_HAT_SLOTH"
    ],
    "PARTY_HAT_CRAB_PURPLE_ANIMATED": [
      "PARTY_HAT_CRAB_RED",
      "PARTY_HAT_CRAB_PURPLE",
      "PARTY_HAT_CRAB_PINK",
      "PARTY_HAT_CRAB_ORANGE",
      "PARTY_HAT_CRAB_LIME",
      "PARTY_HAT_CRAB_GREEN",
      "PARTY_HAT_CRAB_BLACK",
      "PARTY_HAT_CRAB_YELLOW",
      "PARTY_HAT_CRAB_BLACK_ANIMATED",
      "PARTY_HAT_CRAB_GREEN_ANIMATED",
      "PARTY_HAT_CRAB_LIME_ANIMATED",
      "PARTY_HAT_CRAB_ORANGE_ANIMATED",
      "PARTY_HAT_CRAB_PINK_ANIMATED",
      "PARTY_HAT_CRAB_RED_ANIMATED",
      "PARTY_HAT_CRAB_YELLOW_ANIMATED",
      "PARTY_HAT_CRAB_AQUA_ANIMATED",
      "PARTY_HAT_SLOTH"
    ],
    "PARTY_HAT_CRAB_RED_ANIMATED": [
      "PARTY_HAT_CRAB_RED",
      "PARTY_HAT_CRAB_PURPLE",
      "PARTY_HAT_CRAB_PINK",
      "PARTY_HAT_CRAB_ORANGE",
      "PARTY_HAT_CRAB_LIME",
      "PARTY_HAT_CRAB_GREEN",
      "PARTY_HAT_CRAB_BLACK",
      "PARTY_HAT_CRAB_YELLOW",
      "PARTY_HAT_CRAB_BLACK_ANIMATED",
      "PARTY_HAT_CRAB_GREEN_ANIMATED",
      "PARTY_HAT_CRAB_LIME_ANIMATED",
      "PARTY_HAT_CRAB_ORANGE_ANIMATED",
      "PARTY_HAT_CRAB_PINK_ANIMATED",
      "PARTY_HAT_CRAB_PURPLE_ANIMATED",
      "PARTY_HAT_CRAB_YELLOW_ANIMATED",
      "PARTY_HAT_CRAB_AQUA_ANIMATED",
      "PARTY_HAT_SLOTH"
    ],
    "PARTY_HAT_CRAB_YELLOW_ANIMATED": [
      "PARTY_HAT_CRAB_RED",
      "PARTY_HAT_CRAB_PURPLE",
      "PARTY_HAT_CRAB_PINK",
      "PARTY_HAT_CRAB_ORANGE",
      "PARTY_HAT_CRAB_LIME",
      "PARTY_HAT_CRAB_GREEN",
      "PARTY_HAT_CRAB_BLACK",
      "PARTY_HAT_CRAB_YELLOW",
      "PARTY_HAT_CRAB_BLACK_ANIMATED",
      "PARTY_HAT_CRAB_GREEN_ANIMATED",
      "PARTY_HAT_CRAB_LIME_ANIMATED",
      "PARTY_HAT_CRAB_ORANGE_ANIMATED",
      "PARTY_HAT_CRAB_PINK_ANIMATED",
      "PARTY_HAT_CRAB_PURPLE_ANIMATED",
      "PARTY_HAT_CRAB_RED_ANIMATED",
      "PARTY_HAT_CRAB_AQUA_ANIMATED",
      "PARTY_HAT_SLOTH"
    ],
    "BURSTSTOPPER_TALISMAN": [
      "BURSTSTOPPER_ARTIFACT"
    ],
    "GREAT_SPOOK_TALISMAN": [
      "GREAT_SPOOK_RING",
      "GREAT_SPOOK_ARTIFACT"
    ],
    "GREAT_SPOOK_RING": [
      "GREAT_SPOOK_ARTIFACT"
    ],
    "DRACONIC_TALISMAN": [
      "DRACONIC_RING",
      "DRACONIC_ARTIFACT"
    ],
    "DRACONIC_RING": [
      "DRACONIC_ARTIFACT"
    ],
    "BURNING_KUUDRA_CORE": [
      "FIERY_KUUDRA_CORE",
      "INFERNAL_KUUDRA_CORE"
    ],
    "FIERY_KUUDRA_CORE": [
      "INFERNAL_KUUDRA_CORE"
    ],
    "VACCINE_TALISMAN": [
      "VACCINE_RING",
      "VACCINE_ARTIFACT"
    ],
    "VACCINE_RING": [
      "VACCINE_ARTIFACT"
    ],
    "GLACIAL_TALISMAN": [
      "GLACIAL_RING",
      "GLACIAL_ARTIFACT"
    ],
    "GLACIAL_RING": [
      "GLACIAL_ARTIFACT"
    ],
    "WHITE_GIFT_TALISMAN": [
      "GREEN_GIFT_TALISMAN",
      "BLUE_GIFT_TALISMAN",
      "PURPLE_GIFT_TALISMAN",
      "GOLD_GIFT_TALISMAN"
    ],
    "GREEN_GIFT_TALISMAN": [
      "BLUE_GIFT_TALISMAN",
      "PURPLE_GIFT_TALISMAN",
      "GOLD_GIFT_TALISMAN"
    ],
    "BLUE_GIFT_TALISMAN": [
      "PURPLE_GIFT_TALISMAN",
      "GOLD_GIFT_TALISMAN"
    ],
    "PURPLE_GIFT_TALISMAN": [
      "GOLD_GIFT_TALISMAN"
    ],
    "KUUDRA_FOLLOWER_ARTIFACT": [
      "KUUDRA_FOLLOWER_RELIC"
    ],
    "CROPIE_TALISMAN": [
      "SQUASH_RING",
      "FERMENTO_ARTIFACT"
    ],
    "SQUASH_RING": [
      "FERMENTO_ARTIFACT"
    ],
    "DANTE_TALISMAN": [
      "DANTE_RING"
    ],
    "DANTE_RING": [
      "DANTE_TALISMAN"
    ],
    "PARTY_HAT_SLOTH": [
      "PARTY_HAT_CRAB_RED",
      "PARTY_HAT_CRAB_PURPLE",
      "PARTY_HAT_CRAB_PINK",
      "PARTY_HAT_CRAB_ORANGE",
      "PARTY_HAT_CRAB_LIME",
      "PARTY_HAT_CRAB_GREEN",
      "PARTY_HAT_CRAB_BLACK",
      "PARTY_HAT_CRAB_YELLOW",
      "PARTY_HAT_CRAB_BLACK_ANIMATED",
      "PARTY_HAT_CRAB_GREEN_ANIMATED",
      "PARTY_HAT_CRAB_LIME_ANIMATED",
      "PARTY_HAT_CRAB_ORANGE_ANIMATED",
      "PARTY_HAT_CRAB_PINK_ANIMATED",
      "PARTY_HAT_CRAB_PURPLE_ANIMATED",
      "PARTY_HAT_CRAB_RED_ANIMATED",
      "PARTY_HAT_CRAB_AQUA_ANIMATED",
      "PARTY_HAT_CRAB_YELLOW_ANIMATED"
    ],
    "BLOOD_DONOR_TALISMAN": [
      "BLOOD_DONOR_RING",
      "BLOOD_DONOR_ARTIFACT"
    ],
    "BLOOD_DONOR_RING": [
      "BLOOD_DONOR_ARTIFACT"
    ],
    "LUSH_TALISMAN": [
      "LUSH_RING",
      "LUSH_ARTIFACT"
    ],
    "LUSH_RING": [
      "LUSH_ARTIFACT"
    ],
    "AGARIMOO_TALISMAN": [
      "AGARIMOO_RING",
      "AGARIMOO_ARTIFACT"
    ],
    "AGARIMOO_RING": [
      "AGARIMOO_ARTIFACT"
    ]
  },
  "special_bois": [
    "503450fc72c24e87824394e264977437",
    "41c4be4ac82c4c02aed3a63ba2cf9dda",
    "d0e05de76067454dbeaec6d19d886191",
    "6625863ce58a406d9e5fffc1b3a80a27",
    "4667f660ac284390b8f2f9be39c8e0b0",
    "cfdbc3e5051148faae4318a5ca514ab7",
    "2c3f5fc730c14821ae5c2e3f07868b1a",
    "689ff4bbf61e4e0594e01066892b0bbe",
    "a5761ff3c7104cabb4f43e7f017a8dbf",
    "f94771a6e4c4457495e7aa821c370e3d",
    "fe558f53ad324290aeeac91f3d37a681",
    "baa6c0a7c3494f7d9257c92dd886b890",
    "783f560bff974363b5cfd61c496ba278",
    "d82f5572054f4b7cb3d73e614098bbcb",
    "e40ba3dfb5254b488649969d6d22ab1c",
    "62b17c445d774a669cf6a9032005ae23",
    "daf2a9b923264cc2b1a9d49194886c70",
    "fdd2f6547ad141bc9d8223fff41a40cc",
    "38184ab9506a42e69ecf65d5bc006f86",
    "cbb1541bfc8d4a5cabe23b789fb1a87f",
    "981a6ac7ff0348049b6e23ae2c148295",
    "bcb119a360004324bda1744f00c44b31",
    "308a597a626349b38a877d024241b283",
    "280f4152df6e43e989f42578533a4529",
    "84e29dcbaf4d4df3a6bbea723c47b08f",
    "5ab07ecc5e8949838140435d9d6da216",
    "d73ef7a2e17442ac939aa8a845646df9",
    "71eb88e6bbb840e5a4fc9b6baf76e0fb",
    "53924f1a87e647098e53f1c7d13dc239",
    "a17ef7a624b84be5b2c755b99d223dcb",
    "8a9f184148e948edb14f76a124e6c9df",
    "e9de16a0939b4192b9713296946c1284",
    "9d12ace149d844a085723b9a983a4f58",
    "738b87f0b5d84f339411f7f44f365cb7",
    "d2e89fadaaed4585a47f398dd25e5ebc",
    "8b09b17d9fd94c6385429a065147326d",
    "6d1f303d2b954844927270baa0746b05",
    "6a040159d71841129271ce291b226587",
    "6a24734e7d9f4abfbf9ec56bf5428f1b",
    "521362fbf5fb4b9e8c4874d11336eeeb",
    "df5e1701809c48be9b0def50b83b009e",
    "4ecafb59691242cfb407e1a082ef616f",
    "d1dfbbcb66ee40b38c659141badb5fbd",
    "ca7c8e9b93094c82b15a3c51e8eaeba6",
    "52b0ee1e40c94915903df3df88988e58",
    "ea805d40e8284d8d8e64e9fc8ac301ca",
    "d4393ba96ff64f6bae508be3ab7e1f01",
    "dc8c39647b294e03ae9ed13ebd65dd29",
    "92e9cf034cc24707bec94e8a50b49f51",
    "553223191a7a45b8a714a84a544c7585",
    "12e2e27c20e14b6c993b571961f2595b",
    "a7cb7319ac7547f0802116f38dc5ca85",
    "e686fe0aab804a71ac7011dc8c2b534c",
    "fb62446fa9f142d1aa99e6722c624623",
    "9a2c1f42717e4f5ab054fd5aff73979b",
    "f6da848bf1904f6d9045a7bb51e56d42",
    "168300e64e744a6d89a07b7cf8ad6a7d",
    "9d8c370647864b71881cc825b60280e8",
    "7145988e904c4babbee1d4235aa9d8b5",
    "22af1ea6f6dc4b13af2b32cc02f62019",
    "24a9edf06fc44432bb43617a98491cce",
    "669072ccd0804493ac061bf4cf20d5a8",
    "8259ca8a1c8c4a28b1e5678d9fd56e69",
    "4009f07032504886b50d0a6d690b4808",
    "a44f5df190134f969f210f6399c8c5c7",
    "54ce173e4ba74fdab08c14c8f88200d1",
    "ee541c71b14b46a1a259cf84b80a9b6e",
    "4154a5602654493094d3497d2ad6849f",
    "d849307394b848fc9247c70b48e63872",
    "77c50c3f141945dda16b2d20cfdfc287",
    "d4f935d447a949fab79e94b639e95c43",
    "063f9bdf047b47ef85b6533ff1dfd69b",
    "cb794a4b9d7840689f6fff3e38a9029b",
    "ec6249a96ca04107969d8d3523bb6474",
    "08ad1f9485d64d16b6afe706bbc7ca3f",
    "16bfa19d62a44083801529911e3a9c09",
    "854fc11edfac4ef6b4c1abe2d7bcbc6b",
    "5ac46fc460a946138821cfd7318d89f3",
    "c707c6e66d924261b978b820e86c289c",
    "ad371f407c8144c0bea559fdf019384f",
    "f50e5d5cca524c2ebc9d040acefa7c5a",
    "f2e5c25893a346b693bc2a4b56c91210",
    "b6b68a1b808f4a66aeafea00e0324fad",
    "631b7dcc29c14766881cc0175b0c8cd3",
    "e727a09f4b714448a90369e558464cb3",
    "e0f5594f028441b996a2d473ec87fe32",
    "656ea8fb18804d7299cf5a190ee7e0f2",
    "0d1c41cd8d4b4fe98214ed77c3254489",
    "51e50c0ae0b84c7a9334ec9df5f8bb43",
    "b98f4247e6614787a11c288eb21f098a",
    "2afa5d17d62f45e189d5d711fd0c57c7",
    "16ffd751c9d34781854f6960c26e6bf6",
    "f47e4552e184437ba544676ecbdd18fa",
    "fe3ead1167ff4e118f3b4c6810d643b9",
    "5312cb4c79674f28a3004e979b6560da",
    "40ef5fcb47f8451ba64c1b7cd4c54e08",
    "80e3b7080df74d918f84d43f438a3e81",
    "0954bdd8655743b1ad49ccc0a235af9c",
    "42ded09ba554409594604d1be6e635da",
    "96f67968b528438f801f5c7036f6ba56",
    "86ee42ae9fe846f9aad34abb6225308e",
    "cb022c43431648f99d65d485c2f655bf",
    "c44ddfef16f544cbaaabb9ce610e4242",
    "6b50d5079be24b09b8bea6bb77a29bc7",
    "044903b7a9d3416d957f929557af6c88",
    "a049a5384dd843f887d503f09d48b4dc",
    "781fa5776ab64a60a93c788ce5284a91",
    "c346498734274398a5d594614515a6b2",
    "f51f722efec648b0a358785a0bbcaa36",
    "61d6fcac9885435bae627f8f4e2910fe",
    "dd3384c0775b4c918c59dc291f9902af",
    "3d2be6a62eec40f491ea1bfa994d43b7",
    "ee2116d21a8446859baf80cc0a2c323c",
    "74f1afbded9b4d81a7bb2b4d7474bf4d",
    "55d25d86af7f4d969cae21ac8a685d67",
    "4f5d9cf8858f44e8865a41d402c022b9",
    "5d5c548a790c4fc8bd8fd25b04857f44",
    "2b1511740c7b4e2aa2887d635f3548c7",
    "eefc6e87742a441b82259ba11f258e1f",
    "eaafe8cdc0d543348a997042370d5d0b",
    "89b0f78e49fa47cf977412f115ba4896",
    "9ec7106bd53a4273b9a5a579c8d058f5",
    "4acd0cbb0e24472780521f91afa11833",
    "854520232b4a4776ade3d7472983cac7",
    "ac21dc81f802425c99a90b0269049ed8",
    "5ef29605466f4de1969ba136a8605882",
    "ff507b670e974b1ab31721a7cfbf9055",
    "ccc738d53cd7492ca95a41e3949c1fcc",
    "fd7f618e9c6c48d18dab1dea720d9f2b",
    "2d83918bd71f4ea4bf058b85e081904f",
    "2ae162f281a74f91a4b2104e78a0a7e1",
    "a27058b65fba4820b9ab9fd4f5a583c9",
    "d56546049c924d6bb8f8da7c3e7d4b1a",
    "f215622c85de4ccf9e54fe3e0850c411",
    "61dc679bc92247b3b1856c0f6b685a36",
    "644f964396634eaead1821e40394d3e9",
    "5d8f919262cb4e169beef7bb7134adf6",
    "37946fa0b0754bd8ac17bd3062bfed54",
    "9fc0b880f34a4595948d1d391a636686",
    "bd99e9499b444677a3e89d6dfdd1d73d",
    "706d91a23e044ee7b4ba34c71eed44ea",
    "b487c3ac32ca4eb091715eddb89acb17",
    "00607dcb09f04fde93de51916eb0b28b",
    "35a03114cd0d48899bceddb3d894d1cf",
    "736f968dacca41609dda76847af915a9",
    "4960a90102f64686b9dd0214acd110ba",
    "a255234d4856474b9022270d617ea29f",
    "53caa0f5f549489688d03d52f9554443",
    "ded99d5c3d1e4c8bad89540db289637a",
    "449bd051f38342e2895489cd1ebcea61",
    "0885939689144757af76ddd456cdba11",
    "c9385237ccc74843b2c6c19385bce60a",
    "0ce87d5afa5f4619ae78872d9c5e07fe",
    "e5243eacb754439c8096d8e1cb77e51e",
    "0e9360bac3c14a0eafd6cb2f5d9569b7",
    "a6837f1678e84182bc098d61829a0b03",
    "a1732122e22e4edf883c09673eb55de8",
    "9bbf633a599d4772b773dfaa84e0e7d9",
    "7be31e12d7714d1f8bd03c4897308e60",
    "78d2a625e8234560a2625e5bac8d4ac6",
    "541e2c0fab284fcf8e1ef49ea2cadc90",
    "2e8569c8363b4ec9bb53d20d143b3348",
    "db4fe32a80da495f99b5f7c811426f24",
    "85ae378afb154912808be94203c1872a",
    "96f4ccf01c624609a6a77e7795c643c3",
    "667c2b344f0b4c909bca82db9ed48677",
    "89db70e2d3f64b21a3e7622d27596fd7",
    "272f186ad7764d3d99126f4527ef4211",
    "4b87c27688ff46e880f19e1204be7c3e",
    "f20def955521484ebf30e83dd5cc4670",
    "5cda864898c34f1a8f108239b7f1f6cc",
    "774b6df633484a9bb13183b3314ff1b5",
    "00fd0f5c28674304915d2c93586c77cb",
    "79ab0f237ab74b918c91ed627ff9255b",
    "34c3d4d9e9af457c99d4e80fd13ebc7e"
  ],
  "ranks": {
    "OWNER": {
      "color": "c",
      "tag": "OWNER"
    },
    "ADMIN": {
      "color": "c",
      "tag": "ADMIN"
    },
    "BUILD TEAM": {
      "color": "3",
      "tag": "BUILD TEAM"
    },
    "MODERATOR": {
      "color": "2",
      "tag": "MOD"
    },
    "GAME_MASTER": {
      "color": "2",
      "tag": "GM"
    },
    "HELPER": {
      "color": "9",
      "tag": "HELPER"
    },
    "JR HELPER": {
      "color": "9",
      "tag": "JR HELPER"
    },
    "YOUTUBER": {
      "color": "c",
      "tag": "YOUTUBE",
      "tagColor": "f"
    },
    "SUPERSTAR": {
      "color": "6",
      "tag": "MVP",
      "plus": "++"
    },
    "MVP_PLUS": {
      "color": "b",
      "tag": "MVP",
      "plus": "+"
    },
    "MVP": {
      "color": "b",
      "tag": "MVP"
    },
    "VIP_PLUS": {
      "color": "a",
      "tag": "VIP",
      "plus": "+"
    },
    "VIP": {
      "color": "a",
      "tag": "VIP"
    },
    "PIG+++": {
      "color": "d",
      "tag": "PIG",
      "plus": "+++"
    }
  },
  "minions": {
    "ACACIA_GENERATOR": 11,
    "BIRCH_GENERATOR": 11,
    "BLAZE_GENERATOR": 12,
    "CACTUS_GENERATOR": 12,
    "CARROT_GENERATOR": 12,
    "CAVESPIDER_GENERATOR": 11,
    "CHICKEN_GENERATOR": 12,
    "CLAY_GENERATOR": 11,
    "COAL_GENERATOR": 12,
    "COBBLESTONE_GENERATOR": 12,
    "COCOA_GENERATOR": 12,
    "COW_GENERATOR": 12,
    "CREEPER_GENERATOR": 11,
    "DARK_OAK_GENERATOR": 11,
    "DIAMOND_GENERATOR": 12,
    "EMERALD_GENERATOR": 12,
    "ENDER_STONE_GENERATOR": 11,
    "ENDERMAN_GENERATOR": 11,
    "FISHING_GENERATOR": 11,
    "FLOWER_GENERATOR": 12,
    "GHAST_GENERATOR": 12,
    "GLOWSTONE_GENERATOR": 12,
    "GOLD_GENERATOR": 12,
    "GRAVEL_GENERATOR": 11,
    "ICE_GENERATOR": 12,
    "IRON_GENERATOR": 12,
    "JUNGLE_GENERATOR": 11,
    "LAPIS_GENERATOR": 12,
    "MAGMA_CUBE_GENERATOR": 12,
    "MELON_GENERATOR": 12,
    "MITHRIL_GENERATOR": 12,
    "MUSHROOM_GENERATOR": 12,
    "NETHER_WARTS_GENERATOR": 12,
    "OAK_GENERATOR": 11,
    "OBSIDIAN_GENERATOR": 12,
    "PIG_GENERATOR": 12,
    "POTATO_GENERATOR": 12,
    "PUMPKIN_GENERATOR": 12,
    "QUARTZ_GENERATOR": 12,
    "RABBIT_GENERATOR": 12,
    "REDSTONE_GENERATOR": 12,
    "REVENANT_GENERATOR": 12,
    "SAND_GENERATOR": 11,
    "SHEEP_GENERATOR": 12,
    "SKELETON_GENERATOR": 11,
    "SLIME_GENERATOR": 11,
    "SNOW_GENERATOR": 12,
    "SPIDER_GENERATOR": 11,
    "SPRUCE_GENERATOR": 11,
    "SUGAR_CANE_GENERATOR": 12,
    "TARANTULA_GENERATOR": 11,
    "VOIDLING_GENERATOR": 11,
    "WHEAT_GENERATOR": 12,
    "ZOMBIE_GENERATOR": 11,
    "HARD_STONE_GENERATOR": 12,
    "RED_SAND_GENERATOR": 12,
    "MYCELIUM_GENERATOR": 12,
    "INFERNO_GENERATOR": 11,
    "VAMPIRE_GENERATOR": 11
  },
  "credits": {
    "itemid": "writable_book",
    "internalname": "CREDITS",
    "displayname": "§9Credits",
    "lore": [
      "§a§lContributors:",
      "§f - §aMoulberry§7: Main Developer",
      "§f - §aThatGravyBoat§7: Feature Contributor",
      "§f - §aIRONM00N§7: Item-repo & Feature Contributor",
      "§f - §ajani270§7: Item-repo Contributor",
      "§f - §aNullzee§7: Moral Support",
      "§f - §aDoKM§7: Feature Contributor",
      "§f - §aDeDiamondPro§7: Item-repo & Feature Contributor",
      "§f - §anopo§7: Feature Contributor",
      "§f - §aLulonaut§7: Feature Contributor",
      "§f - §aCraftyOldMiner§7: Feature Contributor",
      "§f - §aCarelessHippo§7: Feature Contributor",
      "§f - §aMisterCheezeCake§7: Item-repo Contributor",
      "§f - §aMotorGorilla1§7: Asset Contributor",
      "§f - §aSwedengamer100§7: Item-repo Contributor",
      "§f - §alucy§7: Item-repo Contributor",
      "§f - §aTymanWasTaken§7: Item-repo Contributor",
      "§f - §aapotato321§7: Item-repo Contributor",
      "§f - §aSome1sm§7: Item-repo Contributor",
      "§f - §aErymanthus§7: Asset Contributor",
      "§f - §anea89§7: Feature Contributor",
      "§f - §aefefury§7: Feature Contributor",
      "§f - §ahannibal2§7: Feature Contributor",
      "§f - §aAscynx§7: Feature Contributor",
      "§f - §aCrypticPlasma§7: Feature Contributor",
      "§f - §aCobble8§7: Feature Contributor",
      "§f - §awhalker§7: Feature Contributor",
      "§f - §aVixid1§7: Feature Contributor",
      "",
      "§b§lDiscord Staff:",
      "§f - §bIRONM00N#0001§7: §cAdmin",
      "§f - §bThatGravyBoat#0001§7: §cAdmin",
      "§f - §bnopo#6969§7: §cAdmin",
      "§f - §bjani270#0119§7: §cAdmin",
      "§f - §bMadeline#6969§7: §2Sr. Moderator",
      "§f - §bTyman#5998§7: §2Sr. Moderator",
      "§f - §bapotato#1965§7: §2Moderator",
      "§f - §bBestower#6073§7: §2Moderator",
      "§f - §bHasnu#4411§7: §2Moderator",
      "§f - §bgeorge.#0550: §2Moderator",
      "§f - §bDoKM#7224: §2Moderator",
      "§f - §bLulonaut#3350: §2Moderator",
      "§f - §bMisterCheezeCake#1662: §aHelper"
    ]
  },
  "cosmeticsinfo": {
    "lore": [
      "§6Moulberry has reopened his Patreon only to be able to cover the NEU server costs.",
      "§c§lHe is not offering capes/other cosmetics if you pledge.",
      "§7If you still wish to support him §c§lwith no reward§r§7 his §6§lPatreon§r§7 is:",
      "§7https://www.patreon.com/moulberry",
      "§7And his §5§lDiscord§r§7 server is:",
      "§7https://discord.gg/moulberry"
    ]
  },
  "featureslist": "https://gist.github.com/jani270/d33e249d40b0333b87ba5c5e70fca398",
  "minionXp": {
    "1": 1,
    "2": 1,
    "3": 1,
    "4": 1,
    "5": 1,
    "6": 1,
    "7": 2,
    "8": 3,
    "9": 4,
    "10": 6,
    "11": 12,
    "12": 24
  }
}