{
  "catacombs": {
    "F1": {
      "BONZO_STAFF": 30600,
      "ULTIMATE_JERRY;1": 30600,
      "FUMING_POTATO_BOOK": 15300,
      "ULTIMATE_BANK;1": 15300,
      "RECOMBOBULATOR_3000": 10200,
      "BONZO_MASK": 10200,
      "RED_NOSE": 10200,
      "HOT_POTATO_BOOK": 6120,
      "INFINITE_QUIVER;6": 3825,
      "FEATHER_FALLING;6": 3825,
      "NECROMANCER_BROOCH": 3060,
      "ULTIMATE_COMBO;1": 2040,
      "ULTIMATE_NO_PAIN_NO_GAIN;1": 2040,
      "REJUVENATE;1": 1224
    },
    "F2": {
      "RED_SCARF": 18000,
      "RECOMBOBULATOR_3000": 9000,
      "STONE_BLADE": 9000,
      "ULTIMATE_BANK;1": 9000,
      "FUMING_POTATO_BOOK": 6000,
      "SCARF_STUDIES": 4500,
      "HOT_POTATO_BOOK": 3600,
      "ULTIMATE_COMBO;1": 3600,
      "ULTIMATE_NO_PAIN_NO_GAIN;1": 3600,
      "NECROMANCER_BROOCH": 3600,
      "ULTIMATE_WISE;1": 1800,
      "REJUVENATE;1": 1200
    },
    "F3": {
      "ADAPTIVE_CHESTPLATE": 26100,
      "ADAPTIVE_LEGGINGS": 26100,
      "ULTIMATE_JERRY;2": 26100,
      "ADAPTIVE_HELMET": 13050,
      "ADAPTIVE_BOOTS": 13050,
      "FUMING_POTATO_BOOK": 8700,
      "RECOMBOBULATOR_3000": 6525,
      "NECROMANCER_BROOCH": 6525,
      "HOT_POTATO_BOOK": 5220,
      "SUSPICIOUS_VIAL": 5220,
      "ULTIMATE_COMBO;1": 5220,
      "ULTIMATE_NO_PAIN_NO_GAIN;1": 5220,
      "ULTIMATE_WISE;1": 3262,
      "ULTIMATE_BANK;2": 3262,
      "ULTIMATE_WISDOM;1": 3262,
      "ULTIMATE_LAST_STAND;1": 2175,
      "REJUVENATE;2": 2175
    },
    "F4": {
      "SPIRIT_SWORD": 24899,
      "ITEM_SPIRIT_BOW": 24899,
      "THORNS_BOOTS": 24899,
      "SPIRIT;4": 24899,
      "ULTIMATE_JERRY;2": 24899,
      "SPIRIT_WING": 12449,
      "SPIRIT_BONE": 12449,
      "SPIRIT_DECOY": 12449,
      "ULTIMATE_REND;2": 12449,
      "RECOMBOBULATOR_3000": 8300,
      "FUMING_POTATO_BOOK": 8300,
      "HOT_POTATO_BOOK": 4979,
      "ULTIMATE_COMBO;1": 4979,
      "ULTIMATE_NO_PAIN_NO_GAIN;1": 4979,
      "ULTIMATE_WISE;1": 3112,
      "ULTIMATE_BANK;2": 3112,
      "ULTIMATE_WISDOM;1": 3112,
      "ULTIMATE_LAST_STAND;1": 2075,
      "REJUVENATE;2": 2075
    },
    "F5": {
      "SHADOW_FURY": 103800,
      "LAST_BREATH": 103800,
      "SHADOW_ASSASSIN_CHESTPLATE": 51900,
      "AOTE_STONE": 51900,
      "LIVID_DAGGER": 25950,
      "ULTIMATE_JERRY;3": 25950,
      "SHADOW_ASSASSIN_LEGGINGS": 20760,
      "RECOMBOBULATOR_3000": 17300,
      "SHADOW_ASSASSIN_HELMET": 10380,
      "SHADOW_ASSASSIN_BOOTS": 6920,
      "FUMING_POTATO_BOOK": 5190,
      "OVERLOAD;1": 5190,
      "ULTIMATE_LEGION;1": 5190,
      "LETHALITY;6": 5190,
      "ULTIMATE_COMBO;2": 5190,
      "ULTIMATE_NO_PAIN_NO_GAIN;2": 5190,
      "ULTIMATE_BANK;3": 5190,
      "ULTIMATE_WISDOM;2": 4152,
      "ULTIMATE_WISE;2": 2595,
      "REJUVENATE;3": 2306,
      "ULTIMATE_LAST_STAND;2": 2306
    },
    "F6": {
      "PRECURSOR_EYE": 415350,
      "GIANTS_SWORD": 276900,
      "NECROMANCER_LORD_CHESTPLATE": 103837,
      "SUMMONING_RING": 83070,
      "NECROMANCER_SWORD": 41535,
      "NECROMANCER_LORD_LEGGINGS": 27690,
      "NECROMANCER_LORD_HELMET": 20767,
      "SADAN_BROOCH": 20767,
      "ULTIMATE_JERRY;3": 20767,
      "GIANT_TOOTH": 16614,
      "NECROMANCER_LORD_BOOTS": 13845,
      "RECOMBOBULATOR_3000": 8307,
      "GOLEM_POPPY": 5538,
      "ULTIMATE_SWARM;1": 5538,
      "ULTIMATE_NO_PAIN_NO_GAIN;2": 4746,
      "ULTIMATE_BANK;3": 4746,
      "FUMING_POTATO_BOOK": 4153,
      "ULTIMATE_COMBO;2": 4153,
      "ULTIMATE_WISDOM;2": 3692,
      "ULTIMATE_WISE;2": 2517,
      "REJUVENATE;3": 2186,
      "ULTIMATE_LAST_STAND;2": 2186
    },
    "F7": {
      "STORM_THE_FISH": 411180,
      "MAXOR_THE_FISH": 411180,
      "GOLDOR_THE_FISH": 411180,
      "NECRON_HANDLE": 274119,
      "SHADOW_WARP_SCROLL": 205590,
      "WITHER_SHIELD_SCROLL": 205590,
      "IMPLOSION_SCROLL": 205590,
      "AUTO_RECOMBOBULATOR": 51397,
      "WITHER_CHESTPLATE": 51397,
      "ULTIMATE_ONE_FOR_ALL;1": 51397,
      "WITHER_LEGGINGS": 12849,
      "FEATHER_FALLING;7": 12849,
      "RECOMBOBULATOR_3000": 10279,
      "FUMING_POTATO_BOOK": 10279,
      "WITHER_CATALYST": 10279,
      "ULTIMATE_NO_PAIN_NO_GAIN;2": 10279,
      "WITHER_CLOAK": 8566,
      "WITHER_HELMET": 8566,
      "WITHER_BLOOD": 8566,
      "WITHER_BOOTS": 8566,
      "ULTIMATE_BANK;3": 8223,
      "ULTIMATE_WISDOM;2": 8223,
      "ULTIMATE_JERRY;3": 6853,
      "ULTIMATE_SOUL_EATER;1": 5139,
      "HOT_POTATO_BOOK": 5139,
      "ULTIMATE_WISE;2": 5139,
      "ULTIMATE_COMBO;2": 4111,
      "REJUVENATE;3": 4111,
      "ULTIMATE_LAST_STAND;2": 4111,
      "INFINITE_QUIVER;7": 4111,
      "PRECURSOR_GEAR": 3426
    },
    "M1": {
      "BONZO_STAFF": 24600,
      "ULTIMATE_JERRY;1": 24600,
      "FUMING_POTATO_BOOK": 12300,
      "ULTIMATE_BANK;1": 12300,
      "MASTER_SKULL_TIER_1": 8200,
      "BONZO_MASK": 8200,
      "RED_NOSE": 8200,
      "RECOMBOBULATOR_3000": 6150,
      "HOT_POTATO_BOOK": 4920,
      "INFINITE_QUIVER;6": 4100,
      "FEATHER_FALLING;6": 4100,
      "ULTIMATE_COMBO;1": 2460,
      "ULTIMATE_NO_PAIN_NO_GAIN;1": 2460,
      "NECROMANCER_BROOCH": 2460,
      "REJUVENATE;1": 1640
    },
    "M2": {
      "RED_SCARF": 17700,
      "STONE_BLADE": 8850,
      "ULTIMATE_BANK;1": 8850,
      "RECOMBOBULATOR_3000": 5899,
      "MASTER_SKULL_TIER_2": 5899,
      "FUMING_POTATO_BOOK": 5899,
      "SCARF_STUDIES": 4425,
      "HOT_POTATO_BOOK": 3540,
      "ULTIMATE_COMBO;1": 3540,
      "ULTIMATE_NO_PAIN_NO_GAIN;1": 3540,
      "NECROMANCER_BROOCH": 3540,
      "ULTIMATE_WISE;1": 1770,
      "REJUVENATE;1": 1770
    },
    "M3": {
      "ADAPTIVE_CHESTPLATE": 23700,
      "ADAPTIVE_LEGGINGS": 23700,
      "ULTIMATE_JERRY;2": 23700,
      "FIRST_MASTER_STAR": 11850,
      "ADAPTIVE_HELMET": 11850,
      "ADAPTIVE_BOOTS": 11850,
      "FUMING_POTATO_BOOK": 7900,
      "RECOMBOBULATOR_3000": 5925,
      "MASTER_SKULL_TIER_3": 5925,
      "NECROMANCER_BROOCH": 5925,
      "HOT_POTATO_BOOK": 4740,
      "SUSPICIOUS_VIAL": 4740,
      "ULTIMATE_COMBO;1": 4740,
      "ULTIMATE_NO_PAIN_NO_GAIN;1": 4740,
      "ULTIMATE_WISE;1": 3950,
      "ULTIMATE_BANK;2": 3950,
      "ULTIMATE_WISDOM;1": 3950,
      "ULTIMATE_LAST_STAND;1": 2962,
      "REJUVENATE;2": 2962
    },
    "M4": {
      "SPIRIT_SWORD": 21900,
      "ITEM_SPIRIT_BOW": 21900,
      "THORNS_BOOTS": 21900,
      "SPIRIT;4": 21900,
      "ULTIMATE_JERRY;2": 21900,
      "SECOND_MASTER_STAR": 10950,
      "SPIRIT_WING": 10950,
      "SPIRIT_BONE": 10950,
      "SPIRIT_DECOY": 10950,
      "ULTIMATE_REND;2": 10950,
      "RECOMBOBULATOR_3000": 7300,
      "MASTER_SKULL_TIER_3": 7300,
      "FUMING_POTATO_BOOK": 7300,
      "ULTIMATE_NO_PAIN_NO_GAIN;1": 5475,
      "HOT_POTATO_BOOK": 4380,
      "ULTIMATE_COMBO;1": 4380,
      "ULTIMATE_WISE;1": 3650,
      "ULTIMATE_BANK;2": 3650,
      "ULTIMATE_WISDOM;1": 3650,
      "ULTIMATE_LAST_STAND;1": 2737,
      "REJUVENATE;2": 2737
    },
    "M5": {
      "SHADOW_FURY": 87000,
      "LAST_BREATH": 87000,
      "SHADOW_ASSASSIN_CHESTPLATE": 43500,
      "THIRD_MASTER_STAR": 43500,
      "AOTE_STONE": 43500,
      "LIVID_DAGGER": 21750,
      "ULTIMATE_JERRY;3": 21750,
      "SHADOW_ASSASSIN_LEGGINGS": 17400,
      "MASTER_SKULL_TIER_4": 17400,
      "RECOMBOBULATOR_3000": 14499,
      "SHADOW_ASSASSIN_HELMET": 8700,
      "ULTIMATE_BANK;3": 8700,
      "ULTIMATE_WISDOM;2": 7249,
      "SHADOW_ASSASSIN_BOOTS": 5800,
      "ULTIMATE_COMBO;2": 5800,
      "ULTIMATE_NO_PAIN_NO_GAIN;2": 5800,
      "FUMING_POTATO_BOOK": 4350,
      "OVERLOAD;1": 4350,
      "ULTIMATE_LEGION;1": 4350,
      "LETHALITY;6": 4350,
      "ULTIMATE_WISE;2": 2900,
      "REJUVENATE;3": 2485,
      "ULTIMATE_LAST_STAND;2": 2485
    },
    "M6": {
      "PRECURSOR_EYE": 421350,
      "GIANTS_SWORD": 280900,
      "NECROMANCER_LORD_CHESTPLATE": 105337,
      "FOURTH_MASTER_STAR": 84270,
      "SUMMONING_RING": 84270,
      "MASTER_SKULL_TIER_4": 84270,
      "NECROMANCER_SWORD": 42135,
      "NECROMANCER_LORD_LEGGINGS": 28089,
      "NECROMANCER_LORD_HELMET": 21067,
      "SADAN_BROOCH": 21067,
      "ULTIMATE_JERRY;3": 21067,
      "GIANT_TOOTH": 16854,
      "NECROMANCER_LORD_BOOTS": 14044,
      "RECOMBOBULATOR_3000": 7022,
      "GOLEM_POPPY": 5618,
      "ULTIMATE_SWARM;1": 5618,
      "ULTIMATE_NO_PAIN_NO_GAIN;2": 4815,
      "ULTIMATE_BANK;3": 4815,
      "FUMING_POTATO_BOOK": 4213,
      "ULTIMATE_COMBO;2": 4213,
      "ULTIMATE_WISDOM;2": 3745,
      "ULTIMATE_WISE;2": 2553,
      "REJUVENATE;3": 2217,
      "ULTIMATE_LAST_STAND;2": 2217
    },
    "M7": {
      "DYE_NECRON": 1389600,
      "STORM_THE_FISH": 833760,
      "MAXOR_THE_FISH": 833760,
      "GOLDOR_THE_FISH": 833760,
      "DARK_CLAYMORE": 416880,
      "NECRON_HANDLE": 231599,
      "THUNDERLORD;7": 208440,
      "MASTER_SKULL_TIER_5": 173700,
      "SHADOW_WARP_SCROLL": 166752,
      "WITHER_SHIELD_SCROLL": 166752,
      "IMPLOSION_SCROLL": 166752,
      "FIFTH_MASTER_STAR": 138960,
      "AUTO_RECOMBOBULATOR": 52110,
      "WITHER_CHESTPLATE": 52110,
      "ULTIMATE_ONE_FOR_ALL;1": 52110,
      "WITHER_LEGGINGS": 13027,
      "FEATHER_FALLING;7": 13027,
      "FUMING_POTATO_BOOK": 10422,
      "WITHER_CATALYST": 10422,
      "ULTIMATE_NO_PAIN_NO_GAIN;2": 10422,
      "WITHER_CLOAK": 8685,
      "WITHER_HELMET": 8685,
      "WITHER_BLOOD": 8685,
      "WITHER_BOOTS": 8685,
      "RECOMBOBULATOR_3000": 8337,
      "ULTIMATE_BANK;3": 8337,
      "ULTIMATE_WISDOM;2": 8337,
      "ULTIMATE_JERRY;3": 6948,
      "ULTIMATE_SOUL_EATER;1": 5211,
      "HOT_POTATO_BOOK": 5211,
      "ULTIMATE_WISE;2": 5211,
      "ULTIMATE_COMBO;2": 4168,
      "REJUVENATE;3": 4168,
      "ULTIMATE_LAST_STAND;2": 4168,
      "INFINITE_QUIVER;7": 4168,
      "PRECURSOR_GEAR": 3474
    }
  },
  "slayer": {
    "Revenant Horror": {
      "FOUL_FLESH": 3081,
      "ZOMBIE_SLAYER_RUNE;1": 7911,
      "UNDEAD_CATALYST": 24750,
      "SMITE;6": 61634,
      "BEHEADED_HORROR": 308175,
      "REVENANT_CATALYST": 49308,
      "SNAKE_RUNE;1": 329500,
      "REVENANT_VISCERA": 3631,
      "SCYTHE_BLADE": 484233,
      "SMITE;7": 1037642,
      "SHARD_OF_THE_SHREDDED": 907937,
      "WARDEN_HEART": 3631749
    },
    "Tarantula Broodfather": {
      "TOXIC_ARROW_POISON": 3277,
      "BITE_RUNE;1": 7716,
      "SPIDER_CATALYST": 24240,
      "BANE_OF_ARTHROPODS;6": 60110,
      "FLY_SWATTER": 300550,
      "TARANTULA_TALISMAN": 300550,
      "DIGESTED_MOSQUITO": 858714
    },
    "Sven Packmaster": {
      "HAMSTER_WHEEL": 3000,
      "SPIRIT_RUNE;1": 7857,
      "CRITICAL;6": 61135,
      "FURBALL": 60775,
      "RED_CLAW_EGG": 407566,
      "COUTURE_RUNE;1": 218166,
      "OVERFLUX_CAPACITOR": 1222700,
      "GRIZZLY_BAIT": 873357
    },
    "Voidgloom Seraph": {
      "TWILIGHT_ARROW_POISON": 3300,
      "ENDERSNAKE_RUNE;1": 9438,
      "SUMMONING_EYE": 74250,
      "MANA_STEAL;1": 11183,
      "TRANSMISSION_TUNER": 22366,
      "NULL_ATOM": 10120,
      "HAZMAT_ENDERMAN": 32202,
      "POCKET_ESPRESSO_MACHINE": 128809,
      "SMARTY_PANTS;1": 28338,
      "DRAGON_RUNE;1": 75505,
      "HANDY_BLOOD_CHALICE": 283380,
      "SINFUL_DICE": 108992,
      "EXCEEDINGLY_RARE_ENDER_ARTIFACT_UPGRADER": 1771125,
      "PET_SKIN_ENDERMAN_SLAYER": 302020,
      "ETHERWARP_MERGER": 118075,
      "JUDGEMENT_CORE": 885562,
      "ENCHANT_RUNE;1": 1078642,
      "ENDER_SLAYER;7": 3542250
    },
    "Inferno Demonlord": {
      "LAVATEARS_RUNE;1": 22471,
      "ARROW_BUNDLE_MAGMA": 5900,
      "MANA_DISINTEGRATOR": 12642,
      "SCORCHED_BOOKS": 22125,
      "KELVIN_INVERTER": 17700,
      "BLAZE_ROD_DISTILLATE": 9833,
      "GLOWSTONE_DUST_DISTILLATE": 9833,
      "MAGMA_CREAM_DISTILLATE": 9833,
      "NETHER_STALK_DISTILLATE": 9833,
      "CRUDE_GABAGOOL_DISTILLATE": 17700,
      "SCORCHED_POWER_CRYSTAL": 15416,
      "ARCHFIEND_DICE": 46250,
      "FIRE_ASPECT;3": 39368,
      "FIERY_BURST_RUNE;1": 252800,
      "FLAWED_OPAL_GEM": 17894,
      "ULTIMATE_REITERATE;1": 28119,
      "HIGH_CLASS_ARCHFIEND_DICE": 202239,
      "WILSON_ENGINEERING_PLANS": 578941,
      "SUBZERO_INVERTER": 578941,
      "POTION": 17700
    },
    "Riftstalker Bloodfiend": {
      "ENCHANTED_BOOK_BUNDLE_QUANTUM": 1687,
      "SOULTWIST_RUNE;1": 1912,
      "BUBBA_BLISTER": 2250,
      "CHOCOLATE_CHIP": 2250,
      "GUARDIAN_LUCKY_BLOCK": 3600,
      "MCGRUBBER_BURGER": 18450,
      "UNFANGED_VAMPIRE_PART": 18450,
      "ENCHANTED_BOOK_BUNDLE_THE_ONE": 12525
    }
  }
}