{
	"credit": "Made with Blockbench",
	"ambientocclusion": false,
	"textures": {
		"1": "block/lily_pad/flower_lilypad",
		"particle": "block/lily_pad/medium_lilypad",
		"texture": "block/lily_pad/medium_lilypad"
	},
	"elements": [
		{
			"from": [6, 0.25, 5],
			"to": [14, 0.25, 14],
			"shade": false,
			"rotation": {"angle": 0, "axis": "y", "origin": [-2, 0, -2]},
			"faces": {
				"north": {"uv": [0, 0, 8, 9], "texture": "#texture", "tintindex": 0},
				"east": {"uv": [0, 0, 8, 9], "texture": "#texture", "tintindex": 0},
				"south": {"uv": [0, 0, 8, 9], "texture": "#texture", "tintindex": 0},
				"west": {"uv": [0, 0, 8, 9], "texture": "#texture", "tintindex": 0},
				"up": {"uv": [0, 0, 8, 9], "texture": "#texture", "tintindex": 0},
				"down": {"uv": [0, 9, 8, 0], "texture": "#texture", "tintindex": 0}
			}
		},
		{
			"from": [8, 0.5, 8],
			"to": [9, 1, 9],
			"shade": false,
			"rotation": {"angle": 0, "axis": "y", "origin": [3, 0, 1]},
			"faces": {
				"north": {"uv": [2, 0, 4, 0.5], "texture": "#1"},
				"east": {"uv": [2, 0, 4, 0.5], "texture": "#1"},
				"south": {"uv": [2, 0, 4, 0.5], "texture": "#1"},
				"west": {"uv": [2, 0, 4, 0.5], "texture": "#1"},
				"up": {"uv": [2, 0, 4, 2], "texture": "#1"},
				"down": {"uv": [2, 0, 4, 2], "texture": "#1"}
			}
		},
		{
			"from": [6.22717, 0.61888, 7.5],
			"to": [8.22717, 0.61888, 9.5],
			"shade": false,
			"rotation": {"angle": -22.5, "axis": "z", "origin": [8.47717, 1.11888, 8.5]},
			"faces": {
				"north": {"uv": [0, 5, 3, 2], "texture": "#1"},
				"east": {"uv": [0, 5, 3, 2], "texture": "#1"},
				"south": {"uv": [0, 5, 3, 2], "texture": "#1"},
				"west": {"uv": [0, 5, 3, 2], "texture": "#1"},
				"up": {"uv": [0, 5, 3, 2], "texture": "#1"},
				"down": {"uv": [0, 5, 3, 2], "texture": "#1"}
			}
		},
		{
			"from": [8.97717, 1.11888, 7.5],
			"to": [10.97717, 1.11888, 9.5],
			"shade": false,
			"rotation": {"angle": 22.5, "axis": "z", "origin": [9.97717, 0.61888, 8.5]},
			"faces": {
				"north": {"uv": [3, 5, 6, 2], "texture": "#1"},
				"east": {"uv": [3, 5, 6, 2], "texture": "#1"},
				"south": {"uv": [3, 5, 6, 2], "texture": "#1"},
				"west": {"uv": [3, 5, 6, 2], "texture": "#1"},
				"up": {"uv": [3, 5, 6, 2], "texture": "#1"},
				"down": {"uv": [3, 5, 6, 2], "texture": "#1"}
			}
		},
		{
			"from": [7.47717, 1.06888, 9],
			"to": [9.47717, 1.06888, 11],
			"shade": false,
			"rotation": {"angle": -22.5, "axis": "x", "origin": [8.72717, 0.56888, 10]},
			"faces": {
				"north": {"uv": [6, 2, 3, 5], "rotation": 270, "texture": "#1"},
				"east": {"uv": [6, 2, 3, 5], "rotation": 270, "texture": "#1"},
				"south": {"uv": [6, 2, 3, 5], "rotation": 270, "texture": "#1"},
				"west": {"uv": [6, 2, 3, 5], "rotation": 270, "texture": "#1"},
				"up": {"uv": [6, 2, 3, 5], "rotation": 270, "texture": "#1"},
				"down": {"uv": [6, 2, 3, 5], "rotation": 270, "texture": "#1"}
			}
		},
		{
			"from": [7.47717, 1.06888, 6],
			"to": [9.47717, 1.06888, 8],
			"shade": false,
			"rotation": {"angle": 22.5, "axis": "x", "origin": [8.72717, 0.56888, 7]},
			"faces": {
				"north": {"uv": [3, 2, 0, 5], "rotation": 270, "texture": "#1"},
				"east": {"uv": [3, 2, 0, 5], "rotation": 270, "texture": "#1"},
				"south": {"uv": [3, 2, 0, 5], "rotation": 270, "texture": "#1"},
				"west": {"uv": [3, 2, 0, 5], "rotation": 270, "texture": "#1"},
				"up": {"uv": [3, 2, 0, 5], "rotation": 270, "texture": "#1"},
				"down": {"uv": [3, 2, 0, 5], "rotation": 270, "texture": "#1"}
			}
		}
	],
	"groups": [
		0,
		{
			"name": "group",
			"origin": [6, 0.75, 6],
			"color": 0,
			"shade": false,
			"children": [1, 2, 3, 4, 5]
		}
	]
}