{
	"credit": "Made with Blockbench",
	"ambientocclusion": false,
	"textures": {
		"1": "block/lily_pad/flower_lilypad",
		"particle": "block/lily_pad/lily_pad",
		"texture": "block/lily_pad/lily_pad"
	},
	"elements": [
		{
			"from": [0, 0.25, 0],
			"to": [16, 0.25, 16],
			"shade": false,
			"faces": {
				"up": {"uv": [0, 0, 16, 16], "texture": "#texture", "tintindex": 0},
				"down": {"uv": [0, 16, 16, 0], "texture": "#texture", "tintindex": 0}
			}
		},
		{
			"from": [10, 0.5, 7.75],
			"to": [11, 1, 8.75],
			"shade": false,
			"rotation": {"angle": 0, "axis": "y", "origin": [5, 0, 0.75]},
			"faces": {
				"north": {"uv": [2, 0, 4, 0.5], "texture": "#1"},
				"east": {"uv": [2, 0, 4, 0.5], "texture": "#1"},
				"south": {"uv": [2, 0, 4, 0.5], "texture": "#1"},
				"west": {"uv": [2, 0, 4, 0.5], "texture": "#1"},
				"up": {"uv": [2, 0, 4, 2], "texture": "#1"},
				"down": {"uv": [2, 0, 4, 2], "texture": "#1"}
			}
		},
		{
			"from": [8.22717, 0.61888, 7.25],
			"to": [10.22717, 0.61888, 9.25],
			"shade": false,
			"rotation": {"angle": -22.5, "axis": "z", "origin": [10.47717, 1.11888, 8.25]},
			"faces": {
				"north": {"uv": [0, 5, 3, 2], "texture": "#1"},
				"east": {"uv": [0, 5, 3, 2], "texture": "#1"},
				"south": {"uv": [0, 5, 3, 2], "texture": "#1"},
				"west": {"uv": [0, 5, 3, 2], "texture": "#1"},
				"up": {"uv": [0, 5, 3, 2], "texture": "#1"},
				"down": {"uv": [0, 5, 3, 2], "texture": "#1"}
			}
		},
		{
			"from": [10.97717, 1.11888, 7.25],
			"to": [12.97717, 1.11888, 9.25],
			"shade": false,
			"rotation": {"angle": 22.5, "axis": "z", "origin": [11.97717, 0.61888, 8.25]},
			"faces": {
				"north": {"uv": [3, 5, 6, 2], "texture": "#1"},
				"east": {"uv": [3, 5, 6, 2], "texture": "#1"},
				"south": {"uv": [3, 5, 6, 2], "texture": "#1"},
				"west": {"uv": [3, 5, 6, 2], "texture": "#1"},
				"up": {"uv": [3, 5, 6, 2], "texture": "#1"},
				"down": {"uv": [3, 5, 6, 2], "texture": "#1"}
			}
		},
		{
			"from": [9.47717, 1.06888, 8.75],
			"to": [11.47717, 1.06888, 10.75],
			"shade": false,
			"rotation": {"angle": -22.5, "axis": "x", "origin": [10.72717, 0.56888, 9.75]},
			"faces": {
				"north": {"uv": [6, 2, 3, 5], "rotation": 270, "texture": "#1"},
				"east": {"uv": [6, 2, 3, 5], "rotation": 270, "texture": "#1"},
				"south": {"uv": [6, 2, 3, 5], "rotation": 270, "texture": "#1"},
				"west": {"uv": [6, 2, 3, 5], "rotation": 270, "texture": "#1"},
				"up": {"uv": [6, 2, 3, 5], "rotation": 270, "texture": "#1"},
				"down": {"uv": [6, 2, 3, 5], "rotation": 270, "texture": "#1"}
			}
		},
		{
			"from": [9.47717, 1.06888, 5.75],
			"to": [11.47717, 1.06888, 7.75],
			"shade": false,
			"rotation": {"angle": 22.5, "axis": "x", "origin": [10.72717, 0.56888, 6.75]},
			"faces": {
				"north": {"uv": [3, 2, 0, 5], "rotation": 270, "texture": "#1"},
				"east": {"uv": [3, 2, 0, 5], "rotation": 270, "texture": "#1"},
				"south": {"uv": [3, 2, 0, 5], "rotation": 270, "texture": "#1"},
				"west": {"uv": [3, 2, 0, 5], "rotation": 270, "texture": "#1"},
				"up": {"uv": [3, 2, 0, 5], "rotation": 270, "texture": "#1"},
				"down": {"uv": [3, 2, 0, 5], "rotation": 270, "texture": "#1"}
			}
		}
	],
	"groups": [
		0,
		{
			"name": "group",
			"origin": [6, 0.75, 6],
			"color": 0,
			"shade": false,
			"children": [1, 2, 3, 4, 5]
		}
	]
}