{
  "itemid": "minecraft:leather_leggings",
  "displayname": "§5Yog Leggings",
  "nbttag": "{Unbreakable:1b,HideFlags:254,display:{Lore:[0:\"§7Health: §a+50\",1:\"§7Defense: §a+15\",2:\" §8[§7❂§8] §8[§8⸕§8] §8[§8☘§8]\",3:\"\",4:\"§6Full Set Bonus: Absorb\",5:\"§7Every §910 Yogs killed§7 gives\",6:\"§7the wearer §a+1 §6⸕ Mining Speed\",7:\"§6§7while wearing the set. Max\",8:\"§7500.\",9:\"\",10:\"§6Full Set Bonus: Heat Resistance\",11:\"§7Grants §aimmunity §7to the heat\",12:\"§7produced in §cMagma Fields§7.\",13:\"\",14:\"§7§8This item can be reforged!\",15:\"§7§4❣ §cRequires §aHard Stone\",16:\"§aCollection 5.\",17:\"§5§lEPIC LEGGINGS\"],color:13120000,Name:\"§5Yog Leggings\"},ExtraAttributes:{id:\"ARMOR_OF_YOG_LEGGINGS\"}}",
  "damage": 0,
  "lore": [
    "§7Health: §a+50",
    "§7Defense: §a+15",
    " §8[§7❂§8] §8[§8⸕§8] §8[§8☘§8]",
    "",
    "§6Full Set Bonus: Absorb",
    "§7Every §910 Yogs killed§7 gives",
    "§7the wearer §a+1 §6⸕ Mining Speed",
    "§6§7while wearing the set. Max",
    "§7500.",
    "",
    "§6Full Set Bonus: Heat Resistance",
    "§7Grants §aimmunity §7to the heat",
    "§7produced in §cMagma Fields§7.",
    "",
    "§7§8This item can be reforged!",
    "§7§4❣ §cRequires §aHard Stone",
    "§aCollection 5.",
    "§5§lEPIC LEGGINGS"
  ],
  "recipe": {
    "A1": "YOGGIE:5",
    "A2": "YOGGIE:5",
    "A3": "YOGGIE:5",
    "B1": "YOGGIE:5",
    "B2": "FLAME_BREAKER_LEGGINGS:1",
    "B3": "YOGGIE:5",
    "C1": "YOGGIE:5",
    "C2": "YOGGIE:5",
    "C3": "YOGGIE:5"
  },
  "internalname": "ARMOR_OF_YOG_LEGGINGS",
  "crafttext": "Requires Hard Stone Collection V",
  "clickcommand": "viewrecipe",
  "modver": "2.1.0-REL",
  "infoType": "WIKI_URL",
  "info": [
    "https://hypixel-skyblock.fandom.com/wiki/Armor_of_Yog",
    "https://wiki.hypixel.net/Yog_Leggings"
  ]
}