{
  "itemid": "minecraft:fishing_rod",
  "displayname": "§6Auger Rod",
  "nbttag": "{Unbreakable:1b,HideFlags:254,display:{Lore:[0:\"§7Damage: §c+135\",1:\"§7Strength: §c+90\",2:\"§7Fishing Speed: §a+110\",3:\"\",4:\"§7Breaks nearby ice blocks where\",5:\"§7it lands.\",6:\"\",7:\"§7Triples the chance of the sea\",8:\"§7creatures that you spawn to be\",9:\"§7winter sea creatures.\",10:\"\",11:\"§7§8This item can be reforged!\",12:\"§4❣ §cRequires §aFishing Skill 25\",13:\"§6§lLEGENDARY FISHING ROD\"],Name:\"§6Auger Rod\"},ExtraAttributes:{id:\"AUGER_ROD\"}}",
  "damage": 0,
  "lore": [
    "§7Damage: §c+135",
    "§7Strength: §c+90",
    "§7Fishing Speed: §a+110",
    "",
    "§7Breaks nearby ice blocks where",
    "§7it lands.",
    "",
    "§7Triples the chance of the sea",
    "§7creatures that you spawn to be",
    "§7winter sea creatures.",
    "",
    "§7§8This item can be reforged!",
    "§4❣ §cRequires §aFishing Skill 25",
    "§6§lLEGENDARY FISHING ROD"
  ],
  "recipe": {
    "A1": "",
    "A2": "ENCHANTED_PACKED_ICE:32",
    "A3": "",
    "B1": "ENCHANTED_PACKED_ICE:32",
    "B2": "YETI_ROD:1",
    "B3": "ENCHANTED_PACKED_ICE:32",
    "C1": "",
    "C2": "ENCHANTED_PACKED_ICE:32",
    "C3": ""
  },
  "internalname": "AUGER_ROD",
  "clickcommand": "viewrecipe",
  "modver": "2.1.0-REL",
  "crafttext": "Requires: Ice X",
  "infoType": "WIKI_URL",
  "info": [
    "https://hypixel-skyblock.fandom.com/wiki/Auger_Rod",
    "https://wiki.hypixel.net/Auger_Rod"
  ]
}