{
  "itemid": "minecraft:leaves",
  "displayname": "§aAutumn Hut Barn Skin",
  "nbttag": "{HideFlags:254,display:{Lore:[0:\"§7§7Consume this item to unlock\",1:\"§7the §aAutumn Hut Barn Skin §7on\",2:\"§7the §bGarden§7!\",3:\"\",4:\"§eClick to consume!\",5:\"\",6:\"§a§lUNCOMMON COSMETIC\",7:\"\",8:\"§7Cost\",9:\"§c2,000 Copper\"],Name:\"§aAutumn Hut Barn Skin\"},ExtraAttributes:{id:\"AUTUMN_HUT_BARN_SKIN\"}}",
  "damage": 2,
  "lore": [
    "§7§7Consume this item to unlock",
    "§7the §aAutumn Hut Barn Skin §7on",
    "§7the §bGarden§7!",
    "",
    "§eClick to consume!",
    "",
    "§a§lUNCOMMON COSMETIC",
    "",
    "§7Cost",
    "§c2,000 Copper"
  ],
  "internalname": "AUTUMN_HUT_BARN_SKIN",
  "crafttext": "",
  "clickcommand": "",
  "modver": "2.1.0-REL",
  "infoType": "WIKI_URL",
  "info": [
    "https://wiki.hypixel.net/Autumn_Hut_Barn_Skin"
  ]
}