{
  "itemid": "minecraft:iron_hoe",
  "displayname": "§aBasic Gardening Hoe",
  "nbttag": "{Unbreakable:1b,HideFlags:254,display:{Lore:[0:\"§7Farming Fortune: §a+5\",1:\"\",2:\"§7§8This item can be reforged!\",3:\"§a§lUNCOMMON HOE\",4:\"\",5:\"§7Cost\",6:\"§c5 Copper\"],Name:\"§aBasic Gardening Hoe\"},ExtraAttributes:{id:\"BASIC_GARDENING_HOE\"}}",
  "damage": 0,
  "lore": [
    "§7Farming Fortune: §a+5",
    "",
    "§7§8This item can be reforged!",
    "§a§lUNCOMMON HOE",
    "",
    "§7Cost",
    "§c5 Copper"
  ],
  "internalname": "BASIC_GARDENING_HOE",
  "crafttext": "",
  "clickcommand": "",
  "modver": "2.1.0-REL",
  "infoType": "WIKI_URL",
  "info": [
    "https://hypixel-skyblock.fandom.com/wiki/Basic_Gardening_Hoe",
    "https://wiki.hypixel.net/Basic_Gardening_Hoe"
  ]
}