{
  "itemid": "minecraft:iron_axe",
  "displayname": "§aBasic Gardening Axe",
  "nbttag": "{Unbreakable:1b,HideFlags:254,display:{Lore:[0:\"§7Farming Fortune: §a+5\",1:\"\",2:\"§7§8This item can be reforged!\",3:\"§7§4❣ §cRequires §aGarden Level 4§c.\",4:\"§a§lUNCOMMON AXE\",5:\"\",6:\"§7Cost\",7:\"§c5 Copper\"],Name:\"§aBasic Gardening Axe\"},ExtraAttributes:{id:\"BASIC_GARDENING_AXE\"}}",
  "damage": 0,
  "lore": [
    "§7Farming Fortune: §a+5",
    "",
    "§7§8This item can be reforged!",
    "§7§4❣ §cRequires §aGarden Level 4§c.",
    "§a§lUNCOMMON AXE",
    "",
    "§7Cost",
    "§c5 Copper"
  ],
  "internalname": "BASIC_GARDENING_AXE",
  "crafttext": "",
  "clickcommand": "",
  "modver": "2.1.0-REL",
  "infoType": "WIKI_URL",
  "info": [
    "https://hypixel-skyblock.fandom.com/wiki/Basic_Gardening_Axe",
    "https://wiki.hypixel.net/Basic_Gardening_Axe"
  ]
}