{
  "itemid": "minecraft:ghast_tear",
  "displayname": "§aBigger Teeth",
  "nbttag": "{ench:[],HideFlags:254,display:{Lore:[0:\"§8Consumed on use\",1:\"\",2:\"§7§7Pet items can boost pets in\",3:\"§7various ways but pets can only\",4:\"§7hold 1 item at a time so choose\",5:\"§7wisely!\",6:\"\",7:\"§7§7Increases §9☣ Crit Chance §7by\",8:\"§7§a10\",9:\"\",10:\"§7§eRight click on your pet to\",11:\"§egive it this item!\",12:\"\",13:\"§a§lUNCOMMON PET ITEM\"],Name:\"§aBigger Teeth\"},ExtraAttributes:{id:\"BIGGER_TEETH\"}}",
  "damage": 0,
  "lore": [
    "§8Consumed on use",
    "",
    "§7§7Pet items can boost pets in",
    "§7various ways but pets can only",
    "§7hold 1 item at a time so choose",
    "§7wisely!",
    "",
    "§7§7Increases §9☣ Crit Chance §7by",
    "§7§a10",
    "",
    "§7§eRight click on your pet to",
    "§egive it this item!",
    "",
    "§a§lUNCOMMON PET ITEM"
  ],
  "recipe": {
    "A1": "",
    "A2": "ENCHANTED_GOLD_BLOCK:6",
    "A3": "",
    "B1": "ENCHANTED_GOLD_BLOCK:6",
    "B2": "PET_ITEM_BIG_TEETH_COMMON:1",
    "B3": "ENCHANTED_GOLD_BLOCK:6",
    "C1": "",
    "C2": "ZOG_ANVIL:1",
    "C3": ""
  },
  "internalname": "BIGGER_TEETH",
  "clickcommand": "viewrecipe",
  "modver": "2.1.0-REL",
  "crafttext": "",
  "infoType": "WIKI_URL",
  "info": [
    "https://hypixel-skyblock.fandom.com/wiki/Bigger_Teeth",
    "https://wiki.hypixel.net/Bigger_Teeth"
  ]
}