{
  "itemid": "minecraft:skull",
  "displayname": "§5Bingo Relic",
  "nbttag": "{HideFlags:254,SkullOwner:{Id:\"8cfc5b9a-e4c7-345d-84e1-9d47b836a55f\",Properties:{textures:[0:{Value:\"eyJ0ZXh0dXJlcyI6eyJTS0lOIjp7InVybCI6Imh0dHA6Ly90ZXh0dXJlcy5taW5lY3JhZnQubmV0L3RleHR1cmUvYzUxNWFjZjRhNmFjNjk4NzM2ZTU0ZGVmMGJjNzgxNDNjMTQ0NDk5NzhlNzUwYWZiYjhkN2FkZTBhZGYwZWYwMCJ9fX0\u003d\"}]}},display:{Lore:[0:\"§7B.I.N.G.O.\",1:\"\",2:\"§7§cRequires §5Ⓑ Bingo Rank IV§c!\",3:\"§5§lEPIC ACCESSORY\",4:\"\",5:\"§7Cost\",6:\"§6200 Bingo Points\",7:\"§9Bingo Artifact\"],Name:\"§5Bingo Relic\"},ExtraAttributes:{id:\"BINGO_RELIC\"}}",
  "damage": 3,
  "lore": [
    "§7B.I.N.G.O.",
    "",
    "§7§cRequires §5Ⓑ Bingo Rank IV§c!",
    "§5§lEPIC ACCESSORY",
    "",
    "§7Cost",
    "§6200 Bingo Points",
    "§9Bingo Artifact"
  ],
  "internalname": "BINGO_RELIC",
  "crafttext": "",
  "clickcommand": "",
  "modver": "2.1.0-REL",
  "infoType": "WIKI_URL",
  "info": [
    "https://hypixel-skyblock.fandom.com/wiki/Bingo_Relic",
    "https://wiki.hypixel.net/Bingo_Relic"
  ]
}