{
  "itemid": "minecraft:brown_mushroom",
  "displayname": "§fBrown Mushroom",
  "nbttag": "{HideFlags:254,display:{Lore:[0:\"§f§lCOMMON\"],Name:\"§fBrown Mushroom\"},ExtraAttributes:{id:\"BROWN_MUSHROOM\"}}",
  "damage": 0,
  "lore": [
    "§f§lCOMMON"
  ],
  "internalname": "BROWN_MUSHROOM",
  "modver": "2.1.0-REL",
  "vanilla": true,
  "clickcommand": "",
  "infoType": "WIKI_URL",
  "info": [
    "https://hypixel-skyblock.fandom.com/wiki/Mushroom",
    "https://wiki.hypixel.net/Mushroom"
  ],
  "crafttext": ""
}