{
  "itemid": "minecraft:skull",
  "displayname": "§fBrown Mushroom",
  "nbttag": "{HideFlags:254,SkullOwner:{Id:\"206e2700-8521-3999-8fa7-5bde84350234\",Properties:{textures:[0:{Value:\"eyJ0ZXh0dXJlcyI6eyJTS0lOIjp7InVybCI6Imh0dHA6Ly90ZXh0dXJlcy5taW5lY3JhZnQubmV0L3RleHR1cmUvODQ5YjMzMzc4ODVkYzk5ODE4NmExZDU4YTZkMmQ5ZDExMjk5ZDRlMWViZmEyZjdiNjU2NzcxM2I3MzZlYTA3NSJ9fX0\"}]}},display:{Lore:[0:\"§8Decoration item\",1:\"\",2:\"§f§lCOMMON\"],Name:\"§fBrown Mushroom\"},ExtraAttributes:{id:\"BUILDER_BROWN_MUSHROOM\"}}",
  "damage": 3,
  "lore": [
    "§8Decoration item",
    "",
    "§f§lCOMMON"
  ],
  "internalname": "BUILDER_BROWN_MUSHROOM",
  "crafttext": "",
  "clickcommand": "",
  "modver": "2.1.0-REL",
  "infoType": "WIKI_URL",
  "info": [
    "https://hypixel-skyblock.fandom.com/wiki/Decorations",
    "https://wiki.hypixel.net/Brown_Mushroom"
  ]
}