{
  "itemid": "minecraft:skull",
  "displayname": "§fBeetroot",
  "nbttag": "{HideFlags:254,SkullOwner:{Id:\"ce7bb84b-9a74-3246-ba82-51047c2181ff\",Properties:{textures:[0:{Value:\"eyJ0ZXh0dXJlcyI6eyJTS0lOIjp7InVybCI6Imh0dHA6Ly90ZXh0dXJlcy5taW5lY3JhZnQubmV0L3RleHR1cmUvMThmMzZlYTIyOGM0ZmQ5YWZlZDVhZGQ2ZDA1MjZkZTcxYjdhYzA1NTllYWJmYzJmNjBkZTZjNGFhNzMzZjUifX19\"}]}},display:{Lore:[0:\"§8Decoration item\",1:\"\",2:\"§f§lCOMMON\"],Name:\"§fBeetroot\"},ExtraAttributes:{id:\"BUILDER_BEETROOT\"}}",
  "damage": 3,
  "lore": [
    "§8Decoration item",
    "",
    "§f§lCOMMON"
  ],
  "internalname": "BUILDER_BEETROOT",
  "crafttext": "",
  "clickcommand": "",
  "modver": "2.1.0-REL",
  "infoType": "WIKI_URL",
  "info": [
    "https://hypixel-skyblock.fandom.com/wiki/Decorations",
    "https://wiki.hypixel.net/Beetroot"
  ]
}