{
  "itemid": "minecraft:skull",
  "displayname": "§5Bundled Snowman",
  "nbttag": "{HideFlags:254,SkullOwner:{Id:\"ce9046c5-ed89-34b6-b879-f88f48907797\",Properties:{textures:[0:{Value:\"eyJ0ZXh0dXJlcyI6eyJTS0lOIjp7InVybCI6Imh0dHA6Ly90ZXh0dXJlcy5taW5lY3JhZnQubmV0L3RleHR1cmUvZTBkNmFmMTVhMGYzYzMwZDdlNzFjMTk0MWMzMzc0MzBmYzA5NTQzN2E2NjI0NTA5ZDk2NTY5N2FlYjI2ZmEwOCJ9fX0\u003d\"}]}},display:{Lore:[0:\"§8Furniture\",1:\"§8Holiday Cosmetic\",2:\"\",3:\"§7This exclusive §cHoliday\",4:\"§c§7cosmetic can be placed on your\",5:\"§7island or traded.\",6:\"\",7:\"§5§lEPIC\"],Name:\"§5Bundled Snowman\"},ExtraAttributes:{id:\"BUNDLED_SNOWMAN\"}}",
  "damage": 3,
  "lore": [
    "§8Furniture",
    "§8Holiday Cosmetic",
    "",
    "§7This exclusive §cHoliday",
    "§c§7cosmetic can be placed on your",
    "§7island or traded.",
    "",
    "§5§lEPIC"
  ],
  "internalname": "BUNDLED_SNOWMAN",
  "crafttext": "",
  "clickcommand": "",
  "modver": "2.1.0-REL",
  "infoType": "WIKI_URL",
  "info": [
    "https://hypixel-skyblock.fandom.com/wiki/Bundled_Snowman",
    "https://wiki.hypixel.net/Bundled_Snowman"
  ]
}