{
  "itemid": "minecraft:skull",
  "displayname": "§9Bunny",
  "nbttag": "{HideFlags:254,SkullOwner:{Id:\"b7eba256-9c0d-3612-89f7-496115344c4d\",Properties:{textures:[0:{Value:\"eyJ0ZXh0dXJlcyI6eyJTS0lOIjp7InVybCI6Imh0dHA6Ly90ZXh0dXJlcy5taW5lY3JhZnQubmV0L3RleHR1cmUvY2VjMjQyZTY2N2FlZTQ0NDkyNDEzZWY0NjFiODEwY2FjMzU2Yjc0ZDg3MThlNWNlYzFmODkyYTZiNDNlNWUxIn19fQ\u003d\u003d\"}]}},display:{Lore:[0:\"§8Furniture\",1:\"§8Easter Cosmetic\",2:\"\",3:\"§7This exclusive §dEaster\",4:\"§d§7cosmetic can be placed on your\",5:\"§7island or traded.\",6:\"\",7:\"§9§lRARE\"],Name:\"§9Bunny\"},ExtraAttributes:{id:\"BUNNY\"}}",
  "damage": 3,
  "lore": [
    "§8Furniture",
    "§8Easter Cosmetic",
    "",
    "§7This exclusive §dEaster",
    "§d§7cosmetic can be placed on your",
    "§7island or traded.",
    "",
    "§9§lRARE"
  ],
  "internalname": "BUNNY",
  "clickcommand": "",
  "modver": "2.1.0-REL",
  "infoType": "WIKI_URL",
  "info": [
    "https://hypixel-skyblock.fandom.com/wiki/Furniture",
    "https://wiki.hypixel.net/Furniture"
  ],
  "crafttext": ""
}