{
  "itemid": "minecraft:skull",
  "displayname": "§5Burningsoul Demon (Miniboss)",
  "nbttag": "{HideFlags:254,SkullOwner:{Id:\"118fe834-28aa-3b0d-afe6-f0c52d01afe8\",Properties:{textures:[0:{Value:\"eyJ0ZXh0dXJlcyI6eyJTS0lOIjp7InVybCI6Imh0dHA6Ly90ZXh0dXJlcy5taW5lY3JhZnQubmV0L3RleHR1cmUvYjc4ZWYyZTRjZjJjNDFhMmQxNGJmZGU5Y2FmZjEwMjE5ZjViMWJmNWIzNWE0OWViNTFjNjQ2Nzg4MmNiNWYwIn19fQ\"}]}},display:{Lore:[0:\"§7The Burningsoul Demon is a Inferno Demonlord\",1:\"§7Miniboss that very rarely spawns after killing a\",2:\"§7Blaze during Inferno Demonlord Tier IV Quests.\",3:\"\",4:\"§c❤ Health§8: §c75,000,000\"],Name:\"§5Burningsoul Demon (Miniboss)\"},ExtraAttributes:{id:\"BURNINGSOUL_DEMON_MINIBOSS\"}}",
  "damage": 3,
  "lore": [
    "§7The Burningsoul Demon is a Inferno Demonlord",
    "§7Miniboss that very rarely spawns after killing a",
    "§7Blaze during Inferno Demonlord Tier IV Quests.",
    "",
    "§c❤ Health§8: §c75,000,000"
  ],
  "internalname": "BURNINGSOUL_DEMON_MINIBOSS",
  "clickcommand": "viewrecipe",
  "modver": "2.1.0-REL",
  "infoType": "WIKI_URL",
  "info": [
    "https://hypixel-skyblock.fandom.com/wiki/Burningsoul_Demon",
    "https://wiki.hypixel.net/Burningsoul_Demon"
  ],
  "crafttext": "",
  "recipes": [
    {
      "level": 2500,
      "combat_xp": 8000,
      "name": "§cBurningsoul Demon",
      "type": "drops",
      "panorama": "crimson_isle",
      "render": "Blaze",
      "extra": [],
      "drops": [
        {
          "id": "DERELICT_ASHE:4",
          "extra": [],
          "chance": "100%"
        }
      ]
    }
  ]
}