{
	"credit": "Made with Blockbench",
	"parent": "minecraft:block/cross",
	"textures": {
		"1": "block/dandelion/dandeliom_model_1",
		"particle": "block/dandelion/dandeliom_model_1"
	},
	"elements": [
		{
			"from": [8, 0, 7],
			"to": [9, 6, 8],
			"shade": false,
			"faces": {
				"north": {"uv": [0, 0, 1, 6], "texture": "#1"},
				"east": {"uv": [1, 0, 2, 6], "texture": "#1"},
				"south": {"uv": [2, 0, 3, 6], "texture": "#1"},
				"west": {"uv": [3, 0, 4, 6], "texture": "#1"},
				"up": {"uv": [4, 10, 3, 9], "texture": "#1"},
				"down": {"uv": [10, 10, 9, 11], "texture": "#1"}
			}
		},
		{
			"from": [5, 1, 7.5],
			"to": [8, 3, 7.5],
			"shade": false,
			"faces": {
				"north": {"uv": [4, 8, 7, 10], "texture": "#1"},
				"east": {"uv": [0, 0, 0, 2], "texture": "#1"},
				"south": {"uv": [7, 8, 10, 10], "texture": "#1"},
				"west": {"uv": [0, 0, 0, 2], "texture": "#1"},
				"up": {"uv": [3, 0, 0, 0], "texture": "#1"},
				"down": {"uv": [3, 0, 0, 0], "texture": "#1"}
			}
		},
		{
			"from": [8.5, 1, 4],
			"to": [8.5, 3, 7],
			"shade": false,
			"rotation": {"angle": 0, "axis": "y", "origin": [6.5, 2, 7.5]},
			"faces": {
				"north": {"uv": [0, 0, 0, 2], "texture": "#1"},
				"east": {"uv": [0, 9, 3, 11], "texture": "#1"},
				"south": {"uv": [0, 0, 0, 2], "texture": "#1"},
				"west": {"uv": [9, 0, 12, 2], "texture": "#1"},
				"up": {"uv": [0, 3, 0, 0], "texture": "#1"},
				"down": {"uv": [0, 0, 0, 3], "texture": "#1"}
			}
		},
		{
			"from": [9, 1, 7.5],
			"to": [11, 2, 7.5],
			"shade": false,
			"faces": {
				"north": {"uv": [3, 10, 5, 11], "texture": "#1"},
				"east": {"uv": [0, 0, 0, 1], "texture": "#1"},
				"south": {"uv": [5, 10, 7, 11], "texture": "#1"},
				"west": {"uv": [0, 0, 0, 1], "texture": "#1"},
				"up": {"uv": [2, 0, 0, 0], "texture": "#1"},
				"down": {"uv": [2, 0, 0, 0], "texture": "#1"}
			}
		},
		{
			"from": [8.5, 1, 8],
			"to": [8.5, 2, 10],
			"shade": false,
			"rotation": {"angle": 0, "axis": "y", "origin": [13, 1.5, 7.5]},
			"faces": {
				"north": {"uv": [0, 0, 0, 1], "texture": "#1"},
				"east": {"uv": [7, 10, 9, 11], "texture": "#1"},
				"south": {"uv": [0, 0, 0, 1], "texture": "#1"},
				"west": {"uv": [10, 8, 12, 9], "texture": "#1"},
				"up": {"uv": [0, 2, 0, 0], "texture": "#1"},
				"down": {"uv": [0, 0, 0, 2], "texture": "#1"}
			}
		},
		{
			"from": [7.5, 6, 6.5],
			"to": [9.5, 6.5, 8.5],
			"shade": false,
			"faces": {
				"north": {"uv": [7, 3, 9, 4], "texture": "#1"},
				"east": {"uv": [4, 7, 6, 8], "texture": "#1"},
				"south": {"uv": [9, 6, 11, 7], "texture": "#1"},
				"west": {"uv": [9, 7, 11, 8], "texture": "#1"},
				"up": {"uv": [11, 4, 9, 2], "texture": "#1"},
				"down": {"uv": [11, 4, 9, 6], "texture": "#1"}
			}
		},
		{
			"from": [7, 5.8, 8.5],
			"to": [10, 5.8, 11.5],
			"shade": false,
			"rotation": {"angle": -22.5, "axis": "x", "origin": [10.5, 6, 7.5]},
			"faces": {
				"north": {"uv": [3, 16, 0, 13], "rotation": 270, "texture": "#1"},
				"east": {"uv": [3, 16, 0, 13], "rotation": 270, "texture": "#1"},
				"south": {"uv": [3, 16, 0, 13], "rotation": 270, "texture": "#1"},
				"west": {"uv": [3, 16, 0, 13], "rotation": 270, "texture": "#1"},
				"up": {"uv": [3, 16, 0, 13], "rotation": 270, "texture": "#1"},
				"down": {"uv": [3, 13, 0, 16], "rotation": 90, "texture": "#1"}
			}
		},
		{
			"from": [7, 5.8, 3.5],
			"to": [10, 5.8, 6.5],
			"shade": false,
			"rotation": {"angle": 22.5, "axis": "x", "origin": [10.5, 6, 7.5]},
			"faces": {
				"north": {"uv": [3, 16, 0, 13], "rotation": 90, "texture": "#1"},
				"east": {"uv": [3, 16, 0, 13], "rotation": 90, "texture": "#1"},
				"south": {"uv": [3, 16, 0, 13], "rotation": 90, "texture": "#1"},
				"west": {"uv": [3, 16, 0, 13], "rotation": 90, "texture": "#1"},
				"up": {"uv": [3, 16, 0, 13], "rotation": 90, "texture": "#1"},
				"down": {"uv": [3, 13, 0, 16], "rotation": 270, "texture": "#1"}
			}
		},
		{
			"from": [9.5, 6.5, 6],
			"to": [12.5, 6.5, 9],
			"shade": false,
			"rotation": {"angle": 22.5, "axis": "z", "origin": [10.5, 6, 7.5]},
			"faces": {
				"north": {"uv": [3, 16, 0, 13], "rotation": 180, "texture": "#1"},
				"east": {"uv": [3, 16, 0, 13], "rotation": 180, "texture": "#1"},
				"south": {"uv": [3, 16, 0, 13], "rotation": 180, "texture": "#1"},
				"west": {"uv": [3, 16, 0, 13], "rotation": 180, "texture": "#1"},
				"up": {"uv": [3, 16, 0, 13], "rotation": 180, "texture": "#1"},
				"down": {"uv": [3, 13, 0, 16], "rotation": 180, "texture": "#1"}
			}
		},
		{
			"from": [4.5, 6.5, 6],
			"to": [7.5, 6.5, 9],
			"shade": false,
			"rotation": {"angle": -22.5, "axis": "z", "origin": [6.5, 6, 7.5]},
			"faces": {
				"north": {"uv": [3, 16, 0, 13], "texture": "#1"},
				"east": {"uv": [3, 16, 0, 13], "texture": "#1"},
				"south": {"uv": [3, 16, 0, 13], "texture": "#1"},
				"west": {"uv": [3, 16, 0, 13], "texture": "#1"},
				"up": {"uv": [3, 16, 0, 13], "texture": "#1"},
				"down": {"uv": [3, 13, 0, 16], "texture": "#1"}
			}
		}
	]
}