{
  "itemid": "minecraft:paper",
  "displayname": "§5Alchemist Recipe",
  "nbttag": "{ench:[],HideFlags:254,display:{Lore:[0:\"§7§7Unlocks the Great Spook Potion\",1:\"§7in the Tyashoi Alchemist\u0027s shop.\",2:\"\",3:\"§7§7Obtained during the\",4:\"§7§5Alchemist §7experiments!\",5:\"\",6:\"§8Edition #???\",7:\"\",8:\"§8§l* §8Soulbound §8§l*\",9:\"§5§lEPIC\"],Name:\"§5Alchemist Recipe\"},ExtraAttributes:{year:2023,edition:466,id:\"ALCHEMIST_RECIPE\"}}",
  "damage": 0,
  "lore": [
    "§7§7Unlocks the Great Spook Potion",
    "§7in the Tyashoi Alchemist\u0027s shop.",
    "",
    "§7§7Obtained during the",
    "§7§5Alchemist §7experiments!",
    "",
    "§8Edition #???",
    "",
    "§8§l* §8Soulbound §8§l*",
    "§5§lEPIC"
  ],
  "internalname": "ALCHEMIST_RECIPE",
  "crafttext": "",
  "clickcommand": "",
  "modver": "2.1.1-PRE",
  "infoType": ""
}