{
  "itemid": "minecraft:enchanted_book",
  "displayname": "§fEnchanted Book",
  "nbttag": "{ench:[],HideFlags:254,display:{Lore:[0:\"§9Angler IV\",1:\"§7Grants §3+4α Sea Creature\",2:\"§3Chance§7.\",3:\"\",4:\"§7Use this on an item in an Anvil\",5:\"§7to apply it!\",6:\"\",7:\"§6Source:\",8:\"§aI-V: §7Enchantment Table,\",9:\"§7Ink Sack Collection\",10:\"\",11:\"§6Applied To:\",12:\"§7- §fFishing Rod\",13:\"§7- §fFishing Weapon\",14:\"\",15:\"§f§lCOMMON\"],Name:\"§fEnchanted Book\"},ExtraAttributes:{id:\"ANGLER;4\",enchantments:{angler:4}}}",
  "damage": 0,
  "lore": [
    "§9Angler IV",
    "§7Grants §3+4α Sea Creature",
    "§3Chance§7.",
    "",
    "§7Use this on an item in an Anvil",
    "§7to apply it!",
    "",
    "§6Source:",
    "§aI-V: §7Enchantment Table,",
    "§7Ink Sack Collection",
    "",
    "§6Applied To:",
    "§7- §fFishing Rod",
    "§7- §fFishing Weapon",
    "",
    "§f§lCOMMON"
  ],
  "recipe": {
    "A1": "",
    "A2": "",
    "A3": "",
    "B1": "",
    "B2": "PAPER:8",
    "B3": "PAPER:8",
    "C1": "",
    "C2": "PAPER:8",
    "C3": "INK_SACK:32"
  },
  "internalname": "ANGLER;4",
  "clickcommand": "viewrecipe",
  "modver": "2.1.1-PRE",
  "crafttext": "Requires: Ink Sack VII",
  "infoType": ""
}