{
  "itemid": "minecraft:stick",
  "displayname": "§5Bamboo Barn Skin",
  "nbttag": "{HideFlags:254,display:{Lore:[0:\"§7§7Consume this item to unlock\",1:\"§7the §5Bamboo Barn Skin §7on the\",2:\"§7§bGarden§7!\",3:\"\",4:\"§eClick to consume!\",5:\"\",6:\"§5§lEPIC COSMETIC\",7:\"\",8:\"§7Cost\",9:\"§c7,500 Copper\"],Name:\"§5Bamboo Barn Skin\"},ExtraAttributes:{id:\"BAMBOO_BARN_SKIN\"}}",
  "damage": 0,
  "lore": [
    "§7§7Consume this item to unlock",
    "§7the §5Bamboo Barn Skin §7on the",
    "§7§bGarden§7!",
    "",
    "§eClick to consume!",
    "",
    "§5§lEPIC COSMETIC",
    "",
    "§7Cost",
    "§c7,500 Copper"
  ],
  "internalname": "BAMBOO_BARN_SKIN",
  "crafttext": "",
  "clickcommand": "",
  "modver": "2.1.0-REL",
  "infoType": "WIKI_URL",
  "info": [
    "https://wiki.hypixel.net/Bamboo_Barn_Skin",
    "https://hypixel-skyblock.fandom.com/wiki/Bamboo_Barn_Skin"
  ]
}