{
  "internalname": "BAT;4",
  "itemid": "minecraft:skull",
  "displayname": "§f§f§7[Lvl {LVL}] §6Bat",
  "clickcommand": "viewrecipe",
  "damage": 3,
  "nbttag": "{overrideMeta:1b,HideFlags:254,SkullOwner:{Id:\"1911c3bb-c0af-3474-98e2-486478c5b9ea\",Properties:{textures:[0:{Value:\"eyJ0ZXh0dXJlcyI6eyJTS0lOIjp7InVybCI6Imh0dHA6Ly90ZXh0dXJlcy5taW5lY3JhZnQubmV0L3RleHR1cmUvMzgyZmMzZjcxYjQxNzY5Mzc2YTllOTJmZTNhZGJhYWMzNzcyYjk5OWIyMTljOWQ2YjQ2ODBiYTk5ODNlNTI3In19fQ\u003d\u003d\"}]}},display:{Lore:[0:\"§8Mining Pet\",1:\"\",2:\"§7Intelligence: §a{INTELLIGENCE}\",3:\"§7Speed: §a{SPEED}\",4:\"\",5:\"§6Candy Lover\",6:\"§7§7Increases the chance for mobs\",7:\"§7to drop Candy by §a{0}%§7.\",8:\"\",9:\"§6Nightmare\",10:\"§7§7§7During night, gain §a{1}\",11:\"§a§b✎ Intelligence§7, §a{2} §f✦\",12:\"§fSpeed§7, and night vision.\",13:\"\",14:\"§6Wings of Steel\",15:\"§7§7Deals §a{3}% §7damage to\",16:\"§6Spooky §7enemies during the\",17:\"§6Spooky Festival§7.\",18:\"\",19:\"§7§eRight-click to add this pet to\",20:\"§eyour pet menu!\",21:\"\",22:\"§6§lLEGENDARY\"],Name:\"§f§f§7[Lvl {LVL}] §6Bat\"},ExtraAttributes:{petInfo:\"{\\\"type\\\":\\\"BAT\\\",\\\"active\\\":false,\\\"exp\\\":0,\\\"tier\\\":\\\"LEGENDARY\\\",\\\"hideInfo\\\":false,\\\"candyUsed\\\":0}\",id:\"BAT;4\"},AttributeModifiers:[]}",
  "modver": "2.1.1-PRE",
  "lore": [
    "§8Mining Pet",
    "",
    "§7Intelligence: §a{INTELLIGENCE}",
    "§7Speed: §a{SPEED}",
    "",
    "§6Candy Lover",
    "§7§7Increases the chance for mobs",
    "§7to drop Candy by §a{0}%§7.",
    "",
    "§6Nightmare",
    "§7§7§7During night, gain §a{1}",
    "§a§b✎ Intelligence§7, §a{2} §f✦",
    "§fSpeed§7, and night vision.",
    "",
    "§6Wings of Steel",
    "§7§7Deals §a{3}% §7damage to",
    "§6Spooky §7enemies during the",
    "§6Spooky Festival§7.",
    "",
    "§7§eRight-click to add this pet to",
    "§eyour pet menu!",
    "",
    "§6§lLEGENDARY"
  ],
  "recipe": {
    "A1": "ENCHANTED_BROWN_MUSHROOM:8",
    "A2": "ENCHANTED_BROWN_MUSHROOM:8",
    "A3": "ENCHANTED_BROWN_MUSHROOM:8",
    "B1": "ENCHANTED_BROWN_MUSHROOM:8",
    "B2": "SUPER_EGG:1",
    "B3": "ENCHANTED_BROWN_MUSHROOM:8",
    "C1": "ENCHANTED_BROWN_MUSHROOM:8",
    "C2": "ENCHANTED_BROWN_MUSHROOM:8",
    "C3": "ENCHANTED_BROWN_MUSHROOM:8"
  },
  "crafttext": "20% chance",
  "useneucraft": true,
  "infoType": "WIKI_URL",
  "info": [
    "https://hypixel-skyblock.fandom.com/wiki/Bat_Pet",
    "https://wiki.hypixel.net/Bat_Pet"
  ]
}