{
  "itemid": "minecraft:skull",
  "displayname": "§f§f§7[Lvl {LVL}] §aBee",
  "nbttag": "{overrideMeta:1b,HideFlags:254,SkullOwner:{Id:\"af894c68-45d0-3ae2-952c-b3cf925199ad\",Properties:{textures:[0:{Value:\"eyJ0ZXh0dXJlcyI6eyJTS0lOIjp7InVybCI6Imh0dHA6Ly90ZXh0dXJlcy5taW5lY3JhZnQubmV0L3RleHR1cmUvN2U5NDE5ODdlODI1YTI0ZWE3YmFhZmFiOTgxOTM0NGI2YzI0N2M3NWM1NGE2OTE5ODdjZDI5NmJjMTYzYzI2MyJ9fX0\u003d\"}]}},display:{Lore:[0:\"§8Farming Pet\",1:\"\",2:\"§7Intelligence: §a{INTELLIGENCE}\",3:\"§7Strength: §c{STRENGTH}\",4:\"§7Speed: §a{SPEED}\",5:\"\",6:\"§6Hive\",7:\"§7For each player within §a25 §7blocks:\",8:\" §b+{0}✎ Intelligence\",9:\" §c+{1}❁ Strength\",10:\" §a+{2}❈ Defense\",11:\"§8Max 15 players\",12:\"\",13:\"§7§eRight-click to add this pet to\",14:\"§eyour pet menu!\",15:\"\",16:\"§a§lUNCOMMON\"],Name:\"§f§f§7[Lvl {LVL}] §aBee\"},ExtraAttributes:{petInfo:\"{\\\"type\\\":\\\"BEE\\\",\\\"active\\\":false,\\\"exp\\\":0,\\\"tier\\\":\\\"UNCOMMON\\\",\\\"hideInfo\\\":false,\\\"candyUsed\\\":0}\",id:\"BEE;1\"},AttributeModifiers:[]}",
  "damage": 3,
  "lore": [
    "§8Farming Pet",
    "",
    "§7Intelligence: §a{INTELLIGENCE}",
    "§7Strength: §c{STRENGTH}",
    "§7Speed: §a{SPEED}",
    "",
    "§6Hive",
    "§7For each player within §a25 §7blocks:",
    " §b+{0}✎ Intelligence",
    " §c+{1}❁ Strength",
    " §a+{2}❈ Defense",
    "§8Max 15 players",
    "",
    "§7§eRight-click to add this pet to",
    "§eyour pet menu!",
    "",
    "§a§lUNCOMMON"
  ],
  "internalname": "BEE;1",
  "clickcommand": "",
  "modver": "2.1.1-PRE",
  "infoType": "WIKI_URL",
  "info": [
    "https://hypixel-skyblock.fandom.com/wiki/Bee_Pet",
    "https://wiki.hypixel.net/Bee_Pet"
  ],
  "crafttext": ""
}