{
  "itemid": "minecraft:golden_hoe",
  "displayname": "§5Binghoe",
  "nbttag": "{ench:[],Unbreakable:1b,HideFlags:254,display:{Lore:[0:\"§7Farming Fortune: §a+25\",1:\"\",2:\"§9Delicate V\",3:\"§7Avoids breaking stems and baby\",4:\"§7crops.\",5:\"§9Replenish I\",6:\"§7Upon breaking crops, nether\",7:\"§7wart, or cocoa, automatically\",8:\"§7replant from materials in your\",9:\"§7inventory.\",10:\"\",11:\"§7§7Gives §6+3☘ Farming Fortune\",12:\"§6§7for each SkyBlock Level (Max\",13:\"§725).\",14:\"\",15:\"§7§8This item can be reforged!\",16:\"§8§l* §8Soulbound §8§l*\",17:\"§5§lEPIC HOE\"],Name:\"§5Binghoe\"},ExtraAttributes:{id:\"BINGHOE\",enchantments:{delicate:5,replenish:1}}}",
  "damage": 0,
  "lore": [
    "§7Farming Fortune: §a+25",
    "",
    "§9Delicate V",
    "§7Avoids breaking stems and baby",
    "§7crops.",
    "§9Replenish I",
    "§7Upon breaking crops, nether",
    "§7wart, or cocoa, automatically",
    "§7replant from materials in your",
    "§7inventory.",
    "",
    "§7§7Gives §6+3☘ Farming Fortune",
    "§6§7for each SkyBlock Level (Max",
    "§725).",
    "",
    "§7§8This item can be reforged!",
    "§8§l* §8Soulbound §8§l*",
    "§5§lEPIC HOE"
  ],
  "internalname": "BINGHOE",
  "crafttext": "",
  "clickcommand": "",
  "modver": "2.1.1-PRE",
  "infoType": "WIKI_URL",
  "info": [
    "https://wiki.hypixel.net/Binghoe"
  ]
}