{
  "catacombs": {
    "F1": {
      "RECOMBOBULATOR_3000": 30000,
      "BONZO_STAFF": 30000,
      "ULTIMATE_JERRY;1": 30000,
      "FUMING_POTATO_BOOK": 15000,
      "ULTIMATE_BANK;1": 15000,
      "BONZO_MASK": 10000,
      "RED_NOSE": 10000,
      "HOT_POTATO_BOOK": 6000,
      "INFINITE_QUIVER;6": 3750,
      "FEATHER_FALLING;6": 3750,
      "NECROMANCER_BROOCH": 3000,
      "ULTIMATE_COMBO;1": 2000,
      "ULTIMATE_NO_PAIN_NO_GAIN;1": 2000,
      "REJUVENATE;1": 1200
    },
    "F2": {
      "RECOMBOBULATOR_3000": 17700,
      "RED_SCARF": 17700,
      "STONE_BLADE": 8850,
      "ULTIMATE_BANK;1": 8850,
      "FUMING_POTATO_BOOK": 5899,
      "SCARF_STUDIES": 4425,
      "HOT_POTATO_BOOK": 3540,
      "ULTIMATE_COMBO;1": 3540,
      "ULTIMATE_NO_PAIN_NO_GAIN;1": 3540,
      "NECROMANCER_BROOCH": 3540,
      "ULTIMATE_WISE;1": 1770,
      "REJUVENATE;1": 1180
    },
    "F3": {
      "ADAPTIVE_CHESTPLATE": 25500,
      "ADAPTIVE_LEGGINGS": 25500,
      "ULTIMATE_JERRY;2": 25500,
      "RECOMBOBULATOR_3000": 12750,
      "ADAPTIVE_HELMET": 12750,
      "ADAPTIVE_BOOTS": 12750,
      "FUMING_POTATO_BOOK": 8500,
      "NECROMANCER_BROOCH": 6375,
      "HOT_POTATO_BOOK": 5100,
      "SUSPICIOUS_VIAL": 5100,
      "ULTIMATE_COMBO;1": 5100,
      "ULTIMATE_NO_PAIN_NO_GAIN;1": 5100,
      "ULTIMATE_WISE;1": 3187,
      "ULTIMATE_BANK;2": 3187,
      "ULTIMATE_WISDOM;1": 3187,
      "ULTIMATE_LAST_STAND;1": 2125,
      "REJUVENATE;2": 2125
    },
    "F4": {
      "SPIRIT_SWORD": 24600,
      "ITEM_SPIRIT_BOW": 24600,
      "THORNS_BOOTS": 24600,
      "SPIRIT;4": 24600,
      "ULTIMATE_JERRY;2": 24600,
      "SPIRIT_WING": 12300,
      "RECOMBOBULATOR_3000": 12300,
      "SPIRIT_BONE": 12300,
      "SPIRIT_DECOY": 12300,
      "ULTIMATE_REND;2": 12300,
      "FUMING_POTATO_BOOK": 8200,
      "HOT_POTATO_BOOK": 4920,
      "ULTIMATE_COMBO;1": 4920,
      "ULTIMATE_NO_PAIN_NO_GAIN;1": 4920,
      "ULTIMATE_WISE;1": 3075,
      "ULTIMATE_BANK;2": 3075,
      "ULTIMATE_WISDOM;1": 3075,
      "ULTIMATE_LAST_STAND;1": 2050,
      "REJUVENATE;2": 2050
    },
    "F5": {
      "SHADOW_FURY": 103800,
      "LAST_BREATH": 103800,
      "SHADOW_ASSASSIN_CHESTPLATE": 51900,
      "AOTE_STONE": 51900,
      "LIVID_DAGGER": 25950,
      "ULTIMATE_JERRY;3": 25950,
      "SHADOW_ASSASSIN_LEGGINGS": 20760,
      "RECOMBOBULATOR_3000": 17300,
      "SHADOW_ASSASSIN_HELMET": 10380,
      "SHADOW_ASSASSIN_BOOTS": 6920,
      "FUMING_POTATO_BOOK": 5190,
      "OVERLOAD;1": 5190,
      "ULTIMATE_LEGION;1": 5190,
      "LETHALITY;6": 5190,
      "ULTIMATE_COMBO;2": 5190,
      "ULTIMATE_NO_PAIN_NO_GAIN;2": 5190,
      "ULTIMATE_BANK;3": 5190,
      "ULTIMATE_WISDOM;2": 4152,
      "ULTIMATE_WISE;2": 2595,
      "REJUVENATE;3": 2306,
      "ULTIMATE_LAST_STAND;2": 2306
    },
    "F6": {
      "PRECURSOR_EYE": 409350,
      "GIANTS_SWORD": 272900,
      "NECROMANCER_LORD_CHESTPLATE": 102337,
      "SUMMONING_RING": 81870,
      "NECROMANCER_SWORD": 40935,
      "NECROMANCER_LORD_LEGGINGS": 27290,
      "NECROMANCER_LORD_HELMET": 20467,
      "SADAN_BROOCH": 20467,
      "ULTIMATE_JERRY;3": 20467,
      "GIANT_TOOTH": 16374,
      "RECOMBOBULATOR_3000": 13645,
      "NECROMANCER_LORD_BOOTS": 13645,
      "GOLEM_POPPY": 5457,
      "ULTIMATE_SWARM;1": 5457,
      "ULTIMATE_NO_PAIN_NO_GAIN;2": 4678,
      "ULTIMATE_BANK;3": 4678,
      "FUMING_POTATO_BOOK": 4093,
      "ULTIMATE_COMBO;2": 4093,
      "ULTIMATE_WISDOM;2": 3638,
      "ULTIMATE_WISE;2": 2480,
      "REJUVENATE;3": 2154,
      "ULTIMATE_LAST_STAND;2": 2154
    },
    "F7": {
      "STORM_THE_FISH": 404670,
      "MAXOR_THE_FISH": 404670,
      "GOLDOR_THE_FISH": 404670,
      "NECRON_HANDLE": 311284,
      "SHADOW_WARP_SCROLL": 269780,
      "WITHER_SHIELD_SCROLL": 269780,
      "IMPLOSION_SCROLL": 269780,
      "AUTO_RECOMBOBULATOR": 50583,
      "WITHER_CHESTPLATE": 50583,
      "ULTIMATE_ONE_FOR_ALL;1": 50583,
      "RECOMBOBULATOR_3000": 20233,
      "WITHER_LEGGINGS": 12645,
      "FEATHER_FALLING;7": 12645,
      "FUMING_POTATO_BOOK": 10116,
      "WITHER_CATALYST": 10116,
      "ULTIMATE_NO_PAIN_NO_GAIN;2": 10116,
      "WITHER_CLOAK": 8430,
      "WITHER_HELMET": 8430,
      "WITHER_BLOOD": 8430,
      "WITHER_BOOTS": 8430,
      "ULTIMATE_BANK;3": 8093,
      "ULTIMATE_WISDOM;2": 8093,
      "ULTIMATE_JERRY;3": 6744,
      "ULTIMATE_SOUL_EATER;1": 5058,
      "HOT_POTATO_BOOK": 5058,
      "ULTIMATE_WISE;2": 5058,
      "ULTIMATE_COMBO;2": 4046,
      "REJUVENATE;3": 4046,
      "ULTIMATE_LAST_STAND;2": 4046,
      "INFINITE_QUIVER;7": 4046,
      "PRECURSOR_GEAR": 3372
    },
    "M1": {
      "RECOMBOBULATOR_3000": 23700,
      "BONZO_STAFF": 23700,
      "ULTIMATE_JERRY;1": 23700,
      "FUMING_POTATO_BOOK": 11850,
      "ULTIMATE_BANK;1": 11850,
      "MASTER_SKULL_TIER_1": 7900,
      "BONZO_MASK": 7900,
      "RED_NOSE": 7900,
      "HOT_POTATO_BOOK": 4740,
      "INFINITE_QUIVER;6": 3950,
      "FEATHER_FALLING;6": 3950,
      "ULTIMATE_COMBO;1": 2370,
      "ULTIMATE_NO_PAIN_NO_GAIN;1": 2370,
      "NECROMANCER_BROOCH": 2370,
      "REJUVENATE;1": 1580
    },
    "M2": {
      "RECOMBOBULATOR_3000": 17100,
      "RED_SCARF": 17100,
      "STONE_BLADE": 8550,
      "ULTIMATE_BANK;1": 8550,
      "MASTER_SKULL_TIER_2": 5700,
      "FUMING_POTATO_BOOK": 5700,
      "SCARF_STUDIES": 4275,
      "HOT_POTATO_BOOK": 3420,
      "ULTIMATE_COMBO;1": 3420,
      "ULTIMATE_NO_PAIN_NO_GAIN;1": 3420,
      "NECROMANCER_BROOCH": 3420,
      "ULTIMATE_WISE;1": 1710,
      "REJUVENATE;1": 1710
    },
    "M3": {
      "ADAPTIVE_CHESTPLATE": 23100,
      "ADAPTIVE_LEGGINGS": 23100,
      "ULTIMATE_JERRY;2": 23100,
      "FIRST_MASTER_STAR": 11550,
      "RECOMBOBULATOR_3000": 11550,
      "ADAPTIVE_HELMET": 11550,
      "ADAPTIVE_BOOTS": 11550,
      "FUMING_POTATO_BOOK": 7700,
      "MASTER_SKULL_TIER_3": 5775,
      "NECROMANCER_BROOCH": 5775,
      "HOT_POTATO_BOOK": 4620,
      "SUSPICIOUS_VIAL": 4620,
      "ULTIMATE_COMBO;1": 4620,
      "ULTIMATE_NO_PAIN_NO_GAIN;1": 4620,
      "ULTIMATE_WISE;1": 3850,
      "ULTIMATE_BANK;2": 3850,
      "ULTIMATE_WISDOM;1": 3850,
      "ULTIMATE_LAST_STAND;1": 2887,
      "REJUVENATE;2": 2887
    },
    "M4": {
      "SPIRIT_SWORD": 21600,
      "ITEM_SPIRIT_BOW": 21600,
      "THORNS_BOOTS": 21600,
      "SPIRIT;4": 21600,
      "ULTIMATE_JERRY;2": 21600,
      "SECOND_MASTER_STAR": 10800,
      "SPIRIT_WING": 10800,
      "RECOMBOBULATOR_3000": 10800,
      "SPIRIT_BONE": 10800,
      "SPIRIT_DECOY": 10800,
      "ULTIMATE_REND;2": 10800,
      "MASTER_SKULL_TIER_3": 7200,
      "FUMING_POTATO_BOOK": 7200,
      "ULTIMATE_NO_PAIN_NO_GAIN;1": 5400,
      "HOT_POTATO_BOOK": 4320,
      "ULTIMATE_COMBO;1": 4320,
      "ULTIMATE_WISE;1": 3600,
      "ULTIMATE_BANK;2": 3600,
      "ULTIMATE_WISDOM;1": 3600,
      "ULTIMATE_LAST_STAND;1": 2700,
      "REJUVENATE;2": 2700
    },
    "M5": {
      "SHADOW_FURY": 87000,
      "LAST_BREATH": 87000,
      "SHADOW_ASSASSIN_CHESTPLATE": 43500,
      "THIRD_MASTER_STAR": 43500,
      "AOTE_STONE": 43500,
      "LIVID_DAGGER": 21750,
      "ULTIMATE_JERRY;3": 21750,
      "SHADOW_ASSASSIN_LEGGINGS": 17400,
      "MASTER_SKULL_TIER_4": 17400,
      "RECOMBOBULATOR_3000": 14499,
      "SHADOW_ASSASSIN_HELMET": 8700,
      "ULTIMATE_BANK;3": 8700,
      "ULTIMATE_WISDOM;2": 7249,
      "SHADOW_ASSASSIN_BOOTS": 5800,
      "ULTIMATE_COMBO;2": 5800,
      "ULTIMATE_NO_PAIN_NO_GAIN;2": 5800,
      "FUMING_POTATO_BOOK": 4350,
      "OVERLOAD;1": 4350,
      "ULTIMATE_LEGION;1": 4350,
      "LETHALITY;6": 4350,
      "ULTIMATE_WISE;2": 2900,
      "REJUVENATE;3": 2485,
      "ULTIMATE_LAST_STAND;2": 2485
    },
    "M6": {
      "PRECURSOR_EYE": 412350,
      "GIANTS_SWORD": 274900,
      "NECROMANCER_LORD_CHESTPLATE": 103087,
      "FOURTH_MASTER_STAR": 82470,
      "SUMMONING_RING": 82470,
      "MASTER_SKULL_TIER_4": 82470,
      "NECROMANCER_SWORD": 41235,
      "NECROMANCER_LORD_LEGGINGS": 27490,
      "NECROMANCER_LORD_HELMET": 20617,
      "SADAN_BROOCH": 20617,
      "ULTIMATE_JERRY;3": 20617,
      "GIANT_TOOTH": 16494,
      "RECOMBOBULATOR_3000": 13745,
      "NECROMANCER_LORD_BOOTS": 13745,
      "GOLEM_POPPY": 5498,
      "ULTIMATE_SWARM;1": 5498,
      "ULTIMATE_NO_PAIN_NO_GAIN;2": 4712,
      "ULTIMATE_BANK;3": 4712,
      "FUMING_POTATO_BOOK": 4123,
      "ULTIMATE_COMBO;2": 4123,
      "ULTIMATE_WISDOM;2": 3665,
      "ULTIMATE_WISE;2": 2499,
      "REJUVENATE;3": 2170,
      "ULTIMATE_LAST_STAND;2": 2170
    },
    "M7": {
      "DYE_NECRON": 1356000,
      "STORM_THE_FISH": 813600,
      "MAXOR_THE_FISH": 813600,
      "GOLDOR_THE_FISH": 813600,
      "DARK_CLAYMORE": 406800,
      "SHADOW_WARP_SCROLL": 290571,
      "WITHER_SHIELD_SCROLL": 290571,
      "IMPLOSION_SCROLL": 290571,
      "NECRON_HANDLE": 271200,
      "THUNDERLORD;7": 203400,
      "MASTER_SKULL_TIER_5": 169500,
      "FIFTH_MASTER_STAR": 135600,
      "AUTO_RECOMBOBULATOR": 50850,
      "WITHER_CHESTPLATE": 50850,
      "ULTIMATE_ONE_FOR_ALL;1": 50850,
      "RECOMBOBULATOR_3000": 20340,
      "WITHER_LEGGINGS": 12712,
      "FEATHER_FALLING;7": 12712,
      "FUMING_POTATO_BOOK": 10170,
      "WITHER_CATALYST": 10170,
      "ULTIMATE_NO_PAIN_NO_GAIN;2": 10170,
      "WITHER_CLOAK": 8475,
      "WITHER_HELMET": 8475,
      "WITHER_BLOOD": 8475,
      "WITHER_BOOTS": 8475,
      "ULTIMATE_BANK;3": 8136,
      "ULTIMATE_WISDOM;2": 8136,
      "ULTIMATE_JERRY;3": 6780,
      "ULTIMATE_SOUL_EATER;1": 5085,
      "HOT_POTATO_BOOK": 5085,
      "ULTIMATE_WISE;2": 5085,
      "ULTIMATE_COMBO;2": 4068,
      "REJUVENATE;3": 4068,
      "ULTIMATE_LAST_STAND;2": 4068,
      "INFINITE_QUIVER;7": 4068,
      "PRECURSOR_GEAR": 3390
    }
  },
  "slayer": {
    "Revenant Horror": {
      "FOUL_FLESH": 3081,
      "ZOMBIE_SLAYER_RUNE;1": 7911,
      "UNDEAD_CATALYST": 24750,
      "SMITE;6": 61634,
      "BEHEADED_HORROR": 308175,
      "REVENANT_CATALYST": 49308,
      "SNAKE_RUNE;1": 329500,
      "REVENANT_VISCERA": 3631,
      "SCYTHE_BLADE": 484233,
      "SMITE;7": 1037642,
      "SHARD_OF_THE_SHREDDED": 907937,
      "WARDEN_HEART": 3631749
    },
    "Tarantula Broodfather": {
      "TOXIC_ARROW_POISON": 3277,
      "BITE_RUNE;1": 7716,
      "SPIDER_CATALYST": 24240,
      "BANE_OF_ARTHROPODS;6": 60110,
      "FLY_SWATTER": 300550,
      "TARANTULA_TALISMAN": 300550,
      "DIGESTED_MOSQUITO": 858714
    },
    "Sven Packmaster": {
      "HAMSTER_WHEEL": 3000,
      "SPIRIT_RUNE;1": 7857,
      "CRITICAL;6": 61135,
      "FURBALL": 60775,
      "RED_CLAW_EGG": 407566,
      "COUTURE_RUNE;1": 218166,
      "OVERFLUX_CAPACITOR": 1222700,
      "GRIZZLY_BAIT": 873357
    },
    "Voidgloom Seraph": {
      "TWILIGHT_ARROW_POISON": 3300,
      "ENDERSNAKE_RUNE;1": 9438,
      "SUMMONING_EYE": 74250,
      "MANA_STEAL;1": 11183,
      "TRANSMISSION_TUNER": 22366,
      "NULL_ATOM": 10120,
      "HAZMAT_ENDERMAN": 32202,
      "POCKET_ESPRESSO_MACHINE": 128809,
      "SMARTY_PANTS;1": 28338,
      "DRAGON_RUNE;1": 75505,
      "HANDY_BLOOD_CHALICE": 283380,
      "SINFUL_DICE": 108992,
      "EXCEEDINGLY_RARE_ENDER_ARTIFACT_UPGRADER": 1771125,
      "PET_SKIN_ENDERMAN_SLAYER": 302020,
      "ETHERWARP_MERGER": 118075,
      "JUDGEMENT_CORE": 885562,
      "ENCHANT_RUNE;1": 1078642,
      "ENDER_SLAYER;7": 3542250
    },
    "Inferno Demonlord": {
      "LAVATEARS_RUNE;1": 22471,
      "ARROW_BUNDLE_MAGMA": 5900,
      "MANA_DISINTEGRATOR": 12642,
      "SCORCHED_BOOKS": 22125,
      "KELVIN_INVERTER": 17700,
      "BLAZE_ROD_DISTILLATE": 9833,
      "GLOWSTONE_DUST_DISTILLATE": 9833,
      "MAGMA_CREAM_DISTILLATE": 9833,
      "NETHER_STALK_DISTILLATE": 9833,
      "CRUDE_GABAGOOL_DISTILLATE": 17700,
      "SCORCHED_POWER_CRYSTAL": 15416,
      "ARCHFIEND_DICE": 46250,
      "FIRE_ASPECT;3": 39368,
      "FIERY_BURST_RUNE;1": 252800,
      "FLAWED_OPAL_GEM": 17894,
      "ULTIMATE_REITERATE;1": 28119,
      "HIGH_CLASS_ARCHFIEND_DICE": 202239,
      "WILSON_ENGINEERING_PLANS": 578941,
      "SUBZERO_INVERTER": 578941,
      "POTION": 17700
    }
  }
}