{
	"credit": "Made with Blockbench",
	"parent": "minecraft:block/cross",
	"textures": {
		"1": "block/large_red_mushroom_model",
		"particle": "block/large_red_mushroom_model"
	},
	"elements": [
		{
			"from": [6.5, 0, 6.5],
			"to": [9.5, 2, 9.5],
			"shade": false,
			"faces": {
				"north": {"uv": [1.5, 7, 3, 8], "texture": "#1"},
				"east": {"uv": [1.5, 7, 3, 8], "texture": "#1"},
				"south": {"uv": [1.5, 7, 3, 8], "texture": "#1"},
				"west": {"uv": [1.5, 7, 3, 8], "texture": "#1"},
				"up": {"uv": [1.5, 7, 3, 8], "texture": "#1"},
				"down": {"uv": [1.5, 7, 3, 8.5], "texture": "#1"}
			}
		},
		{
			"from": [4.5, 2, 4.5],
			"to": [11.5, 6, 11.5],
			"shade": false,
			"faces": {
				"north": {"uv": [7, 4, 10.5, 6], "texture": "#1"},
				"east": {"uv": [3.5, 4, 7, 6], "texture": "#1"},
				"south": {"uv": [3.5, 2, 7, 4], "texture": "#1"},
				"west": {"uv": [7, 2, 10.5, 4], "texture": "#1"},
				"up": {"uv": [3.5, 3.5, 0, 0], "texture": "#1"},
				"down": {"uv": [3.5, 3.5, 0, 7], "texture": "#1"}
			}
		}
	]
}