{
	"credit": "Made with Blockbench",
	"parent": "minecraft:block/cross",
	"textures": {
		"1": "block/large_red_mushroom_model",
		"2": "block/red_mushroom_model",
		"particle": "block/large_red_mushroom_model"
	},
	"elements": [
		{
			"from": [3, -0.25, 11.25],
			"to": [5, 0.75, 13.25],
			"shade": false,
			"rotation": {"angle": 22.5, "axis": "y", "origin": [4, 2.75, 11.5]},
			"faces": {
				"north": {"uv": [10, 3, 12, 4], "texture": "#2"},
				"east": {"uv": [10, 3, 12, 4], "texture": "#2"},
				"south": {"uv": [10, 3, 12, 4], "texture": "#2"},
				"west": {"uv": [10, 3, 12, 4], "texture": "#2"},
				"up": {"uv": [10, 3, 12, 4], "texture": "#2"},
				"down": {"uv": [10, 3, 12, 5], "texture": "#2"}
			}
		},
		{
			"from": [1.5, 0.75, 9.75],
			"to": [6.5, 3.75, 14.75],
			"shade": false,
			"rotation": {"angle": 22.5, "axis": "y", "origin": [4, 2.75, 11.5]},
			"faces": {
				"north": {"uv": [5, 6, 10, 9], "texture": "#2"},
				"east": {"uv": [5, 6, 10, 9], "texture": "#2"},
				"south": {"uv": [5, 6, 10, 9], "texture": "#2"},
				"west": {"uv": [5, 6, 10, 9], "texture": "#2"},
				"up": {"uv": [5, 5, 0, 0], "texture": "#2"},
				"down": {"uv": [5, 5, 0, 10], "texture": "#2"}
			}
		},
		{
			"from": [8.5, 0, 4.25],
			"to": [11.5, 2, 7.25],
			"shade": false,
			"faces": {
				"north": {"uv": [1.5, 7, 3, 8], "texture": "#1"},
				"east": {"uv": [1.5, 7, 3, 8], "texture": "#1"},
				"south": {"uv": [1.5, 7, 3, 8], "texture": "#1"},
				"west": {"uv": [1.5, 7, 3, 8], "texture": "#1"},
				"up": {"uv": [1.5, 7, 3, 8], "texture": "#1"},
				"down": {"uv": [1.5, 7, 3, 8.5], "texture": "#1"}
			}
		},
		{
			"from": [6.5, 2, 2.25],
			"to": [13.5, 6, 9.25],
			"shade": false,
			"faces": {
				"north": {"uv": [7, 4, 10.5, 6], "texture": "#1"},
				"east": {"uv": [3.5, 4, 7, 6], "texture": "#1"},
				"south": {"uv": [3.5, 2, 7, 4], "texture": "#1"},
				"west": {"uv": [7, 2, 10.5, 4], "texture": "#1"},
				"up": {"uv": [3.5, 3.5, 0, 0], "texture": "#1"},
				"down": {"uv": [3.5, 3.5, 0, 7], "texture": "#1"}
			}
		}
	]
}