{
	"credit": "Made with Blockbench",
	"parent": "minecraft:block/cross",
	"textures": {
		"2": "block/large_red_mushroom_model",
		"4": "block/red_mushroom_model",
		"particle": "block/large_red_mushroom_model"
	},
	"elements": [
		{
			"from": [2.25, 0, 3.5],
			"to": [3.25, 1, 4.5],
			"shade": false,
			"rotation": {"angle": 0, "axis": "x", "origin": [2.25, 2, 3.5]},
			"faces": {
				"north": {"uv": [3, 10, 4, 11], "texture": "#4"},
				"east": {"uv": [3, 10, 4, 11], "texture": "#4"},
				"south": {"uv": [3, 10, 4, 11], "texture": "#4"},
				"west": {"uv": [3, 10, 4, 11], "texture": "#4"},
				"up": {"uv": [3, 10, 4, 11], "texture": "#4"},
				"down": {"uv": [3, 10, 4, 11], "texture": "#4"}
			}
		},
		{
			"from": [1.25, 1, 2.5],
			"to": [4.25, 3, 5.5],
			"shade": false,
			"rotation": {"angle": 0, "axis": "x", "origin": [2.25, 2, 3.5]},
			"faces": {
				"north": {"uv": [6, 11, 9, 13], "texture": "#4"},
				"east": {"uv": [6, 11, 9, 13], "texture": "#4"},
				"south": {"uv": [6, 11, 9, 13], "texture": "#4"},
				"west": {"uv": [6, 11, 9, 13], "texture": "#4"},
				"up": {"uv": [6, 13, 9, 16], "texture": "#4"},
				"down": {"uv": [6, 11, 9, 13], "texture": "#4"}
			}
		},
		{
			"from": [3.53701, 0, 10.94291],
			"to": [5.53701, 2, 12.94291],
			"shade": false,
			"rotation": {"angle": 45, "axis": "y", "origin": [4.28701, 3, 12.19291]},
			"faces": {
				"north": {"uv": [10, 3, 12, 5], "texture": "#4"},
				"east": {"uv": [10, 3, 12, 5], "texture": "#4"},
				"south": {"uv": [10, 3, 12, 5], "texture": "#4"},
				"west": {"uv": [10, 3, 12, 5], "texture": "#4"},
				"up": {"uv": [10, 3, 12, 5], "texture": "#4"},
				"down": {"uv": [10, 3, 12, 5], "texture": "#4"}
			}
		},
		{
			"from": [2.03701, 2, 9.44291],
			"to": [7.03701, 5, 14.44291],
			"shade": false,
			"rotation": {"angle": 45, "axis": "y", "origin": [4.28701, 3, 12.19291]},
			"faces": {
				"north": {"uv": [5, 6, 10, 9], "texture": "#4"},
				"east": {"uv": [5, 6, 10, 9], "texture": "#4"},
				"south": {"uv": [5, 6, 10, 9], "texture": "#4"},
				"west": {"uv": [5, 6, 10, 9], "texture": "#4"},
				"up": {"uv": [5, 5, 0, 0], "texture": "#4"},
				"down": {"uv": [5, 5, 0, 10], "texture": "#4"}
			}
		},
		{
			"from": [8.5, 0, 4],
			"to": [11.5, 2, 7],
			"shade": false,
			"rotation": {"angle": 22.5, "axis": "y", "origin": [10, 2.5, 6]},
			"faces": {
				"north": {"uv": [1.5, 7, 3, 8], "texture": "#2"},
				"east": {"uv": [1.5, 7, 3, 8], "texture": "#2"},
				"south": {"uv": [1.5, 7, 3, 8], "texture": "#2"},
				"west": {"uv": [1.5, 7, 3, 8], "texture": "#2"},
				"up": {"uv": [1.5, 7, 3, 8], "texture": "#2"},
				"down": {"uv": [1.5, 7, 3, 8.5], "texture": "#2"}
			}
		},
		{
			"from": [6.5, 2, 2],
			"to": [13.5, 6, 9],
			"shade": false,
			"rotation": {"angle": 22.5, "axis": "y", "origin": [10, 2.5, 6]},
			"faces": {
				"north": {"uv": [7, 4, 10.5, 6], "texture": "#2"},
				"east": {"uv": [3.5, 4, 7, 6], "texture": "#2"},
				"south": {"uv": [3.5, 2, 7, 4], "texture": "#2"},
				"west": {"uv": [7, 2, 10.5, 4], "texture": "#2"},
				"up": {"uv": [3.5, 3.5, 0, 0], "texture": "#2"},
				"down": {"uv": [3.5, 3.5, 0, 7], "texture": "#2"}
			}
		}
	]
}