{
	"credit": "Made with Blockbench",
	"ambientocclusion": false,
	"textures": {
		"1": "block/large_red_mushroom_model",
		"2": "block/flower_pot",
		"3": "block/dirt",
		"particle": "block/large_red_mushroom_model"
	},
	"elements": [
		{
			"from": [5, 0, 5],
			"to": [6, 6, 11],
			"faces": {
				"north": {"uv": [10, 10, 11, 16], "texture": "#2"},
				"east": {"uv": [5, 10, 11, 16], "texture": "#2"},
				"south": {"uv": [5, 10, 6, 16], "texture": "#2"},
				"west": {"uv": [5, 10, 11, 16], "texture": "#2"},
				"up": {"uv": [5, 5, 6, 11], "texture": "#2"},
				"down": {"uv": [5, 5, 6, 11], "texture": "#2", "cullface": "down"}
			}
		},
		{
			"from": [10, 0, 5],
			"to": [11, 6, 11],
			"faces": {
				"north": {"uv": [5, 10, 6, 16], "texture": "#2"},
				"east": {"uv": [5, 10, 11, 16], "texture": "#2"},
				"south": {"uv": [10, 10, 11, 16], "texture": "#2"},
				"west": {"uv": [5, 10, 11, 16], "texture": "#2"},
				"up": {"uv": [10, 5, 11, 11], "texture": "#2"},
				"down": {"uv": [10, 5, 11, 11], "texture": "#2", "cullface": "down"}
			}
		},
		{
			"from": [6, 0, 5],
			"to": [10, 6, 6],
			"faces": {
				"north": {"uv": [6, 10, 10, 16], "texture": "#2"},
				"east": {"uv": [0, 0, 0, 0], "texture": "#2"},
				"south": {"uv": [6, 10, 10, 16], "texture": "#2"},
				"west": {"uv": [0, 0, 0, 0], "texture": "#2"},
				"up": {"uv": [6, 5, 10, 6], "texture": "#2"},
				"down": {"uv": [6, 10, 10, 11], "texture": "#2", "cullface": "down"}
			}
		},
		{
			"from": [6, 0, 10],
			"to": [10, 6, 11],
			"faces": {
				"north": {"uv": [6, 10, 10, 16], "texture": "#2"},
				"east": {"uv": [0, 0, 0, 0], "texture": "#2"},
				"south": {"uv": [6, 10, 10, 16], "texture": "#2"},
				"west": {"uv": [0, 0, 0, 0], "texture": "#2"},
				"up": {"uv": [6, 10, 10, 11], "texture": "#2"},
				"down": {"uv": [6, 5, 10, 6], "texture": "#2", "cullface": "down"}
			}
		},
		{
			"from": [6, 0, 6],
			"to": [10, 4, 10],
			"faces": {
				"north": {"uv": [0, 0, 0, 0], "texture": "#3"},
				"east": {"uv": [0, 0, 0, 0], "texture": "#3"},
				"south": {"uv": [0, 0, 0, 0], "texture": "#3"},
				"west": {"uv": [0, 0, 0, 0], "texture": "#3"},
				"up": {"uv": [6, 6, 10, 10], "texture": "#3"},
				"down": {"uv": [6, 12, 10, 16], "texture": "#3", "cullface": "down"}
			}
		},
		{
			"from": [6.5, 4, 6.5],
			"to": [9.5, 8, 9.5],
			"shade": false,
			"faces": {
				"north": {"uv": [1.5, 7, 3, 9], "texture": "#1"},
				"east": {"uv": [1.5, 7, 3, 9], "texture": "#1"},
				"south": {"uv": [1.5, 7, 3, 9], "texture": "#1"},
				"west": {"uv": [1.5, 7, 3, 9], "texture": "#1"},
				"up": {"uv": [1.5, 7, 3, 9], "texture": "#1"},
				"down": {"uv": [1, 4.5, 2.5, 6], "texture": "#1"}
			}
		},
		{
			"from": [6.5, 4, 6.5],
			"to": [9.5, 8, 9.5],
			"shade": false,
			"faces": {
				"north": {"uv": [1.5, 7, 3, 9], "texture": "#1"},
				"east": {"uv": [1.5, 7, 3, 9], "texture": "#1"},
				"south": {"uv": [1.5, 7, 3, 9], "texture": "#1"},
				"west": {"uv": [1.5, 7, 3, 9], "texture": "#1"},
				"up": {"uv": [1.5, 7, 3, 9], "texture": "#1"},
				"down": {"uv": [1, 4.5, 2.5, 6], "texture": "#1"}
			}
		},
		{
			"from": [4.5, 8, 4.5],
			"to": [11.5, 12, 11.5],
			"shade": false,
			"faces": {
				"north": {"uv": [3.5, 4, 7, 6], "texture": "#1"},
				"east": {"uv": [3.5, 4, 7, 6], "texture": "#1"},
				"south": {"uv": [3.5, 4, 7, 6], "texture": "#1"},
				"west": {"uv": [3.5, 4, 7, 6], "texture": "#1"},
				"up": {"uv": [3.5, 3.5, 0, 0], "texture": "#1"},
				"down": {"uv": [3.5, 3.5, 0, 7], "texture": "#1"}
			}
		},
		{
			"from": [6, 12, 8],
			"to": [8, 12.5, 10],
			"shade": false,
			"rotation": {"angle": 0, "axis": "y", "origin": [7.25, 5.75, 11.5]},
			"faces": {
				"north": {"uv": [0, 15, 0.5, 16], "rotation": 90, "texture": "#1"},
				"east": {"uv": [0.5, 15, 1, 16], "rotation": 90, "texture": "#1"},
				"south": {"uv": [0, 15, 0, 16], "rotation": 90, "texture": "#1"},
				"west": {"uv": [0, 15, 0.5, 16], "rotation": 270, "texture": "#1"},
				"up": {"uv": [0, 15, 1, 16], "texture": "#1"},
				"down": {"uv": [0, 15, 1, 16], "rotation": 180, "texture": "#1"}
			}
		},
		{
			"from": [9, 12, 6],
			"to": [10, 12.5, 7],
			"shade": false,
			"rotation": {"angle": 0, "axis": "y", "origin": [9.5, 7, 11.5]},
			"faces": {
				"north": {"uv": [0.5, 15.5, 1, 16], "rotation": 270, "texture": "#1"},
				"east": {"uv": [0.5, 15.5, 1, 16], "rotation": 270, "texture": "#1"},
				"south": {"uv": [0.5, 15.5, 1, 16], "rotation": 270, "texture": "#1"},
				"west": {"uv": [0.5, 15.5, 1, 16], "rotation": 90, "texture": "#1"},
				"up": {"uv": [0.5, 15.5, 1, 16], "rotation": 180, "texture": "#1"},
				"down": {"uv": [0.5, 15.5, 1, 16], "texture": "#1"}
			}
		}
	],
	"groups": [
		{
			"name": "group",
			"origin": [0, 0, 0],
			"color": 0,
			"nbt": "{}",
			"armAnimationEnabled": false,
			"shade": false,
			"children": []
		},
		0,
		1,
		2,
		3,
		4,
		5,
		6,
		7,
		8,
		9
	]
}