{
	"credit": "Made with Blockbench",
	"textures": {
		"2": "block/acacia_door",
		"particle": "block/acacia_door_bottom"
	},
	"elements": [
		{
			"from": [0, 1, 5],
			"to": [3, 13, 7],
			"faces": {
				"north": {"uv": [2.2, 9, 2.8, 11.6], "texture": "#2"},
				"east": {"uv": [5.6, 9, 6, 11.4], "texture": "#2"},
				"south": {"uv": [1.2, 9, 1.8, 11.6], "texture": "#2"},
				"west": {"uv": [8.6, 9, 9, 11.4], "texture": "#2"},
				"up": {"uv": [10, 4.2, 10, 4.2], "rotation": 270, "texture": "#2"}
			}
		},
		{
			"from": [0, 0, 0],
			"to": [3, 13, 3],
			"faces": {
				"north": {"uv": [7, 9, 7.6, 11.6], "texture": "#2"},
				"east": {"uv": [6.4, 9, 7, 11.6], "texture": "#2"},
				"south": {"uv": [0.2, 9, 0.8, 11.6], "texture": "#2"},
				"west": {"uv": [7.6, 9, 8.2, 11.6], "texture": "#2"},
				"up": {"uv": [10, 4.2, 10, 4.2], "rotation": 270, "texture": "#2"}
			}
		},
		{
			"from": [0, 1, 9],
			"to": [3, 13, 11],
			"faces": {
				"north": {"uv": [1.2, 9, 1.8, 11.6], "texture": "#2"},
				"east": {"uv": [4.8, 9, 5.2, 11.4], "texture": "#2"},
				"south": {"uv": [2.2, 9, 2.8, 11.6], "texture": "#2"},
				"west": {"uv": [9.4, 9, 9.8, 11.4], "texture": "#2"},
				"up": {"uv": [10, 4.2, 10, 4.2], "rotation": 270, "texture": "#2"}
			}
		},
		{
			"from": [0, 0, 13],
			"to": [3, 13, 16],
			"faces": {
				"north": {"uv": [2.2, 9, 2.8, 11.6], "texture": "#2"},
				"east": {"uv": [3.8, 9, 4.4, 11.6], "texture": "#2"},
				"south": {"uv": [3.2, 9, 3.8, 11.6], "texture": "#2"},
				"west": {"uv": [10.2, 9, 10.8, 11.6], "texture": "#2"},
				"up": {"uv": [10, 4.2, 10, 4.2], "rotation": 270, "texture": "#2"}
			}
		},
		{
			"from": [0, 0, 3],
			"to": [3, 1, 13],
			"faces": {
				"north": {"uv": [14.4, 5.4, 14.4, 5.4], "texture": "#2"},
				"east": {"uv": [4.4, 11.4, 6.4, 11.6], "texture": "#2"},
				"south": {"uv": [15.6, 7.2, 15.6, 7.2], "texture": "#2"},
				"west": {"uv": [8.2, 11.4, 10.2, 11.6], "texture": "#2"},
				"up": {"uv": [8.2, 14.2, 10.2, 14.8], "rotation": 270, "texture": "#2"},
				"down": {"uv": [12.2, 13.4, 12.2, 13.4], "rotation": 270, "texture": "#2"}
			}
		},
		{
			"from": [0, 13, 0],
			"to": [3, 16, 16],
			"faces": {
				"north": {"uv": [7, 8.4, 7.6, 9], "texture": "#2"},
				"east": {"uv": [3.8, 8.4, 7, 9], "texture": "#2"},
				"south": {"uv": [3.2, 8.4, 3.8, 9], "texture": "#2"},
				"west": {"uv": [7.6, 8.4, 10.8, 9], "texture": "#2"},
				"up": {"uv": [3.8, 7.8, 7, 8.4], "rotation": 270, "texture": "#2"},
				"down": {"uv": [0, 8.2, 3.2, 8.8], "rotation": 270, "texture": "#2"}
			}
		}
	]
}