{
	"credit": "Made with Blockbench",
    "ambientocclusion": false,
	"textures": {
		"2": "block/birch_door",
		"particle": "block/birch_door_bottom"
	},
	"elements": [
		{
			"from": [0, 13, 3],
			"to": [3, 16, 13],
			"faces": {
				"north": {"uv": [12.6, 5, 12.6, 5], "texture": "#2"},
				"east": {"uv": [4.4, 8.4, 6.4, 9], "texture": "#2"},
				"south": {"uv": [13.2, 4, 13.2, 4], "texture": "#2"},
				"west": {"uv": [8.2, 8.4, 10.2, 9], "texture": "#2"},
				"up": {"uv": [4.4, 7.8, 6.4, 8.4], "rotation": 90, "texture": "#2"},
				"down": {"uv": [8.2, 14.8, 10.2, 15.4], "rotation": 90, "texture": "#2"}
			}
		},
		{
			"from": [0, 0, 0],
			"to": [3, 16, 3],
			"faces": {
				"north": {"uv": [7.6, 8.4, 7, 11.6], "texture": "#2"},
				"east": {"uv": [6.4, 8.4, 7, 11.6], "texture": "#2"},
				"south": {"uv": [3.2, 8.4, 3.8, 11.6], "texture": "#2"},
				"west": {"uv": [7.6, 8.4, 8.2, 11.6], "texture": "#2"},
				"up": {"uv": [3.8, 7.8, 4.4, 8.4], "rotation": 90, "texture": "#2"},
				"down": {"uv": [12.2, 9, 12.2, 9], "rotation": 90, "texture": "#2"}
			}
		},
		{
			"from": [0, 0, 13],
			"to": [3, 16, 16],
			"faces": {
				"north": {"uv": [3.2, 8.4, 3.8, 11.6], "texture": "#2"},
				"east": {"uv": [3.8, 8.4, 4.4, 11.6], "texture": "#2"},
				"south": {"uv": [10.8, 8.4, 11.4, 11.6], "texture": "#2"},
				"west": {"uv": [10.2, 8.4, 10.8, 11.6], "texture": "#2"},
				"up": {"uv": [6.4, 7.8, 7, 8.4], "rotation": 90, "texture": "#2"},
				"down": {"uv": [13.6, 10, 25.8, 10], "rotation": 90, "texture": "#2"}
			}
		},
		{
			"from": [1, 0, 3],
			"to": [2, 13, 13],
			"faces": {
				"north": {"uv": [13.6, 6.8, 13.6, 6.8], "texture": "#2"},
				"east": {"uv": [4.4, 9, 6.4, 11.6], "texture": "#2"},
				"south": {"uv": [14.2, 12.8, 14.2, 12.8], "texture": "#2"},
				"west": {"uv": [8.2, 9, 10.2, 11.6], "texture": "#2"},
				"up": {"uv": [12.6, 7.4, 12.6, 7.4], "rotation": 90, "texture": "#2"},
				"down": {"uv": [12.8, 11.2, 12.8, 11.2], "rotation": 90, "texture": "#2"}
			}
		}
	]
}