{
  "itemid": "minecraft:enchanted_book",
  "displayname": "§fEnchanted Book",
  "nbttag": "{ench:[],HideFlags:254,display:{Lore:[0:\"§9Bane of Arthropods IV\",1:\"§7Increases damage dealt to\",2:\"§7§7Silverfish§7, §7Spiders§7, and\",3:\"§7§7Cave Spiders§7 by §a40%§7.\",4:\"\",5:\"§7Use this on an item in an Anvil\",6:\"§7to apply it!\",7:\"\",8:\"§6Source:\",9:\"§aI-V: §7Enchantment Table,\",10:\"§7Spider Eye Collection\",11:\"\",12:\"§6Applied To:\",13:\"§7- §fSword\",14:\"§7- §fFishing Weapon\",15:\"§7- §fLongsword\",16:\"§7- §fGauntlet\",17:\"\",18:\"§6Conflicts:\",19:\"§7- §cSmite\",20:\"§7- §cSharpness\",21:\"\",22:\"§f§lCOMMON\"],Name:\"§fEnchanted Book\"},ExtraAttributes:{id:\"BANE_OF_ARTHROPODS;4\",enchantments:{bane_of_arthropods:4}}}",
  "damage": 0,
  "lore": [
    "§9Bane of Arthropods IV",
    "§7Increases damage dealt to",
    "§7§7Silverfish§7, §7Spiders§7, and",
    "§7§7Cave Spiders§7 by §a40%§7.",
    "",
    "§7Use this on an item in an Anvil",
    "§7to apply it!",
    "",
    "§6Source:",
    "§aI-V: §7Enchantment Table,",
    "§7Spider Eye Collection",
    "",
    "§6Applied To:",
    "§7- §fSword",
    "§7- §fFishing Weapon",
    "§7- §fLongsword",
    "§7- §fGauntlet",
    "",
    "§6Conflicts:",
    "§7- §cSmite",
    "§7- §cSharpness",
    "",
    "§f§lCOMMON"
  ],
  "recipe": {
    "A1": "",
    "A2": "",
    "A3": "",
    "B1": "",
    "B2": "PAPER:8",
    "B3": "PAPER:8",
    "C1": "",
    "C2": "PAPER:8",
    "C3": "SPIDER_EYE:8"
  },
  "internalname": "BANE_OF_ARTHROPODS;4",
  "clickcommand": "viewrecipe",
  "modver": "2.1.0-REL",
  "crafttext": "",
  "infoType": ""
}