{
  "itemid": "minecraft:skull",
  "displayname": "§5Bee Hive",
  "nbttag": "{HideFlags:254,SkullOwner:{Id:\"0046a505-65d2-3982-a624-7eedf0b2ae76\",Properties:{textures:[0:{Value:\"eyJ0ZXh0dXJlcyI6eyJTS0lOIjp7InVybCI6Imh0dHA6Ly90ZXh0dXJlcy5taW5lY3JhZnQubmV0L3RleHR1cmUvZDcxMGY5YWEzMjZjNzIwNTAzODM5MmFlYjEyZjQ1Y2UyMmNmNmExMzM2YjgyMTI5NjY4YmVhMWZjNDZkNDI4NSJ9fX0\u003d\"}]}},display:{Lore:[0:\"§8Furniture\",1:\"§8Easter Cosmetic\",2:\"\",3:\"§7This exclusive §dEaster\",4:\"§d§7cosmetic can be placed on your\",5:\"§7island or traded.\",6:\"\",7:\"§5§lEPIC\"],Name:\"§5Bee Hive\"},ExtraAttributes:{id:\"BEE_HIVE\"}}",
  "damage": 3,
  "lore": [
    "§8Furniture",
    "§8Easter Cosmetic",
    "",
    "§7This exclusive §dEaster",
    "§d§7cosmetic can be placed on your",
    "§7island or traded.",
    "",
    "§5§lEPIC"
  ],
  "internalname": "BEE_HIVE",
  "crafttext": "",
  "clickcommand": "",
  "modver": "2.1.1-PRE",
  "infoType": ""
}