{
  "itemid": "minecraft:skull",
  "displayname": "§fBig Brain Talisman",
  "nbttag": "{HideFlags:254,SkullOwner:{Id:\"b1120863-5c99-3462-b17b-c9a11e941776\",Properties:{textures:[0:{Value:\"eyJ0ZXh0dXJlcyI6eyJTS0lOIjp7InVybCI6Imh0dHA6Ly90ZXh0dXJlcy5taW5lY3JhZnQubmV0L3RleHR1cmUvNzBlYTVhNDZjMDk4NmNkZTM4ZTk2OTFhM2I3YjcxOTBjYTI4ZTg4YzAzY2E0ZTdiNjViMmViM2Q0MzFjMWUzYSJ9fX0\u003d\"}]}},display:{Lore:[0:\"\",1:\"§8§l* §8Co-op Soulbound §8§l*\",2:\"§5§kX§5 Rift-Transferable §kX\",3:\"§f§lCOMMON ACCESSORY\"],Name:\"§fBig Brain Talisman\"},ExtraAttributes:{id:\"BIG_BRAIN_TALISMAN\"}}",
  "damage": 3,
  "lore": [
    "",
    "§8§l* §8Co-op Soulbound §8§l*",
    "§5§kX§5 Rift-Transferable §kX",
    "§f§lCOMMON ACCESSORY"
  ],
  "internalname": "BIG_BRAIN_TALISMAN",
  "crafttext": "",
  "clickcommand": "",
  "modver": "2.1.1-PRE",
  "infoType": "WIKI_URL",
  "info": [
    "https://hypixel-skyblock.fandom.com/wiki/Big_Brain_Talisman",
    "https://wiki.hypixel.net/Big_Brain_Talisman"
  ]
}