{
  "itemid": "minecraft:iron_sword",
  "displayname": "§9Blade of the Volcano",
  "nbttag": "{ench:[],Unbreakable:1b,HideFlags:254,display:{Lore:[0:\"§7Damage: §c+220\",1:\"§7Strength: §c+70\",2:\"§7Crit Damage: §c+20%\",3:\"\",4:\"§7A powerful blade forged in the\",5:\"§7depths of the §6Blazing\",6:\"§6Volcano§7.\",7:\"\",8:\"§7§7Gain §c+100❁ Strength\",9:\"§c§7against enemies who are in\",10:\"§7lava.\",11:\"\",12:\"§7§8This item can be reforged!\",13:\"§9§lRARE SWORD\"],Name:\"§9Blade of the Volcano\"},ExtraAttributes:{id:\"BLADE_OF_THE_VOLCANO\"}}",
  "damage": 0,
  "lore": [
    "§7Damage: §c+220",
    "§7Strength: §c+70",
    "§7Crit Damage: §c+20%",
    "",
    "§7A powerful blade forged in the",
    "§7depths of the §6Blazing",
    "§6Volcano§7.",
    "",
    "§7§7Gain §c+100❁ Strength",
    "§c§7against enemies who are in",
    "§7lava.",
    "",
    "§7§8This item can be reforged!",
    "§9§lRARE SWORD"
  ],
  "internalname": "BLADE_OF_THE_VOLCANO",
  "crafttext": "",
  "clickcommand": "",
  "modver": "2.1.0-REL",
  "infoType": "WIKI_URL",
  "info": [
    "https://hypixel-skyblock.fandom.com/wiki/Blade_of_the_Volcano",
    "https://wiki.hypixel.net/Blade_Of_The_Volcano"
  ]
}