{
  "itemid": "minecraft:blaze_powder",
  "displayname": "§fBlaze Powder",
  "nbttag": "{HideFlags:254,display:{Lore:[0:\"§8Brewing Ingredient\",1:\"§f§lCOMMON\"],Name:\"§fBlaze Powder\"},ExtraAttributes:{id:\"BLAZE_POWDER\"}}",
  "damage": 0,
  "lore": [
    "§8Brewing Ingredient",
    "§f§lCOMMON"
  ],
  "internalname": "BLAZE_POWDER",
  "modver": "2.1.1-PRE",
  "vanilla": true,
  "clickcommand": "viewrecipe",
  "recipe": {
    "A1": "BLAZE_ROD:1",
    "A2": "",
    "A3": "",
    "B1": "",
    "B2": "",
    "B3": "",
    "C1": "",
    "C2": "",
    "C3": ""
  },
  "infoType": "WIKI_URL",
  "info": [
    "https://hypixel-skyblock.fandom.com/wiki/Blaze_Powder"
  ],
  "crafttext": ""
}