{
  "itemid": "minecraft:skull",
  "displayname": "§f§f§7[Lvl {LVL}] §5Blue Whale",
  "nbttag": "{overrideMeta:1b,HideFlags:254,SkullOwner:{Id:\"47c8ba46-82ac-3c09-b511-5502860eb012\",Properties:{textures:[0:{Value:\"eyJ0ZXh0dXJlcyI6eyJTS0lOIjp7InVybCI6Imh0dHA6Ly90ZXh0dXJlcy5taW5lY3JhZnQubmV0L3RleHR1cmUvZGFiNzc5YmJjY2M4NDlmODgyNzNkODQ0ZThjYTJmM2E2N2ExNjk5Y2IyMTZjMGExMWI0NDMyNmNlMmNjMjAifX19\"}]}},display:{Lore:[0:\"§8Fishing Pet\",1:\"\",2:\"§7Health: §a{HEALTH}\",3:\"\",4:\"§6Ingest\",5:\"§7§7All potions heal §c+{0}❤§7.\",6:\"\",7:\"§6Bulk\",8:\"§7§7Gain §a{1}§a❈ Defense §7per\",9:\"§7§c20.0 Max §c❤ Health§7.\",10:\"\",11:\"§7§eRight-click to add this pet to\",12:\"§eyour pet menu!\",13:\"\",14:\"§5§lEPIC\"],Name:\"§f§f§7[Lvl {LVL}] §5Blue Whale\"},ExtraAttributes:{petInfo:\"{\\\"type\\\":\\\"BLUE_WHALE\\\",\\\"active\\\":false,\\\"exp\\\":0,\\\"tier\\\":\\\"EPIC\\\",\\\"hideInfo\\\":false,\\\"candyUsed\\\":0}\",id:\"BLUE_WHALE;3\"},AttributeModifiers:[]}",
  "damage": 3,
  "lore": [
    "§8Fishing Pet",
    "",
    "§7Health: §a{HEALTH}",
    "",
    "§6Ingest",
    "§7§7All potions heal §c+{0}❤§7.",
    "",
    "§6Bulk",
    "§7§7Gain §a{1}§a❈ Defense §7per",
    "§7§c20.0 Max §c❤ Health§7.",
    "",
    "§7§eRight-click to add this pet to",
    "§eyour pet menu!",
    "",
    "§5§lEPIC"
  ],
  "internalname": "BLUE_WHALE;3",
  "clickcommand": "",
  "modver": "2.1.1-PRE",
  "infoType": "WIKI_URL",
  "info": [
    "https://hypixel-skyblock.fandom.com/wiki/Blue_Whale_Pet",
    "https://wiki.hypixel.net/Blue_Whale_Pet"
  ],
  "crafttext": ""
}