{
  "itemid": "minecraft:cookie",
  "displayname": "§6Booster Cookie",
  "nbttag": "{ench:[],HideFlags:254,display:{Lore:[0:\"§7Consume to gain the §dCookie\",1:\"§dBuff §7for §b4 §7days:\",2:\"\",3:\"§8‣ §7Ability to gain §bBits§7!\",4:\"§8‣ §3+25☯ §7on all §3Wisdom §7stats\",5:\"§8‣ §b+15✯ §7Magic Find\",6:\"§8‣ §7Keep §6coins §7and §deffects §7on death\",7:\"§8‣ §ePermafly §7on private islands\",8:\"§8‣ §7Access §6/ah §7and §6/bazaar §7anywhere\",9:\"§8‣ §7Sell items directly to the trades and cookie menu\",10:\"§8‣ §7AFK §aimmunity §7on your island\",11:\"§8‣ §7Toggle specific §dpotion effects\",12:\"§8‣ §7Access to §6/anvil§7, §6/etable§7, and §6/hex\",13:\"§8‣ §7Access to §6/accessorybag§7, §b/fishingbag§7,\",14:\"§d/potionbag§7, and §e/quiver\",15:\"\",16:\"§6§lLEGENDARY\"],Name:\"§6Booster Cookie\"},ExtraAttributes:{id:\"BOOSTER_COOKIE\"}}",
  "damage": 0,
  "lore": [
    "§7Consume to gain the §dCookie",
    "§dBuff §7for §b4 §7days:",
    "",
    "§8‣ §7Ability to gain §bBits§7!",
    "§8‣ §3+25☯ §7on all §3Wisdom §7stats",
    "§8‣ §b+15✯ §7Magic Find",
    "§8‣ §7Keep §6coins §7and §deffects §7on death",
    "§8‣ §ePermafly §7on private islands",
    "§8‣ §7Access §6/ah §7and §6/bazaar §7anywhere",
    "§8‣ §7Sell items directly to the trades and cookie menu",
    "§8‣ §7AFK §aimmunity §7on your island",
    "§8‣ §7Toggle specific §dpotion effects",
    "§8‣ §7Access to §6/anvil§7, §6/etable§7, and §6/hex",
    "§8‣ §7Access to §6/accessorybag§7, §b/fishingbag§7,",
    "§d/potionbag§7, and §e/quiver",
    "",
    "§6§lLEGENDARY"
  ],
  "internalname": "BOOSTER_COOKIE",
  "crafttext": "",
  "clickcommand": "",
  "modver": "2.1.0-REL",
  "infoType": "WIKI_URL",
  "info": [
    "https://hypixel-skyblock.fandom.com/wiki/Booster_Cookie",
    "https://wiki.hypixel.net/Booster_Cookie"
  ]
}