{
  "itemid": "minecraft:experience_bottle",
  "displayname": "§9Bottled Odonata",
  "nbttag": "{HideFlags:254,display:{Lore:[0:\"§7There\u0027s an §9Odonata §7in there!\",1:\"§7Look:\",2:\"§b+---------------+\",3:\"§b| §e█§9█§9█§9█§9█§9█§9█§9█§9█§e█§b |\",4:\"§b| §e█§9█§9█§9█§9█§9█§9█§9█§9█§e█§b |\",5:\"§b| §e█§9█§9█§9█§9█§9█§9█§9█§9█§e█§b |\",6:\"§b| §e█§9█§9█§9█§9█§9█§9█§9█§9█§e█§b |\",7:\"§b| §9█§9█§9█§e█§e█§e█§e█§9█§9█§9█§b |\",8:\"§b| §9█§9█§9█§9█§9█§9█§9█§9█§9█§9█§b |\",9:\"§b+---------------+\",10:\"\",11:\"§9§lRARE\"],Name:\"§9Bottled Odonata\"},ExtraAttributes:{id:\"BOTTLED_ODONATA\"}}",
  "damage": 0,
  "lore": [
    "§7There\u0027s an §9Odonata §7in there!",
    "§7Look:",
    "§b+---------------+",
    "§b| §e█§9█§9█§9█§9█§9█§9█§9█§9█§e█§b |",
    "§b| §e█§9█§9█§9█§9█§9█§9█§9█§9█§e█§b |",
    "§b| §e█§9█§9█§9█§9█§9█§9█§9█§9█§e█§b |",
    "§b| §e█§9█§9█§9█§9█§9█§9█§9█§9█§e█§b |",
    "§b| §9█§9█§9█§e█§e█§e█§e█§9█§9█§9█§b |",
    "§b| §9█§9█§9█§9█§9█§9█§9█§9█§9█§9█§b |",
    "§b+---------------+",
    "",
    "§9§lRARE"
  ],
  "internalname": "BOTTLED_ODONATA",
  "crafttext": "",
  "clickcommand": "",
  "modver": "2.1.1-PRE",
  "infoType": "WIKI_URL",
  "info": [
    "https://hypixel-skyblock.fandom.com/wiki/Bottled_Odonata",
    "https://wiki.hypixel.net/Bottled_Odonata"
  ]
}