{
  "itemid": "minecraft:skull",
  "displayname": "§9Bramass Beastslayer (NPC)",
  "nbttag": "{SkullOwner:{Id:\"3bf56255-8576-2286-9556-b5c3ba28ba1b\",Properties:{textures:[0:{Value:\"eyJ0ZXh0dXJlcyI6eyJTS0lOIjp7InVybCI6Imh0dHBzOi8vdGV4dHVyZXMubWluZWNyYWZ0Lm5ldC90ZXh0dXJlL2FhZWY1MTc5OThiOWQ5M2Y2MmQwMDU2N2NmNmJjNjg4NTFhMzRiZDk5ZjM3MDY5OGY4YjZkNjJkOWRlNGMzZTQifX19\"}]},Name:\"3bf56255-8576-2286-9556-b5c3ba28ba1b\"},display:{Lore:[0:\"\"],Name:\"§9Bramass Beastslayer (NPC)\"},ExtraAttributes:{id:\"BRAMASS_BEASTSLAYER_NPC\"}}",
  "damage": 3,
  "lore": [
    ""
  ],
  "internalname": "BRAMASS_BEASTSLAYER_NPC",
  "clickcommand": "",
  "modver": "2.1.1-PRE",
  "x": -271,
  "y": 114,
  "z": -196,
  "island": "combat_1"
}