{
    "variants": {
      "": [
        { "model": "block/dandelion/0" , "distance":1 },
        { "model": "block/dandelion/0" , "distance":1 ,"y":90},
        { "model": "block/dandelion/0" , "distance":1 ,"y":180},
        { "model": "block/dandelion/0" , "distance":1 ,"y":270},
        { "model": "block/dandelion/1" , "distance":1},
        { "model": "block/dandelion/1" , "distance":1 ,"y":90},
        { "model": "block/dandelion/1" , "distance":1 ,"y":180},
        { "model": "block/dandelion/1" , "distance":1 ,"y":270},
        { "model": "block/dandelion/2" , "distance":1},
        { "model": "block/dandelion/2" , "distance":1 ,"y":90},
        { "model": "block/dandelion/2" , "distance":1 ,"y":180},
        { "model": "block/dandelion/2" , "distance":1 ,"y":270}
      ]
    }
  }