{
    "variants": {
      "": [
        { "model": "block/lily_pad/0" , "weight":5000 , "distance": 1 },
        { "model": "block/lily_pad/0" , "weight":5000 , "distance": 1 , "y": 90 },
        { "model": "block/lily_pad/0" , "weight":5000 , "distance": 1 , "y": 180 },
        { "model": "block/lily_pad/0" , "weight":5000 , "distance": 1 , "y": 270 },
        { "model": "block/lily_pad/1" , "weight":1000 , "distance": 1 },
        { "model": "block/lily_pad/1" , "weight":1000 , "distance": 1 , "y": 90 },
        { "model": "block/lily_pad/1" , "weight":1000 , "distance": 1 , "y": 180 },
        { "model": "block/lily_pad/1" , "weight":1000 , "distance": 1 , "y": 270 },
        { "model": "block/lily_pad/2" , "weight":1000 , "distance": 1 },
        { "model": "block/lily_pad/2" , "weight":1000 , "distance": 1 , "y": 90 },
        { "model": "block/lily_pad/2" , "weight":1000 , "distance": 1 , "y": 180 },
        { "model": "block/lily_pad/2" , "weight":1000 , "distance": 1 , "y": 270 },
        { "model": "block/lily_pad/3" , "weight":5000 , "distance": 1 },
        { "model": "block/lily_pad/3" , "weight":5000 , "distance": 1 , "y": 90 },
        { "model": "block/lily_pad/3" , "weight":5000 , "distance": 1 , "y": 180 },
        { "model": "block/lily_pad/3" , "weight":5000 , "distance": 1 , "y": 270 },
        { "model": "block/lily_pad/4" , "weight":5000 , "distance": 1 },
        { "model": "block/lily_pad/4" , "weight":5000 , "distance": 1 , "y": 90 },
        { "model": "block/lily_pad/4" , "weight":5000 , "distance": 1 , "y": 180 },
        { "model": "block/lily_pad/4" , "weight":5000 , "distance": 1 , "y": 270 },
        { "model": "block/lily_pad/5" , "weight":500 , "distance": 1 },
        { "model": "block/lily_pad/5" , "weight":500 , "distance": 1 , "y": 90 },
        { "model": "block/lily_pad/5" , "weight":500 , "distance": 1 , "y": 180 },
        { "model": "block/lily_pad/5" , "weight":500 , "distance": 1 , "y": 270 }
      ]
    }
  }