{
	"credit": "Made with Blockbench",
	"parent": "minecraft:block/cross",
	"texture_size": [32, 32],
	"textures": {
		"1": "block/amethyst_cluster_model",
		"particle": "block/amethyst_cluster_model"
	},
	"elements": [
		{
			"from": [6, 0, 6.25],
			"to": [10, 12, 10.25],
			"shade": false,
			"rotation": {"angle": 0, "axis": "y", "origin": [0, 0, 0.25]},
			"faces": {
				"north": {"uv": [0, 0, 2, 6], "texture": "#1"},
				"east": {"uv": [0, 0, 2, 6], "texture": "#1"},
				"south": {"uv": [0, 0, 2, 6], "texture": "#1"},
				"west": {"uv": [0, 0, 2, 6], "texture": "#1"},
				"up": {"uv": [8, 2, 6, 0], "texture": "#1"},
				"down": {"uv": [4, 6, 2, 8], "texture": "#1"}
			}
		},
		{
			"from": [6, -1.75, 8.75],
			"to": [10, 5.25, 12.75],
			"shade": false,
			"rotation": {"angle": 45, "axis": "x", "origin": [8, 2, 12.25]},
			"faces": {
				"north": {"uv": [0, 0, 2, 3.5], "texture": "#1"},
				"east": {"uv": [0, 0, 2, 3.5], "texture": "#1"},
				"south": {"uv": [0, 0, 2, 3.5], "texture": "#1"},
				"west": {"uv": [0, 0, 2, 3.5], "texture": "#1"},
				"up": {"uv": [6, 0, 8, 2], "texture": "#1"},
				"down": {"uv": [0, 0, 2, 2.5], "texture": "#1"}
			}
		},
		{
			"from": [9.25, -1, 6.25],
			"to": [13.25, 7, 10.25],
			"shade": false,
			"rotation": {"angle": -22.5, "axis": "z", "origin": [12, 3, 8.25]},
			"faces": {
				"north": {"uv": [0, 0, 2, 3], "texture": "#1"},
				"east": {"uv": [0, 0, 2, 4], "texture": "#1"},
				"south": {"uv": [0, 0, 2, 4.5], "texture": "#1"},
				"west": {"uv": [0, 0, 2, 3], "texture": "#1"},
				"up": {"uv": [6, 0, 8, 2], "texture": "#1"},
				"down": {"uv": [0, 0, 2, 3], "texture": "#1"}
			}
		},
		{
			"from": [6, -2.25, 2.75],
			"to": [10, 8.75, 6.75],
			"shade": false,
			"rotation": {"angle": -22.5, "axis": "x", "origin": [8, 4, 4.25]},
			"faces": {
				"north": {"uv": [0, 0, 2, 5.5], "texture": "#1"},
				"east": {"uv": [0, 0, 2, 5.5], "texture": "#1"},
				"south": {"uv": [0, 0, 2, 5.5], "texture": "#1"},
				"west": {"uv": [0, 0, 2, 5.5], "texture": "#1"},
				"up": {"uv": [6, 0, 8, 2], "texture": "#1"},
				"down": {"uv": [0, 0, 2, 2], "texture": "#1"}
			}
		},
		{
			"from": [2.75, -1.5, 6.25],
			"to": [6.75, 6.5, 10.25],
			"shade": false,
			"rotation": {"angle": 45, "axis": "z", "origin": [4, 3, 8.25]},
			"faces": {
				"north": {"uv": [0, 0, 2, 4], "texture": "#1"},
				"east": {"uv": [0, 0, 2, 4], "texture": "#1"},
				"south": {"uv": [0, 0, 2, 4], "texture": "#1"},
				"west": {"uv": [0, 0, 2, 4], "texture": "#1"},
				"up": {"uv": [6, 0, 8, 2], "texture": "#1"},
				"down": {"uv": [0, 0, 2, 4], "texture": "#1"}
			}
		}
	]
}