{
	"credit": "Made with Blockbench",
	"parent": "minecraft:block/cross",
	"ambientocclusion": false,
	"texture_size": [64, 64],
	"textures": {
		"0": "block/azure_bluet_model",
		"particle": "block/azure_bluet_model"
	},
	"elements": [
		{
			"from": [8.891, -4, 12.64349],
			"to": [12.291, 10, 12.64349],
			"shade": false,
			"rotation": {"angle": -22.5, "axis": "y", "origin": [13.2564, 5, 14.26736], "rescale": true},
			"faces": {
				"north": {"uv": [0.75, 0, 1.5, 3], "texture": "#0", "tintindex": 0},
				"east": {"uv": [0.75, 0, 1.5, 3], "texture": "#0", "tintindex": 0},
				"south": {"uv": [1.5, 0, 0.75, 3], "texture": "#0", "tintindex": 0},
				"west": {"uv": [0.75, 0, 1.5, 3], "texture": "#0", "tintindex": 0},
				"up": {"uv": [0.75, 0, 1.5, 3], "texture": "#0", "tintindex": 0},
				"down": {"uv": [0.75, 0, 1.5, 3], "texture": "#0", "tintindex": 0}
			}
		},
		{
			"from": [10.45615, -4, 10.82834],
			"to": [10.45615, 10, 14.22834],
			"shade": false,
			"rotation": {"angle": -22.5, "axis": "y", "origin": [13.2564, 6, 14.26736], "rescale": true},
			"faces": {
				"north": {"uv": [0.75, 0, 1.5, 3], "texture": "#0", "tintindex": 0},
				"east": {"uv": [0.75, 0, 1.5, 3], "texture": "#0", "tintindex": 0},
				"south": {"uv": [0.75, 0, 1.5, 3], "texture": "#0", "tintindex": 0},
				"west": {"uv": [1.5, 0, 0.75, 3], "texture": "#0", "tintindex": 0},
				"up": {"uv": [0.75, 0, 1.5, 3], "texture": "#0", "tintindex": 0},
				"down": {"uv": [0.75, 0, 1.5, 3], "texture": "#0", "tintindex": 0}
			}
		},
		{
			"from": [2.28137, -1.75, 5.05119],
			"to": [5.68137, 12.25, 5.05119],
			"shade": false,
			"rotation": {"angle": 22.5, "axis": "y", "origin": [2.74429, 6.25, 2.82052], "rescale": true},
			"faces": {
				"north": {"uv": [1.5, 0, 0.75, 3], "texture": "#0", "tintindex": 0},
				"east": {"uv": [1.5, 0, 0.75, 3], "texture": "#0", "tintindex": 0},
				"south": {"uv": [0.75, 0, 1.5, 3], "texture": "#0", "tintindex": 0},
				"west": {"uv": [1.5, 0, 0.75, 3], "texture": "#0", "tintindex": 0},
				"up": {"uv": [1.5, 0, 0.75, 3], "texture": "#0", "tintindex": 0},
				"down": {"uv": [1.5, 0, 0.75, 3], "texture": "#0", "tintindex": 0}
			}
		},
		{
			"from": [4.11622, -1.75, 3.46634],
			"to": [4.11622, 12.25, 6.86634],
			"shade": false,
			"rotation": {"angle": 22.5, "axis": "y", "origin": [2.74429, 6.25, 2.82052], "rescale": true},
			"faces": {
				"north": {"uv": [0.75, 0, 1.5, 3], "texture": "#0", "tintindex": 0},
				"east": {"uv": [1.5, 0, 0.75, 3], "texture": "#0", "tintindex": 0},
				"south": {"uv": [0.75, 0, 1.5, 3], "texture": "#0", "tintindex": 0},
				"west": {"uv": [0.75, 0, 1.5, 3], "texture": "#0", "tintindex": 0},
				"up": {"uv": [0.75, 0, 1.5, 3], "texture": "#0", "tintindex": 0},
				"down": {"uv": [0.75, 0, 1.5, 3], "texture": "#0", "tintindex": 0}
			}
		},
		{
			"from": [12.08677, -1, 4.80249],
			"to": [12.08677, 13, 8.20249],
			"shade": false,
			"rotation": {"angle": -22.5, "axis": "y", "origin": [17.11691, 7, 3.21999], "rescale": true},
			"faces": {
				"north": {"uv": [0.75, 0, 1.5, 3], "texture": "#0", "tintindex": 0},
				"east": {"uv": [1.5, 0, 0.75, 3], "texture": "#0", "tintindex": 0},
				"south": {"uv": [0.75, 0, 1.5, 3], "texture": "#0", "tintindex": 0},
				"west": {"uv": [0.75, 0, 1.5, 3], "texture": "#0", "tintindex": 0},
				"up": {"uv": [0.75, 0, 1.5, 3], "texture": "#0", "tintindex": 0},
				"down": {"uv": [0.75, 0, 1.5, 3], "texture": "#0", "tintindex": 0}
			}
		},
		{
			"from": [10.27162, -1, 6.63733],
			"to": [13.67162, 13, 6.63733],
			"shade": false,
			"rotation": {"angle": -22.5, "axis": "y", "origin": [17.11691, 7, 3.21999], "rescale": true},
			"faces": {
				"north": {"uv": [0.75, 0, 1.5, 3], "texture": "#0", "tintindex": 0},
				"east": {"uv": [0.75, 0, 1.5, 3], "texture": "#0", "tintindex": 0},
				"south": {"uv": [1.5, 0, 0.75, 3], "texture": "#0", "tintindex": 0},
				"west": {"uv": [0.75, 0, 1.5, 3], "texture": "#0", "tintindex": 0},
				"up": {"uv": [0.75, 0, 1.5, 3], "texture": "#0", "tintindex": 0},
				"down": {"uv": [0.75, 0, 1.5, 3], "texture": "#0", "tintindex": 0}
			}
		},
		{
			"from": [5.51984, -1, 10.91076],
			"to": [5.51984, 13, 14.31076],
			"shade": false,
			"rotation": {"angle": 22.5, "axis": "y", "origin": [1.92053, 8, 13.04133], "rescale": true},
			"faces": {
				"north": {"uv": [1.5, 0, 0.75, 3], "texture": "#0", "tintindex": 0},
				"east": {"uv": [0.75, 0, 1.5, 3], "texture": "#0", "tintindex": 0},
				"south": {"uv": [1.5, 0, 0.75, 3], "texture": "#0", "tintindex": 0},
				"west": {"uv": [1.5, 0, 0.75, 3], "texture": "#0", "tintindex": 0},
				"up": {"uv": [1.5, 0, 0.75, 3], "texture": "#0", "tintindex": 0},
				"down": {"uv": [1.5, 0, 0.75, 3], "texture": "#0", "tintindex": 0}
			}
		},
		{
			"from": [3.93499, -1, 12.47592],
			"to": [7.33499, 13, 12.47592],
			"shade": false,
			"rotation": {"angle": 22.5, "axis": "y", "origin": [1.92053, 7, 13.04133], "rescale": true},
			"faces": {
				"north": {"uv": [1.5, 0, 0.75, 3], "texture": "#0", "tintindex": 0},
				"east": {"uv": [1.5, 0, 0.75, 3], "texture": "#0", "tintindex": 0},
				"south": {"uv": [0.75, 0, 1.5, 3], "texture": "#0", "tintindex": 0},
				"west": {"uv": [1.5, 0, 0.75, 3], "texture": "#0", "tintindex": 0},
				"up": {"uv": [1.5, 0, 0.75, 3], "texture": "#0", "tintindex": 0},
				"down": {"uv": [1.5, 0, 0.75, 3], "texture": "#0", "tintindex": 0}
			}
		},
		{
			"from": [6.393, 0, 9.3646],
			"to": [6.393, 14, 12.7646],
			"shade": false,
			"rotation": {"angle": 45, "axis": "y", "origin": [3.69863, 8, 8.99667], "rescale": true},
			"faces": {
				"north": {"uv": [0, 6, 0.75, 9], "texture": "#0", "tintindex": 0},
				"east": {"uv": [0, 6, 0.75, 9], "texture": "#0", "tintindex": 0},
				"south": {"uv": [0, 6, 0.75, 9], "texture": "#0", "tintindex": 0},
				"west": {"uv": [0.75, 6, 0, 9], "texture": "#0", "tintindex": 0},
				"up": {"uv": [0, 6, 0.75, 9], "texture": "#0", "tintindex": 0},
				"down": {"uv": [0, 6, 0.75, 9], "texture": "#0", "tintindex": 0}
			}
		},
		{
			"from": [4.55816, 0, 11.19945],
			"to": [7.95816, 14, 11.19945],
			"shade": false,
			"rotation": {"angle": 45, "axis": "y", "origin": [3.69863, 8, 8.99667], "rescale": true},
			"faces": {
				"north": {"uv": [0, 6, 0.75, 9], "texture": "#0", "tintindex": 0},
				"east": {"uv": [0, 6, 0.75, 9], "texture": "#0", "tintindex": 0},
				"south": {"uv": [0.75, 6, 0, 9], "texture": "#0", "tintindex": 0},
				"west": {"uv": [0, 6, 0.75, 9], "texture": "#0", "tintindex": 0},
				"up": {"uv": [0, 6, 0.75, 9], "texture": "#0", "tintindex": 0},
				"down": {"uv": [0, 6, 0.75, 9], "texture": "#0", "tintindex": 0}
			}
		},
		{
			"from": [3.64134, 9.75, 3.73806],
			"to": [4.64134, 10.25, 4.73806],
			"shade": false,
			"rotation": {"angle": 0, "axis": "y", "origin": [4.14134, 10, 4.23806]},
			"faces": {
				"north": {"uv": [0, 3.5, 0.25, 3.75], "texture": "#0"},
				"east": {"uv": [0, 3.5, 0.25, 3.75], "texture": "#0"},
				"south": {"uv": [0, 3.5, 0.25, 3.75], "texture": "#0"},
				"west": {"uv": [0, 3.5, 0.25, 3.75], "texture": "#0"},
				"up": {"uv": [0, 3.25, 0.25, 3.5], "rotation": 90, "texture": "#0"},
				"down": {"uv": [0, 3.5, 0.25, 3.75], "rotation": 270, "texture": "#0"}
			}
		},
		{
			"from": [4.5, 10.25, 2.75],
			"to": [6.5, 10.25, 5.75],
			"shade": false,
			"rotation": {"angle": 22.5, "axis": "z", "origin": [5.5, 10, 4.25]},
			"faces": {
				"north": {"uv": [5.5, 5, 6, 5.75], "texture": "#0"},
				"east": {"uv": [5.5, 5, 6, 5.75], "texture": "#0"},
				"south": {"uv": [5.5, 5, 6, 5.75], "texture": "#0"},
				"west": {"uv": [5.5, 5, 6, 5.75], "texture": "#0"},
				"up": {"uv": [5.5, 5, 6, 5.75], "texture": "#0"},
				"down": {"uv": [5.5, 5, 6, 5.75], "texture": "#0"}
			}
		},
		{
			"from": [3.68045, 10.29829, 4.45],
			"to": [4.68045, 10.29829, 6.45],
			"shade": false,
			"rotation": {"angle": -22.5, "axis": "x", "origin": [4.18045, 9.84829, 5.7]},
			"faces": {
				"north": {"uv": [5.5, 5.25, 6, 5.5], "rotation": 90, "texture": "#0"},
				"east": {"uv": [5.5, 5.25, 6, 5.5], "rotation": 90, "texture": "#0"},
				"south": {"uv": [5.5, 5.25, 6, 5.5], "rotation": 90, "texture": "#0"},
				"west": {"uv": [5.5, 5.25, 6, 5.5], "rotation": 90, "texture": "#0"},
				"up": {"uv": [5.5, 5.25, 6, 5.5], "rotation": 90, "texture": "#0"},
				"down": {"uv": [5.5, 5.25, 6, 5.5], "rotation": 90, "texture": "#0"}
			}
		},
		{
			"from": [3.68045, 9.59829, 2.05],
			"to": [4.68045, 9.59829, 4.05],
			"shade": false,
			"rotation": {"angle": 22.5, "axis": "x", "origin": [4.48045, 9.84829, 4.25]},
			"faces": {
				"north": {"uv": [4.75, 5.25, 5.25, 5.5], "rotation": 90, "texture": "#0"},
				"east": {"uv": [4.75, 5.25, 5.25, 5.5], "rotation": 90, "texture": "#0"},
				"south": {"uv": [4.75, 5.25, 5.25, 5.5], "rotation": 90, "texture": "#0"},
				"west": {"uv": [4.75, 5.25, 5.25, 5.5], "rotation": 90, "texture": "#0"},
				"up": {"uv": [4.75, 5.25, 5.25, 5.5], "rotation": 90, "texture": "#0"},
				"down": {"uv": [4.75, 5.25, 5.25, 5.5], "rotation": 90, "texture": "#0"}
			}
		},
		{
			"from": [2.03301, 10.08097, 2.75],
			"to": [4.03301, 10.08097, 5.75],
			"shade": false,
			"rotation": {"angle": -22.5, "axis": "z", "origin": [3.28301, 10.23097, 4.25]},
			"faces": {
				"north": {"uv": [4.75, 5, 5.25, 5.75], "texture": "#0"},
				"east": {"uv": [4.75, 5, 5.25, 5.75], "texture": "#0"},
				"south": {"uv": [4.75, 5, 5.25, 5.75], "texture": "#0"},
				"west": {"uv": [4.75, 5, 5.25, 5.75], "texture": "#0"},
				"up": {"uv": [4.75, 5, 5.25, 5.75], "texture": "#0"},
				"down": {"uv": [4.75, 5, 5.25, 5.75], "texture": "#0"}
			}
		},
		{
			"from": [4.39134, 10.5, 11.48806],
			"to": [5.39134, 11, 12.48806],
			"shade": false,
			"rotation": {"angle": 0, "axis": "y", "origin": [4.89134, 10.75, 11.98806]},
			"faces": {
				"north": {"uv": [0, 3.5, 0.25, 3.75], "texture": "#0"},
				"east": {"uv": [0, 3.5, 0.25, 3.75], "texture": "#0"},
				"south": {"uv": [0, 3.5, 0.25, 3.75], "texture": "#0"},
				"west": {"uv": [0, 3.5, 0.25, 3.75], "texture": "#0"},
				"up": {"uv": [0, 3.25, 0.25, 3.5], "rotation": 90, "texture": "#0"},
				"down": {"uv": [0, 3.5, 0.25, 3.75], "rotation": 270, "texture": "#0"}
			}
		},
		{
			"from": [5.25, 11, 10.5],
			"to": [7.25, 11, 13.5],
			"shade": false,
			"rotation": {"angle": 22.5, "axis": "z", "origin": [6.25, 10.75, 12]},
			"faces": {
				"north": {"uv": [5.5, 5, 6, 5.75], "texture": "#0"},
				"east": {"uv": [5.5, 5, 6, 5.75], "texture": "#0"},
				"south": {"uv": [5.5, 5, 6, 5.75], "texture": "#0"},
				"west": {"uv": [5.5, 5, 6, 5.75], "texture": "#0"},
				"up": {"uv": [5.5, 5, 6, 5.75], "texture": "#0"},
				"down": {"uv": [5.5, 5, 6, 5.75], "texture": "#0"}
			}
		},
		{
			"from": [4.43045, 11.04829, 12.2],
			"to": [5.43045, 11.04829, 14.2],
			"shade": false,
			"rotation": {"angle": -22.5, "axis": "x", "origin": [4.93045, 10.59829, 13.45]},
			"faces": {
				"north": {"uv": [5.5, 5.25, 6, 5.5], "rotation": 90, "texture": "#0"},
				"east": {"uv": [5.5, 5.25, 6, 5.5], "rotation": 90, "texture": "#0"},
				"south": {"uv": [5.5, 5.25, 6, 5.5], "rotation": 90, "texture": "#0"},
				"west": {"uv": [5.5, 5.25, 6, 5.5], "rotation": 90, "texture": "#0"},
				"up": {"uv": [5.5, 5.25, 6, 5.5], "rotation": 90, "texture": "#0"},
				"down": {"uv": [5.5, 5.25, 6, 5.5], "rotation": 90, "texture": "#0"}
			}
		},
		{
			"from": [4.43045, 10.34829, 9.8],
			"to": [5.43045, 10.34829, 11.8],
			"shade": false,
			"rotation": {"angle": 22.5, "axis": "x", "origin": [5.23045, 10.59829, 12]},
			"faces": {
				"north": {"uv": [4.75, 5.25, 5.25, 5.5], "rotation": 90, "texture": "#0"},
				"east": {"uv": [4.75, 5.25, 5.25, 5.5], "rotation": 90, "texture": "#0"},
				"south": {"uv": [4.75, 5.25, 5.25, 5.5], "rotation": 90, "texture": "#0"},
				"west": {"uv": [4.75, 5.25, 5.25, 5.5], "rotation": 90, "texture": "#0"},
				"up": {"uv": [4.75, 5.25, 5.25, 5.5], "rotation": 90, "texture": "#0"},
				"down": {"uv": [4.75, 5.25, 5.25, 5.5], "rotation": 90, "texture": "#0"}
			}
		},
		{
			"from": [2.78301, 10.83097, 10.5],
			"to": [4.78301, 10.83097, 13.5],
			"shade": false,
			"rotation": {"angle": -22.5, "axis": "z", "origin": [4.03301, 10.98097, 12]},
			"faces": {
				"north": {"uv": [4.75, 5, 5.25, 5.75], "texture": "#0"},
				"east": {"uv": [4.75, 5, 5.25, 5.75], "texture": "#0"},
				"south": {"uv": [4.75, 5, 5.25, 5.75], "texture": "#0"},
				"west": {"uv": [4.75, 5, 5.25, 5.75], "texture": "#0"},
				"up": {"uv": [4.75, 5, 5.25, 5.75], "texture": "#0"},
				"down": {"uv": [4.75, 5, 5.25, 5.75], "texture": "#0"}
			}
		},
		{
			"from": [10.89134, 7.5, 11.98806],
			"to": [11.89134, 8, 12.98806],
			"shade": false,
			"rotation": {"angle": 0, "axis": "y", "origin": [11.39134, 7.75, 12.48806]},
			"faces": {
				"north": {"uv": [0, 3.5, 0.25, 3.75], "texture": "#0"},
				"east": {"uv": [0, 3.5, 0.25, 3.75], "texture": "#0"},
				"south": {"uv": [0, 3.5, 0.25, 3.75], "texture": "#0"},
				"west": {"uv": [0, 3.5, 0.25, 3.75], "texture": "#0"},
				"up": {"uv": [0, 3.25, 0.25, 3.5], "rotation": 90, "texture": "#0"},
				"down": {"uv": [0, 3.5, 0.25, 3.75], "rotation": 270, "texture": "#0"}
			}
		},
		{
			"from": [11.75, 8, 11],
			"to": [13.75, 8, 14],
			"shade": false,
			"rotation": {"angle": 22.5, "axis": "z", "origin": [12.75, 7.75, 12.5]},
			"faces": {
				"north": {"uv": [5.5, 5, 6, 5.75], "texture": "#0"},
				"east": {"uv": [5.5, 5, 6, 5.75], "texture": "#0"},
				"south": {"uv": [5.5, 5, 6, 5.75], "texture": "#0"},
				"west": {"uv": [5.5, 5, 6, 5.75], "texture": "#0"},
				"up": {"uv": [5.5, 5, 6, 5.75], "texture": "#0"},
				"down": {"uv": [5.5, 5, 6, 5.75], "texture": "#0"}
			}
		},
		{
			"from": [10.93045, 8.04829, 12.7],
			"to": [11.93045, 8.04829, 14.7],
			"shade": false,
			"rotation": {"angle": -22.5, "axis": "x", "origin": [11.43045, 7.59829, 13.95]},
			"faces": {
				"north": {"uv": [5.5, 5.25, 6, 5.5], "rotation": 90, "texture": "#0"},
				"east": {"uv": [5.5, 5.25, 6, 5.5], "rotation": 90, "texture": "#0"},
				"south": {"uv": [5.5, 5.25, 6, 5.5], "rotation": 90, "texture": "#0"},
				"west": {"uv": [5.5, 5.25, 6, 5.5], "rotation": 90, "texture": "#0"},
				"up": {"uv": [5.5, 5.25, 6, 5.5], "rotation": 90, "texture": "#0"},
				"down": {"uv": [5.5, 5.25, 6, 5.5], "rotation": 90, "texture": "#0"}
			}
		},
		{
			"from": [10.93045, 7.34829, 10.3],
			"to": [11.93045, 7.34829, 12.3],
			"shade": false,
			"rotation": {"angle": 22.5, "axis": "x", "origin": [11.73045, 7.59829, 12.5]},
			"faces": {
				"north": {"uv": [4.75, 5.25, 5.25, 5.5], "rotation": 90, "texture": "#0"},
				"east": {"uv": [4.75, 5.25, 5.25, 5.5], "rotation": 90, "texture": "#0"},
				"south": {"uv": [4.75, 5.25, 5.25, 5.5], "rotation": 90, "texture": "#0"},
				"west": {"uv": [4.75, 5.25, 5.25, 5.5], "rotation": 90, "texture": "#0"},
				"up": {"uv": [4.75, 5.25, 5.25, 5.5], "rotation": 90, "texture": "#0"},
				"down": {"uv": [4.75, 5.25, 5.25, 5.5], "rotation": 90, "texture": "#0"}
			}
		},
		{
			"from": [9.28301, 7.83097, 11],
			"to": [11.28301, 7.83097, 14],
			"shade": false,
			"rotation": {"angle": -22.5, "axis": "z", "origin": [10.53301, 7.98097, 12.5]},
			"faces": {
				"north": {"uv": [4.75, 5, 5.25, 5.75], "texture": "#0"},
				"east": {"uv": [4.75, 5, 5.25, 5.75], "texture": "#0"},
				"south": {"uv": [4.75, 5, 5.25, 5.75], "texture": "#0"},
				"west": {"uv": [4.75, 5, 5.25, 5.75], "texture": "#0"},
				"up": {"uv": [4.75, 5, 5.25, 5.75], "texture": "#0"},
				"down": {"uv": [4.75, 5, 5.25, 5.75], "texture": "#0"}
			}
		},
		{
			"from": [8.04134, 11.5, 8.23806],
			"to": [9.04134, 12, 9.23806],
			"shade": false,
			"rotation": {"angle": 0, "axis": "y", "origin": [8.54134, 11.75, 8.73806]},
			"faces": {
				"north": {"uv": [0, 3.5, 0.25, 3.75], "texture": "#0"},
				"east": {"uv": [0, 3.5, 0.25, 3.75], "texture": "#0"},
				"south": {"uv": [0, 3.5, 0.25, 3.75], "texture": "#0"},
				"west": {"uv": [0, 3.5, 0.25, 3.75], "texture": "#0"},
				"up": {"uv": [0, 3.25, 0.25, 3.5], "rotation": 90, "texture": "#0"},
				"down": {"uv": [0, 3.5, 0.25, 3.75], "rotation": 270, "texture": "#0"}
			}
		},
		{
			"from": [8.9, 12, 7.25],
			"to": [10.9, 12, 10.25],
			"shade": false,
			"rotation": {"angle": 22.5, "axis": "z", "origin": [9.9, 11.75, 8.75]},
			"faces": {
				"north": {"uv": [5.5, 5, 6, 5.75], "texture": "#0"},
				"east": {"uv": [5.5, 5, 6, 5.75], "texture": "#0"},
				"south": {"uv": [5.5, 5, 6, 5.75], "texture": "#0"},
				"west": {"uv": [5.5, 5, 6, 5.75], "texture": "#0"},
				"up": {"uv": [5.5, 5, 6, 5.75], "texture": "#0"},
				"down": {"uv": [5.5, 5, 6, 5.75], "texture": "#0"}
			}
		},
		{
			"from": [8.08045, 12.04829, 8.95],
			"to": [9.08045, 12.04829, 10.95],
			"shade": false,
			"rotation": {"angle": -22.5, "axis": "x", "origin": [8.58045, 11.59829, 10.2]},
			"faces": {
				"north": {"uv": [5.5, 5.25, 6, 5.5], "rotation": 90, "texture": "#0"},
				"east": {"uv": [5.5, 5.25, 6, 5.5], "rotation": 90, "texture": "#0"},
				"south": {"uv": [5.5, 5.25, 6, 5.5], "rotation": 90, "texture": "#0"},
				"west": {"uv": [5.5, 5.25, 6, 5.5], "rotation": 90, "texture": "#0"},
				"up": {"uv": [5.5, 5.25, 6, 5.5], "rotation": 90, "texture": "#0"},
				"down": {"uv": [5.5, 5.25, 6, 5.5], "rotation": 90, "texture": "#0"}
			}
		},
		{
			"from": [8.08045, 11.34829, 6.55],
			"to": [9.08045, 11.34829, 8.55],
			"shade": false,
			"rotation": {"angle": 22.5, "axis": "x", "origin": [8.88045, 11.59829, 8.75]},
			"faces": {
				"north": {"uv": [4.75, 5.25, 5.25, 5.5], "rotation": 90, "texture": "#0"},
				"east": {"uv": [4.75, 5.25, 5.25, 5.5], "rotation": 90, "texture": "#0"},
				"south": {"uv": [4.75, 5.25, 5.25, 5.5], "rotation": 90, "texture": "#0"},
				"west": {"uv": [4.75, 5.25, 5.25, 5.5], "rotation": 90, "texture": "#0"},
				"up": {"uv": [4.75, 5.25, 5.25, 5.5], "rotation": 90, "texture": "#0"},
				"down": {"uv": [4.75, 5.25, 5.25, 5.5], "rotation": 90, "texture": "#0"}
			}
		},
		{
			"from": [6.43301, 11.83097, 7.25],
			"to": [8.43301, 11.83097, 10.25],
			"shade": false,
			"rotation": {"angle": -22.5, "axis": "z", "origin": [7.68301, 11.98097, 8.75]},
			"faces": {
				"north": {"uv": [4.75, 5, 5.25, 5.75], "texture": "#0"},
				"east": {"uv": [4.75, 5, 5.25, 5.75], "texture": "#0"},
				"south": {"uv": [4.75, 5, 5.25, 5.75], "texture": "#0"},
				"west": {"uv": [4.75, 5, 5.25, 5.75], "texture": "#0"},
				"up": {"uv": [4.75, 5, 5.25, 5.75], "texture": "#0"},
				"down": {"uv": [4.75, 5, 5.25, 5.75], "texture": "#0"}
			}
		},
		{
			"from": [11.04134, 10.75, 3.48806],
			"to": [12.04134, 11.25, 4.48806],
			"shade": false,
			"rotation": {"angle": 0, "axis": "y", "origin": [11.54134, 11, 3.98806]},
			"faces": {
				"north": {"uv": [0, 3.5, 0.25, 3.75], "texture": "#0"},
				"east": {"uv": [0, 3.5, 0.25, 3.75], "texture": "#0"},
				"south": {"uv": [0, 3.5, 0.25, 3.75], "texture": "#0"},
				"west": {"uv": [0, 3.5, 0.25, 3.75], "texture": "#0"},
				"up": {"uv": [0, 3.25, 0.25, 3.5], "rotation": 90, "texture": "#0"},
				"down": {"uv": [0, 3.5, 0.25, 3.75], "rotation": 270, "texture": "#0"}
			}
		},
		{
			"from": [11.9, 11.25, 2.5],
			"to": [13.9, 11.25, 5.5],
			"shade": false,
			"rotation": {"angle": 22.5, "axis": "z", "origin": [12.9, 11, 4]},
			"faces": {
				"north": {"uv": [5.5, 5, 6, 5.75], "texture": "#0"},
				"east": {"uv": [5.5, 5, 6, 5.75], "texture": "#0"},
				"south": {"uv": [5.5, 5, 6, 5.75], "texture": "#0"},
				"west": {"uv": [5.5, 5, 6, 5.75], "texture": "#0"},
				"up": {"uv": [5.5, 5, 6, 5.75], "texture": "#0"},
				"down": {"uv": [5.5, 5, 6, 5.75], "texture": "#0"}
			}
		},
		{
			"from": [11.08045, 11.29829, 4.2],
			"to": [12.08045, 11.29829, 6.2],
			"shade": false,
			"rotation": {"angle": -22.5, "axis": "x", "origin": [11.58045, 10.84829, 5.45]},
			"faces": {
				"north": {"uv": [5.5, 5.25, 6, 5.5], "rotation": 90, "texture": "#0"},
				"east": {"uv": [5.5, 5.25, 6, 5.5], "rotation": 90, "texture": "#0"},
				"south": {"uv": [5.5, 5.25, 6, 5.5], "rotation": 90, "texture": "#0"},
				"west": {"uv": [5.5, 5.25, 6, 5.5], "rotation": 90, "texture": "#0"},
				"up": {"uv": [5.5, 5.25, 6, 5.5], "rotation": 90, "texture": "#0"},
				"down": {"uv": [5.5, 5.25, 6, 5.5], "rotation": 90, "texture": "#0"}
			}
		},
		{
			"from": [11.08045, 10.59829, 1.8],
			"to": [12.08045, 10.59829, 3.8],
			"shade": false,
			"rotation": {"angle": 22.5, "axis": "x", "origin": [11.88045, 10.84829, 4]},
			"faces": {
				"north": {"uv": [4.75, 5.25, 5.25, 5.5], "rotation": 90, "texture": "#0"},
				"east": {"uv": [4.75, 5.25, 5.25, 5.5], "rotation": 90, "texture": "#0"},
				"south": {"uv": [4.75, 5.25, 5.25, 5.5], "rotation": 90, "texture": "#0"},
				"west": {"uv": [4.75, 5.25, 5.25, 5.5], "rotation": 90, "texture": "#0"},
				"up": {"uv": [4.75, 5.25, 5.25, 5.5], "rotation": 90, "texture": "#0"},
				"down": {"uv": [4.75, 5.25, 5.25, 5.5], "rotation": 90, "texture": "#0"}
			}
		},
		{
			"from": [9.43301, 11.08097, 2.5],
			"to": [11.43301, 11.08097, 5.5],
			"shade": false,
			"rotation": {"angle": -22.5, "axis": "z", "origin": [10.68301, 11.23097, 4]},
			"faces": {
				"north": {"uv": [4.75, 5, 5.25, 5.75], "texture": "#0"},
				"east": {"uv": [4.75, 5, 5.25, 5.75], "texture": "#0"},
				"south": {"uv": [4.75, 5, 5.25, 5.75], "texture": "#0"},
				"west": {"uv": [4.75, 5, 5.25, 5.75], "texture": "#0"},
				"up": {"uv": [4.75, 5, 5.25, 5.75], "texture": "#0"},
				"down": {"uv": [4.75, 5, 5.25, 5.75], "texture": "#0"}
			}
		}
	],
	"groups": [
		0,
		1,
		2,
		3,
		4,
		5,
		6,
		7,
		8,
		9,
		{
			"name": "group",
			"origin": [3.28301, 10.23097, 4.25],
			"color": 0,
			"shade": false,
			"children": [10, 11, 12, 13, 14]
		},
		{
			"name": "group",
			"origin": [3.28301, 10.23097, 4.25],
			"color": 0,
			"shade": false,
			"children": [15, 16, 17, 18, 19]
		},
		{
			"name": "group",
			"origin": [3.28301, 10.23097, 4.25],
			"color": 0,
			"shade": false,
			"children": [20, 21, 22, 23, 24]
		},
		{
			"name": "group",
			"origin": [3.28301, 10.23097, 4.25],
			"color": 0,
			"shade": false,
			"children": [25, 26, 27, 28, 29]
		},
		{
			"name": "group",
			"origin": [3.28301, 10.23097, 4.25],
			"color": 0,
			"shade": false,
			"children": [30, 31, 32, 33, 34]
		}
	]
}