{
	"credit": "Made with Blockbench",
	"parent": "minecraft:block/cross",
	"ambientocclusion": false,
	"texture_size": [64, 64],
	"textures": {
		"0": "block/blue_orchid_model",
		"particle": "block/blue_orchid_model"
	},
	"elements": [
		{
			"from": [9.891, -3, 12.39349],
			"to": [13.291, 11, 12.39349],
			"shade": false,
			"rotation": {"angle": -22.5, "axis": "y", "origin": [14.2564, 6, 14.01736], "rescale": true},
			"faces": {
				"north": {"uv": [0.75, 0, 1.5, 3], "texture": "#0", "tintindex": 0},
				"east": {"uv": [0.75, 0, 1.5, 3], "texture": "#0", "tintindex": 0},
				"south": {"uv": [1.5, 0, 0.75, 3], "texture": "#0", "tintindex": 0},
				"west": {"uv": [0.75, 0, 1.5, 3], "texture": "#0", "tintindex": 0},
				"up": {"uv": [0.75, 0, 1.5, 3], "texture": "#0", "tintindex": 0},
				"down": {"uv": [0.75, 0, 1.5, 3], "texture": "#0", "tintindex": 0}
			}
		},
		{
			"from": [11.45615, -3, 10.57834],
			"to": [11.45615, 11, 13.97834],
			"shade": false,
			"rotation": {"angle": -22.5, "axis": "y", "origin": [14.2564, 6, 14.01736], "rescale": true},
			"faces": {
				"north": {"uv": [0.75, 0, 1.5, 3], "texture": "#0", "tintindex": 0},
				"east": {"uv": [0.75, 0, 1.5, 3], "texture": "#0", "tintindex": 0},
				"south": {"uv": [0.75, 0, 1.5, 3], "texture": "#0", "tintindex": 0},
				"west": {"uv": [1.5, 0, 0.75, 3], "texture": "#0", "tintindex": 0},
				"up": {"uv": [0.75, 0, 1.5, 3], "texture": "#0", "tintindex": 0},
				"down": {"uv": [0.75, 0, 1.5, 3], "texture": "#0", "tintindex": 0}
			}
		},
		{
			"from": [2.33137, -2, 5.35119],
			"to": [5.73137, 12, 5.35119],
			"shade": false,
			"rotation": {"angle": 22.5, "axis": "y", "origin": [2.79429, 6, 3.12052], "rescale": true},
			"faces": {
				"north": {"uv": [1.5, 0, 0.75, 3], "texture": "#0", "tintindex": 0},
				"east": {"uv": [1.5, 0, 0.75, 3], "texture": "#0", "tintindex": 0},
				"south": {"uv": [0.75, 0, 1.5, 3], "texture": "#0", "tintindex": 0},
				"west": {"uv": [1.5, 0, 0.75, 3], "texture": "#0", "tintindex": 0},
				"up": {"uv": [1.5, 0, 0.75, 3], "texture": "#0", "tintindex": 0},
				"down": {"uv": [1.5, 0, 0.75, 3], "texture": "#0", "tintindex": 0}
			}
		},
		{
			"from": [4.16622, -2, 3.76634],
			"to": [4.16622, 12, 7.16634],
			"shade": false,
			"rotation": {"angle": 22.5, "axis": "y", "origin": [2.79429, 6, 3.12052], "rescale": true},
			"faces": {
				"north": {"uv": [0.75, 0, 1.5, 3], "texture": "#0", "tintindex": 0},
				"east": {"uv": [1.5, 0, 0.75, 3], "texture": "#0", "tintindex": 0},
				"south": {"uv": [0.75, 0, 1.5, 3], "texture": "#0", "tintindex": 0},
				"west": {"uv": [0.75, 0, 1.5, 3], "texture": "#0", "tintindex": 0},
				"up": {"uv": [0.75, 0, 1.5, 3], "texture": "#0", "tintindex": 0},
				"down": {"uv": [0.75, 0, 1.5, 3], "texture": "#0", "tintindex": 0}
			}
		},
		{
			"from": [13.68677, -1, 5.00249],
			"to": [13.68677, 13, 8.40249],
			"shade": false,
			"rotation": {"angle": -22.5, "axis": "y", "origin": [18.71691, 7, 3.41999], "rescale": true},
			"faces": {
				"north": {"uv": [0.75, 0, 1.5, 3], "texture": "#0", "tintindex": 0},
				"east": {"uv": [1.5, 0, 0.75, 3], "texture": "#0", "tintindex": 0},
				"south": {"uv": [0.75, 0, 1.5, 3], "texture": "#0", "tintindex": 0},
				"west": {"uv": [0.75, 0, 1.5, 3], "texture": "#0", "tintindex": 0},
				"up": {"uv": [0.75, 0, 1.5, 3], "texture": "#0", "tintindex": 0},
				"down": {"uv": [0.75, 0, 1.5, 3], "texture": "#0", "tintindex": 0}
			}
		},
		{
			"from": [11.87162, -1, 6.83733],
			"to": [15.27162, 13, 6.83733],
			"shade": false,
			"rotation": {"angle": -22.5, "axis": "y", "origin": [18.71691, 7, 3.41999], "rescale": true},
			"faces": {
				"north": {"uv": [0.75, 0, 1.5, 3], "texture": "#0", "tintindex": 0},
				"east": {"uv": [0.75, 0, 1.5, 3], "texture": "#0", "tintindex": 0},
				"south": {"uv": [1.5, 0, 0.75, 3], "texture": "#0", "tintindex": 0},
				"west": {"uv": [0.75, 0, 1.5, 3], "texture": "#0", "tintindex": 0},
				"up": {"uv": [0.75, 0, 1.5, 3], "texture": "#0", "tintindex": 0},
				"down": {"uv": [0.75, 0, 1.5, 3], "texture": "#0", "tintindex": 0}
			}
		},
		{
			"from": [5.76984, 0, 11.66076],
			"to": [5.76984, 14, 15.06076],
			"shade": false,
			"rotation": {"angle": 22.5, "axis": "y", "origin": [2.17053, 8, 13.79133], "rescale": true},
			"faces": {
				"north": {"uv": [1.5, 0, 0.75, 3], "texture": "#0", "tintindex": 0},
				"east": {"uv": [0.75, 0, 1.5, 3], "texture": "#0", "tintindex": 0},
				"south": {"uv": [1.5, 0, 0.75, 3], "texture": "#0", "tintindex": 0},
				"west": {"uv": [1.5, 0, 0.75, 3], "texture": "#0", "tintindex": 0},
				"up": {"uv": [1.5, 0, 0.75, 3], "texture": "#0", "tintindex": 0},
				"down": {"uv": [1.5, 0, 0.75, 3], "texture": "#0", "tintindex": 0}
			}
		},
		{
			"from": [4.18499, 0, 13.22592],
			"to": [7.58499, 14, 13.22592],
			"shade": false,
			"rotation": {"angle": 22.5, "axis": "y", "origin": [2.17053, 8, 13.79133], "rescale": true},
			"faces": {
				"north": {"uv": [1.5, 0, 0.75, 3], "texture": "#0", "tintindex": 0},
				"east": {"uv": [1.5, 0, 0.75, 3], "texture": "#0", "tintindex": 0},
				"south": {"uv": [0.75, 0, 1.5, 3], "texture": "#0", "tintindex": 0},
				"west": {"uv": [1.5, 0, 0.75, 3], "texture": "#0", "tintindex": 0},
				"up": {"uv": [1.5, 0, 0.75, 3], "texture": "#0", "tintindex": 0},
				"down": {"uv": [1.5, 0, 0.75, 3], "texture": "#0", "tintindex": 0}
			}
		},
		{
			"from": [6.393, 0, 9.6146],
			"to": [6.393, 14, 12.5146],
			"shade": false,
			"rotation": {"angle": 45, "axis": "y", "origin": [3.69863, 8, 8.74667], "rescale": true},
			"faces": {
				"north": {"uv": [0, 6, 0.75, 9], "texture": "#0", "tintindex": 0},
				"east": {"uv": [0, 6, 0.75, 9], "texture": "#0", "tintindex": 0},
				"south": {"uv": [0, 6, 0.75, 9], "texture": "#0", "tintindex": 0},
				"west": {"uv": [0.75, 6, 0, 9], "texture": "#0", "tintindex": 0},
				"up": {"uv": [0, 6, 0.75, 9], "texture": "#0", "tintindex": 0},
				"down": {"uv": [0, 6, 0.75, 9], "texture": "#0", "tintindex": 0}
			}
		},
		{
			"from": [5.05816, 0, 10.94945],
			"to": [7.95816, 14, 10.94945],
			"shade": false,
			"rotation": {"angle": 45, "axis": "y", "origin": [3.69863, 8, 8.74667], "rescale": true},
			"faces": {
				"north": {"uv": [0, 6, 0.75, 9], "texture": "#0", "tintindex": 0},
				"east": {"uv": [0, 6, 0.75, 9], "texture": "#0", "tintindex": 0},
				"south": {"uv": [0.75, 6, 0, 9], "texture": "#0", "tintindex": 0},
				"west": {"uv": [0, 6, 0.75, 9], "texture": "#0", "tintindex": 0},
				"up": {"uv": [0, 6, 0.75, 9], "texture": "#0", "tintindex": 0},
				"down": {"uv": [0, 6, 0.75, 9], "texture": "#0", "tintindex": 0}
			}
		},
		{
			"from": [3, 7.35, 3],
			"to": [6, 7.35, 6],
			"shade": false,
			"faces": {
				"north": {"uv": [5, 0.25, 5.75, 1], "texture": "#0"},
				"east": {"uv": [5, 0.25, 5.75, 1], "texture": "#0"},
				"south": {"uv": [5, 0.25, 5.75, 1], "texture": "#0"},
				"west": {"uv": [5, 0.25, 5.75, 1], "texture": "#0"},
				"up": {"uv": [5, 0.25, 5.75, 1], "texture": "#0"},
				"down": {"uv": [5, 0.25, 5.75, 1], "texture": "#0"}
			}
		},
		{
			"from": [11, 8.35, 3],
			"to": [14, 8.35, 6],
			"shade": false,
			"faces": {
				"north": {"uv": [5, 0.25, 5.75, 1], "texture": "#0"},
				"east": {"uv": [5, 0.25, 5.75, 1], "texture": "#0"},
				"south": {"uv": [5, 0.25, 5.75, 1], "texture": "#0"},
				"west": {"uv": [5, 0.25, 5.75, 1], "texture": "#0"},
				"up": {"uv": [5, 0.25, 5.75, 1], "texture": "#0"},
				"down": {"uv": [5, 0.25, 5.75, 1], "texture": "#0"}
			}
		},
		{
			"from": [11.5, 6.35, 10.25],
			"to": [14.5, 6.35, 13.25],
			"shade": false,
			"faces": {
				"north": {"uv": [5, 0.25, 5.75, 1], "texture": "#0"},
				"east": {"uv": [5, 0.25, 5.75, 1], "texture": "#0"},
				"south": {"uv": [5, 0.25, 5.75, 1], "texture": "#0"},
				"west": {"uv": [5, 0.25, 5.75, 1], "texture": "#0"},
				"up": {"uv": [5, 0.25, 5.75, 1], "texture": "#0"},
				"down": {"uv": [5, 0.25, 5.75, 1], "texture": "#0"}
			}
		},
		{
			"from": [8.5, 5.35, 9.25],
			"to": [11.5, 5.35, 12.25],
			"shade": false,
			"faces": {
				"north": {"uv": [5, 0.25, 5.75, 1], "texture": "#0"},
				"east": {"uv": [5, 0.25, 5.75, 1], "texture": "#0"},
				"south": {"uv": [5, 0.25, 5.75, 1], "texture": "#0"},
				"west": {"uv": [5, 0.25, 5.75, 1], "texture": "#0"},
				"up": {"uv": [5, 1.5, 5.75, 2.25], "texture": "#0"},
				"down": {"uv": [5, 0.25, 5.75, 1], "texture": "#0"}
			}
		},
		{
			"from": [6, 11.85, 6.75],
			"to": [9, 11.85, 9.75],
			"shade": false,
			"faces": {
				"north": {"uv": [5, 0.25, 5.75, 1], "texture": "#0"},
				"east": {"uv": [5, 0.25, 5.75, 1], "texture": "#0"},
				"south": {"uv": [5, 0.25, 5.75, 1], "texture": "#0"},
				"west": {"uv": [5, 0.25, 5.75, 1], "texture": "#0"},
				"up": {"uv": [5, 0.25, 5.75, 1], "texture": "#0"},
				"down": {"uv": [5, 0.25, 5.75, 1], "texture": "#0"}
			}
		},
		{
			"from": [8.5, 9.35, 5.25],
			"to": [11.5, 9.35, 8.25],
			"shade": false,
			"faces": {
				"north": {"uv": [5, 0.25, 5.75, 1], "texture": "#0"},
				"east": {"uv": [5, 0.25, 5.75, 1], "texture": "#0"},
				"south": {"uv": [5, 0.25, 5.75, 1], "texture": "#0"},
				"west": {"uv": [5, 0.25, 5.75, 1], "texture": "#0"},
				"up": {"uv": [5, 0.25, 5.75, 1], "texture": "#0"},
				"down": {"uv": [5, 0.25, 5.75, 1], "texture": "#0"}
			}
		},
		{
			"from": [3.75, 9.35, 10],
			"to": [6.75, 9.35, 13],
			"shade": false,
			"faces": {
				"north": {"uv": [5, 0.25, 5.75, 1], "texture": "#0"},
				"east": {"uv": [5, 0.25, 5.75, 1], "texture": "#0"},
				"south": {"uv": [5, 0.25, 5.75, 1], "texture": "#0"},
				"west": {"uv": [5, 0.25, 5.75, 1], "texture": "#0"},
				"up": {"uv": [5, 0.25, 5.75, 1], "texture": "#0"},
				"down": {"uv": [5, 0.25, 5.75, 1], "texture": "#0"}
			}
		}
	]
}