{
	"credit": "Made with Blockbench",
	"ambientocclusion": false,
	"textures": {
		"particle": "block/carrots_stage3",
		"crop": "block/carrots_stage3"
	},
	"elements": [
		{
			"from": [3, -1, 3],
			"to": [6, 1, 6],
			"shade": false,
			"faces": {
				"north": {"uv": [0, 14, 3, 16], "texture": "#crop"},
				"east": {"uv": [0, 14, 3, 16], "texture": "#crop"},
				"south": {"uv": [0, 14, 3, 16], "texture": "#crop"},
				"west": {"uv": [0, 14, 3, 16], "texture": "#crop"},
				"up": {"uv": [0, 11, 3, 14], "texture": "#crop"},
				"down": {"uv": [0, 14, 3, 16], "texture": "#crop"}
			}
		},
		{
			"from": [3, -1, 10],
			"to": [6, 1, 13],
			"shade": false,
			"faces": {
				"north": {"uv": [0, 14, 3, 16], "texture": "#crop"},
				"east": {"uv": [0, 14, 3, 16], "texture": "#crop"},
				"south": {"uv": [0, 14, 3, 16], "texture": "#crop"},
				"west": {"uv": [0, 14, 3, 16], "texture": "#crop"},
				"up": {"uv": [0, 11, 3, 14], "texture": "#crop"},
				"down": {"uv": [0, 14, 3, 16], "texture": "#crop"}
			}
		},
		{
			"from": [10, -1, 10],
			"to": [13, 1, 13],
			"shade": false,
			"faces": {
				"north": {"uv": [0, 14, 3, 16], "texture": "#crop"},
				"east": {"uv": [0, 14, 3, 16], "texture": "#crop"},
				"south": {"uv": [0, 14, 3, 16], "texture": "#crop"},
				"west": {"uv": [0, 14, 3, 16], "texture": "#crop"},
				"up": {"uv": [0, 11, 3, 14], "texture": "#crop"},
				"down": {"uv": [0, 14, 3, 16], "texture": "#crop"}
			}
		},
		{
			"from": [10, -1, 3],
			"to": [13, 1, 6],
			"shade": false,
			"faces": {
				"north": {"uv": [0, 14, 3, 16], "texture": "#crop"},
				"east": {"uv": [0, 14, 3, 16], "texture": "#crop"},
				"south": {"uv": [0, 14, 3, 16], "texture": "#crop"},
				"west": {"uv": [0, 14, 3, 16], "texture": "#crop"},
				"up": {"uv": [0, 11, 3, 14], "texture": "#crop"},
				"down": {"uv": [0, 14, 3, 16], "texture": "#crop"}
			}
		},
		{
			"from": [-0.5, 1, 4],
			"to": [7.5, 13, 4],
			"shade": false,
			"rotation": {"angle": 45, "axis": "y", "origin": [4.5, 6.5, 3]},
			"faces": {
				"north": {"uv": [4, 0, 12, 12], "texture": "#crop"},
				"east": {"uv": [4, 0, 12, 12], "texture": "#crop"},
				"south": {"uv": [12, 0, 4, 12], "texture": "#crop"},
				"west": {"uv": [4, 0, 12, 12], "texture": "#crop"},
				"up": {"uv": [4, 0, 12, 12], "texture": "#crop"},
				"down": {"uv": [4, 0, 12, 12], "texture": "#crop"}
			}
		},
		{
			"from": [7.85355, 1, 4.56066],
			"to": [15.85355, 13, 4.56066],
			"shade": false,
			"rotation": {"angle": -45, "axis": "y", "origin": [11.85355, 7, 4.06066]},
			"faces": {
				"north": {"uv": [4, 0, 12, 12], "texture": "#crop"},
				"east": {"uv": [4, 0, 12, 12], "texture": "#crop"},
				"south": {"uv": [12, 0, 4, 12], "texture": "#crop"},
				"west": {"uv": [4, 0, 12, 12], "texture": "#crop"},
				"up": {"uv": [4, 0, 12, 12], "texture": "#crop"},
				"down": {"uv": [4, 0, 12, 12], "texture": "#crop"}
			}
		},
		{
			"from": [11.85355, 1, 7.76777],
			"to": [11.85355, 13, 15.76777],
			"shade": false,
			"rotation": {"angle": -45, "axis": "y", "origin": [11.85355, 7, 11.76777]},
			"faces": {
				"north": {"uv": [4, 0, 12, 12], "texture": "#crop"},
				"east": {"uv": [4, 0, 12, 12], "texture": "#crop"},
				"south": {"uv": [4, 0, 12, 12], "texture": "#crop"},
				"west": {"uv": [12, 0, 4, 12], "texture": "#crop"},
				"up": {"uv": [4, 0, 12, 12], "rotation": 90, "texture": "#crop"},
				"down": {"uv": [4, 0, 12, 12], "rotation": 270, "texture": "#crop"}
			}
		},
		{
			"from": [3.85355, 1, 7.06066],
			"to": [3.85355, 13, 15.06066],
			"shade": false,
			"rotation": {"angle": 45, "axis": "y", "origin": [4.85355, 7, 11.06066]},
			"faces": {
				"north": {"uv": [4, 0, 12, 12], "texture": "#crop"},
				"east": {"uv": [12, 0, 4, 12], "texture": "#crop"},
				"south": {"uv": [4, 0, 12, 12], "texture": "#crop"},
				"west": {"uv": [4, 0, 12, 12], "texture": "#crop"},
				"up": {"uv": [4, 0, 12, 12], "texture": "#crop"},
				"down": {"uv": [4, 0, 12, 12], "texture": "#crop"}
			}
		}
	]
}