{
	"credit": "Made with Blockbench",
	"parent": "minecraft:block/cross",
	"textures": {
		"1": "block/cornflower_model",
		"particle": "block/cornflower_model"
	},
	"elements": [
		{
			"from": [7, 0, 7],
			"to": [8, 10, 8],
			"shade": false,
			"rotation": {"angle": 0, "axis": "y", "origin": [0, -2, -1]},
			"faces": {
				"north": {"uv": [0, 0, 1, 12], "texture": "#1"},
				"east": {"uv": [1, 0, 2, 12], "texture": "#1"},
				"south": {"uv": [2, 0, 3, 12], "texture": "#1"},
				"west": {"uv": [3, 0, 4, 12], "texture": "#1"},
				"up": {"uv": [11, 9, 10, 8], "texture": "#1"},
				"down": {"uv": [11, 9, 10, 10], "texture": "#1"}
			}
		},
		{
			"from": [6.5, 9.5, 6.5],
			"to": [8.5, 10.5, 8.5],
			"shade": false,
			"rotation": {"angle": 0, "axis": "y", "origin": [0, -2, -1]},
			"faces": {
				"north": {"uv": [10, 4, 12, 5], "texture": "#1"},
				"east": {"uv": [10, 5, 12, 6], "texture": "#1"},
				"south": {"uv": [10, 6, 12, 7], "texture": "#1"},
				"west": {"uv": [10, 7, 12, 8], "texture": "#1"},
				"up": {"uv": [12, 2, 10, 0], "texture": "#1"},
				"down": {"uv": [12, 2, 10, 4], "texture": "#1"}
			}
		},
		{
			"from": [9.5, 10.75, 6],
			"to": [12.5, 10.75, 9],
			"shade": false,
			"rotation": {"angle": 22.5, "axis": "z", "origin": [11, 10, 7.5]},
			"faces": {
				"north": {"uv": [7, 3, 4, 0], "texture": "#1"},
				"east": {"uv": [7, 3, 4, 0], "texture": "#1"},
				"south": {"uv": [7, 3, 4, 0], "texture": "#1"},
				"west": {"uv": [7, 3, 4, 0], "texture": "#1"},
				"up": {"uv": [7, 3, 4, 0], "texture": "#1"},
				"down": {"uv": [7, 3, 4, 0], "texture": "#1"}
			}
		},
		{
			"from": [2.5, 10.75, 6],
			"to": [5.5, 10.75, 9],
			"shade": false,
			"rotation": {"angle": -22.5, "axis": "z", "origin": [4, 10, 7.5]},
			"faces": {
				"north": {"uv": [7, 9, 4, 6], "texture": "#1"},
				"east": {"uv": [7, 9, 4, 6], "texture": "#1"},
				"south": {"uv": [7, 9, 4, 6], "texture": "#1"},
				"west": {"uv": [7, 9, 4, 6], "texture": "#1"},
				"up": {"uv": [7, 9, 4, 6], "texture": "#1"},
				"down": {"uv": [7, 9, 4, 6], "texture": "#1"}
			}
		},
		{
			"from": [2.53701, 10.19291, 3.75],
			"to": [5.53701, 10.19291, 6.75],
			"shade": false,
			"rotation": {"angle": -45, "axis": "y", "origin": [4.28701, 10.69291, 7.5]},
			"faces": {
				"north": {"uv": [7, 9, 4, 6], "texture": "#1"},
				"east": {"uv": [7, 9, 4, 6], "texture": "#1"},
				"south": {"uv": [7, 9, 4, 6], "texture": "#1"},
				"west": {"uv": [7, 9, 4, 6], "texture": "#1"},
				"up": {"uv": [7, 9, 4, 6], "texture": "#1"},
				"down": {"uv": [7, 9, 4, 6], "texture": "#1"}
			}
		},
		{
			"from": [2.53701, 10.19291, 3.75],
			"to": [5.53701, 10.19291, 6.75],
			"shade": false,
			"rotation": {"angle": -45, "axis": "y", "origin": [4.28701, 10.69291, 7.5]},
			"faces": {
				"north": {"uv": [7, 9, 4, 6], "texture": "#1"},
				"east": {"uv": [7, 9, 4, 6], "texture": "#1"},
				"south": {"uv": [7, 9, 4, 6], "texture": "#1"},
				"west": {"uv": [7, 9, 4, 6], "texture": "#1"},
				"up": {"uv": [7, 9, 4, 6], "texture": "#1"},
				"down": {"uv": [7, 9, 4, 6], "texture": "#1"}
			}
		},
		{
			"from": [9.96299, 10.19291, 3],
			"to": [12.96299, 10.19291, 6],
			"shade": false,
			"rotation": {"angle": 45, "axis": "y", "origin": [11.71299, 10.69291, 7.5]},
			"faces": {
				"north": {"uv": [4, 9, 7, 6], "texture": "#1"},
				"east": {"uv": [4, 9, 7, 6], "texture": "#1"},
				"south": {"uv": [4, 9, 7, 6], "texture": "#1"},
				"west": {"uv": [4, 9, 7, 6], "texture": "#1"},
				"up": {"uv": [4, 9, 7, 6], "texture": "#1"},
				"down": {"uv": [4, 9, 7, 6], "texture": "#1"}
			}
		},
		{
			"from": [3.03701, 10.19291, 8.5],
			"to": [6.03701, 10.19291, 11.5],
			"shade": false,
			"rotation": {"angle": 45, "axis": "y", "origin": [4.28701, 10.69291, 8.5]},
			"faces": {
				"north": {"uv": [4, 9, 7, 6], "texture": "#1"},
				"east": {"uv": [4, 9, 7, 6], "texture": "#1"},
				"south": {"uv": [4, 9, 7, 6], "texture": "#1"},
				"west": {"uv": [4, 9, 7, 6], "texture": "#1"},
				"up": {"uv": [7, 6, 4, 9], "texture": "#1"},
				"down": {"uv": [7, 6, 4, 9], "texture": "#1"}
			}
		},
		{
			"from": [9.21299, 10.19291, 9.25],
			"to": [12.21299, 10.19291, 12.25],
			"shade": false,
			"rotation": {"angle": -45, "axis": "y", "origin": [11.71299, 10.69291, 8.5]},
			"faces": {
				"north": {"uv": [7, 9, 4, 6], "texture": "#1"},
				"east": {"uv": [7, 9, 4, 6], "texture": "#1"},
				"south": {"uv": [7, 9, 4, 6], "texture": "#1"},
				"west": {"uv": [7, 9, 4, 6], "texture": "#1"},
				"up": {"uv": [4, 6, 7, 9], "texture": "#1"},
				"down": {"uv": [4, 6, 7, 9], "texture": "#1"}
			}
		},
		{
			"from": [6, 10.75, 2.5],
			"to": [9, 10.75, 5.5],
			"shade": false,
			"rotation": {"angle": 22.5, "axis": "x", "origin": [7.5, 10, 4]},
			"faces": {
				"north": {"uv": [10, 6, 7, 3], "texture": "#1"},
				"east": {"uv": [10, 6, 7, 3], "texture": "#1"},
				"south": {"uv": [10, 6, 7, 3], "texture": "#1"},
				"west": {"uv": [10, 6, 7, 3], "texture": "#1"},
				"up": {"uv": [10, 6, 7, 3], "texture": "#1"},
				"down": {"uv": [10, 3, 7, 6], "texture": "#1"}
			}
		},
		{
			"from": [6, 10.75, 9.5],
			"to": [9, 10.75, 12.5],
			"shade": false,
			"rotation": {"angle": -22.5, "axis": "x", "origin": [7.5, 10, 11]},
			"faces": {
				"north": {"uv": [7, 12, 4, 9], "texture": "#1"},
				"east": {"uv": [7, 12, 4, 9], "texture": "#1"},
				"south": {"uv": [7, 12, 4, 9], "texture": "#1"},
				"west": {"uv": [7, 12, 4, 9], "texture": "#1"},
				"up": {"uv": [7, 12, 4, 9], "texture": "#1"},
				"down": {"uv": [7, 9, 4, 12], "texture": "#1"}
			}
		},
		{
			"from": [6.5, 10, 8.5],
			"to": [8.5, 10, 9.5],
			"shade": false,
			"rotation": {"angle": 0, "axis": "y", "origin": [0, -2, -1]},
			"faces": {
				"north": {"uv": [11, 11, 10, 10], "texture": "#1"},
				"east": {"uv": [11, 11, 10, 10], "texture": "#1"},
				"south": {"uv": [11, 11, 10, 10], "texture": "#1"},
				"west": {"uv": [11, 11, 10, 10], "texture": "#1"},
				"up": {"uv": [12, 11, 10, 10], "texture": "#1"},
				"down": {"uv": [11, 11, 10, 10], "texture": "#1"}
			}
		},
		{
			"from": [6.5, 10, 5.5],
			"to": [8.5, 10, 6.5],
			"shade": false,
			"rotation": {"angle": 0, "axis": "y", "origin": [0, -2, -1]},
			"faces": {
				"north": {"uv": [12, 10, 11, 9], "texture": "#1"},
				"east": {"uv": [12, 10, 11, 9], "texture": "#1"},
				"south": {"uv": [12, 10, 11, 9], "texture": "#1"},
				"west": {"uv": [12, 10, 11, 9], "texture": "#1"},
				"up": {"uv": [13, 10, 11, 9], "texture": "#1"},
				"down": {"uv": [12, 10, 11, 9], "texture": "#1"}
			}
		},
		{
			"from": [8.5, 10, 6.5],
			"to": [9.5, 10, 8.5],
			"shade": false,
			"rotation": {"angle": 0, "axis": "y", "origin": [0, -2, -1]},
			"faces": {
				"north": {"uv": [12, 11, 11, 10], "texture": "#1"},
				"east": {"uv": [12, 11, 11, 10], "texture": "#1"},
				"south": {"uv": [12, 11, 11, 10], "texture": "#1"},
				"west": {"uv": [12, 11, 11, 10], "texture": "#1"},
				"up": {"uv": [12, 12, 11, 10], "texture": "#1"},
				"down": {"uv": [12, 11, 11, 10], "texture": "#1"}
			}
		},
		{
			"from": [5.5, 10, 6.5],
			"to": [6.5, 10, 8.5],
			"shade": false,
			"rotation": {"angle": 0, "axis": "y", "origin": [0, -2, -1]},
			"faces": {
				"north": {"uv": [1, 13, 0, 12], "texture": "#1"},
				"east": {"uv": [1, 13, 0, 12], "texture": "#1"},
				"south": {"uv": [1, 13, 0, 12], "texture": "#1"},
				"west": {"uv": [1, 13, 0, 12], "texture": "#1"},
				"up": {"uv": [1, 14, 0, 12], "texture": "#1"},
				"down": {"uv": [1, 13, 0, 12], "texture": "#1"}
			}
		},
		{
			"from": [3, 0, 7.5],
			"to": [12, 4, 7.5],
			"shade": false,
			"faces": {
				"north": {"uv": [7, 12, 16, 16], "texture": "#1"},
				"east": {"uv": [7, 12, 16, 16], "texture": "#1"},
				"south": {"uv": [16, 12, 7, 16], "texture": "#1"},
				"west": {"uv": [7, 12, 16, 16], "texture": "#1"},
				"up": {"uv": [7, 12, 16, 16], "texture": "#1"},
				"down": {"uv": [7, 12, 16, 16], "texture": "#1"}
			}
		},
		{
			"from": [7.5, 0, 3],
			"to": [7.5, 4, 12],
			"shade": false,
			"rotation": {"angle": 0, "axis": "y", "origin": [7.5, 2, 7.5]},
			"faces": {
				"north": {"uv": [7, 12, 16, 16], "texture": "#1"},
				"east": {"uv": [7, 12, 16, 16], "texture": "#1"},
				"south": {"uv": [7, 12, 16, 16], "texture": "#1"},
				"west": {"uv": [16, 12, 7, 16], "texture": "#1"},
				"up": {"uv": [7, 12, 16, 16], "texture": "#1"},
				"down": {"uv": [7, 12, 16, 16], "texture": "#1"}
			}
		}
	]
}