{
	"credit": "Made By Vixel",
	"textures": {
		"0": "block/detector_rail_on",
		"particle": "block/detector_rail_on"
	},
	"elements": [
		{
			"from": [1, 0, 13],
			"to": [15, 1, 15],
			"rotation": {"angle": 0, "axis": "y", "origin": [8, 8, 15.375]},
			"faces": {
				"north": {"uv": [1, 13, 15, 14], "texture": "#0"},
				"east": {"uv": [5, 13, 7, 14], "texture": "#0"},
				"south": {"uv": [1, 13, 15, 14], "texture": "#0"},
				"west": {"uv": [5, 13, 7, 14], "texture": "#0"},
				"up": {"uv": [1, 13, 15, 15], "texture": "#0"},
				"down": {"uv": [1, 13, 15, 15], "texture": "#0"}
			}
		},
		{
			"from": [1, 0, 9],
			"to": [15, 1, 11],
			"rotation": {"angle": 0, "axis": "y", "origin": [8, 8, 15.375]},
			"faces": {
				"north": {"uv": [1, 2, 15, 3], "texture": "#0"},
				"east": {"uv": [10, 2, 12, 3], "texture": "#0"},
				"south": {"uv": [1, 13, 15, 14], "texture": "#0"},
				"west": {"uv": [4, 14, 6, 15], "texture": "#0"},
				"up": {"uv": [1, 9, 15, 11], "texture": "#0"},
				"down": {"uv": [1, 9, 15, 11], "texture": "#0"}
			}
		},
		{
			"from": [1, 0, 5],
			"to": [15, 1, 7],
			"rotation": {"angle": 0, "axis": "y", "origin": [8, 8, 15.375]},
			"faces": {
				"north": {"uv": [1, 2, 15, 3], "texture": "#0"},
				"east": {"uv": [4, 14, 6, 15], "texture": "#0"},
				"south": {"uv": [1, 13, 15, 14], "texture": "#0"},
				"west": {"uv": [10, 14, 12, 15], "texture": "#0"},
				"up": {"uv": [1, 5, 15, 7], "texture": "#0"},
				"down": {"uv": [1, 5, 15, 7], "texture": "#0"}
			}
		},
		{
			"from": [1, 0, 1],
			"to": [15, 1, 3],
			"rotation": {"angle": 0, "axis": "y", "origin": [8, 8, 15.375]},
			"faces": {
				"north": {"uv": [1, 1, 15, 2], "texture": "#0"},
				"east": {"uv": [5, 1, 7, 2], "texture": "#0"},
				"south": {"uv": [1, 1, 15, 2], "texture": "#0"},
				"west": {"uv": [4, 1, 6, 2], "texture": "#0"},
				"up": {"uv": [1, 1, 15, 3], "texture": "#0"},
				"down": {"uv": [1, 1, 15, 3], "texture": "#0"}
			}
		},
		{
			"from": [12, 0.125, 0],
			"to": [14, 1.125, 16],
			"rotation": {"angle": 0, "axis": "y", "origin": [8, 8, 15.375]},
			"faces": {
				"north": {"uv": [2, 0, 4, 1], "texture": "#0"},
				"east": {"uv": [3, 0, 4, 16], "rotation": 90, "texture": "#0"},
				"south": {"uv": [2, 0, 4, 1], "texture": "#0"},
				"west": {"uv": [2, 0, 3, 16], "rotation": 90, "texture": "#0"},
				"up": {"uv": [2, 0, 4, 16], "texture": "#0"},
				"down": {"uv": [2, 0, 4, 16], "texture": "#0"}
			}
		},
		{
			"from": [2, 0.125, 0],
			"to": [4, 1.125, 16],
			"rotation": {"angle": 0, "axis": "y", "origin": [8, 8, 15.375]},
			"faces": {
				"north": {"uv": [12, 0, 14, 1], "texture": "#0"},
				"east": {"uv": [13, 0, 14, 16], "rotation": 90, "texture": "#0"},
				"south": {"uv": [12, 0, 14, 1], "texture": "#0"},
				"west": {"uv": [12, 0, 13, 16], "rotation": 90, "texture": "#0"},
				"up": {"uv": [12, 0, 14, 16], "texture": "#0"},
				"down": {"uv": [12, 0, 14, 16], "texture": "#0"}
			}
		},
		{
			"from": [6, 1, 6],
			"to": [10, 2, 10],
			"faces": {
				"north": {"uv": [6, 6, 10, 7], "texture": "#0"},
				"east": {"uv": [6, 6, 10, 7], "texture": "#0"},
				"south": {"uv": [6, 6, 10, 7], "texture": "#0"},
				"west": {"uv": [6, 6, 10, 7], "texture": "#0"},
				"up": {"uv": [6, 6, 10, 10], "texture": "#0"},
				"down": {"uv": [6, 6, 10, 10], "texture": "#0"}
			}
		},
		{
			"from": [5, 1, 5],
			"to": [11, 1.5, 11],
			"faces": {
				"north": {"uv": [5, 5, 11, 5.5], "texture": "#0"},
				"east": {"uv": [5, 5, 11, 5.5], "texture": "#0"},
				"south": {"uv": [5, 5, 11, 5.5], "texture": "#0"},
				"west": {"uv": [5, 5, 11, 5.5], "texture": "#0"},
				"up": {"uv": [5, 5, 11, 11], "texture": "#0"},
				"down": {"uv": [5, 5, 11, 11], "texture": "#0"}
			}
		}
	]
}