{
	"credit": "Made with Blockbench",
	"parent": "minecraft:block/cross",
	"textures": {
		"0": "block/lily_of_the_valley_model",
		"particle": "block/lily_of_the_valley_model"
	},
	"elements": [
		{
			"from": [7.5, 0, 7.5],
			"to": [8.5, 11, 8.5],
			"shade": false,
			"faces": {
				"north": {"uv": [0, 0, 1, 11], "texture": "#0"},
				"east": {"uv": [1, 0, 2, 11], "texture": "#0"},
				"south": {"uv": [2, 0, 3, 11], "texture": "#0"},
				"west": {"uv": [3, 0, 4, 11], "texture": "#0"},
				"up": {"uv": [10, 6, 9, 5], "texture": "#0"},
				"down": {"uv": [4, 13, 3, 14], "texture": "#0"}
			}
		},
		{
			"from": [3.75, -0.5, 7.5],
			"to": [4.75, 7.5, 8.5],
			"shade": false,
			"rotation": {"angle": 22.5, "axis": "z", "origin": [5, 5.5, 8]},
			"faces": {
				"north": {"uv": [3, 3, 4, 11], "texture": "#0"},
				"east": {"uv": [3, 3, 4, 11], "texture": "#0"},
				"south": {"uv": [3, 3, 4, 11], "texture": "#0"},
				"west": {"uv": [3, 3, 4, 11], "texture": "#0"},
				"up": {"uv": [3, 3, 4, 4], "texture": "#0"},
				"down": {"uv": [3, 9, 4, 10], "texture": "#0"}
			}
		},
		{
			"from": [7.38112, -0.67283, 10.5],
			"to": [8.38112, 6.32717, 11.5],
			"shade": false,
			"rotation": {"angle": 22.5, "axis": "x", "origin": [7.88112, 3.82717, 10]},
			"faces": {
				"north": {"uv": [3, 2, 4, 9], "texture": "#0"},
				"east": {"uv": [3, 2, 4, 9], "texture": "#0"},
				"south": {"uv": [3, 2, 4, 9], "texture": "#0"},
				"west": {"uv": [3, 2, 4, 9], "texture": "#0"},
				"up": {"uv": [3, 2, 4, 3], "texture": "#0"},
				"down": {"uv": [3, 7, 4, 8], "texture": "#0"}
			}
		},
		{
			"from": [7.38112, 0.94448, 4.92388],
			"to": [8.38112, 8.94448, 5.92388],
			"shade": false,
			"rotation": {"angle": -22.5, "axis": "x", "origin": [7.88112, 3.44448, 10.92388]},
			"faces": {
				"north": {"uv": [3, 2, 4, 11], "texture": "#0"},
				"east": {"uv": [3, 2, 4, 11], "texture": "#0"},
				"south": {"uv": [3, 2, 4, 11], "texture": "#0"},
				"west": {"uv": [3, 2, 4, 11], "texture": "#0"},
				"up": {"uv": [3, 2, 4, 3], "rotation": 270, "texture": "#0"},
				"down": {"uv": [3, 0, 4, 1], "rotation": 90, "texture": "#0"}
			}
		},
		{
			"from": [9.90015, 1.7315, 7.5],
			"to": [10.90015, 5.7315, 8.5],
			"shade": false,
			"rotation": {"angle": -22.5, "axis": "z", "origin": [4.65015, 3.7315, 7.25]},
			"faces": {
				"north": {"uv": [3, 5, 4, 9], "texture": "#0"},
				"east": {"uv": [3, 5, 4, 9], "texture": "#0"},
				"south": {"uv": [3, 5, 4, 9], "texture": "#0"},
				"west": {"uv": [3, 5, 4, 9], "texture": "#0"},
				"up": {"uv": [3, 5, 4, 6], "texture": "#0"},
				"down": {"uv": [3, 8, 4, 9], "texture": "#0"}
			}
		},
		{
			"from": [6.98718, 3.98253, 7.575],
			"to": [7.83718, 5.98253, 8.425],
			"shade": false,
			"rotation": {"angle": 45, "axis": "z", "origin": [6.66218, 4.98253, 8]},
			"faces": {
				"north": {"uv": [4, 8, 5, 10], "texture": "#0"},
				"east": {"uv": [8, 4, 9, 6], "texture": "#0"},
				"south": {"uv": [5, 8, 6, 10], "texture": "#0"},
				"west": {"uv": [6, 8, 7, 10], "texture": "#0"},
				"up": {"uv": [14, 5, 13, 4], "texture": "#0"},
				"down": {"uv": [14, 5, 13, 6], "texture": "#0"}
			}
		},
		{
			"from": [6.19251, 2.83786, 7.575],
			"to": [8.19251, 3.68786, 8.425],
			"shade": false,
			"rotation": {"angle": 45, "axis": "z", "origin": [7.19251, 5.51286, 8]},
			"faces": {
				"north": {"uv": [8, 6, 10, 7], "texture": "#0"},
				"east": {"uv": [13, 6, 14, 7], "texture": "#0"},
				"south": {"uv": [7, 8, 9, 9], "texture": "#0"},
				"west": {"uv": [7, 13, 8, 14], "texture": "#0"},
				"up": {"uv": [10, 8, 8, 7], "texture": "#0"},
				"down": {"uv": [11, 4, 9, 5], "texture": "#0"}
			}
		},
		{
			"from": [6.76751, 6.76286, 7.575],
			"to": [7.61751, 8.76286, 8.425],
			"shade": false,
			"rotation": {"angle": -45, "axis": "z", "origin": [7.19251, 5.51286, 8]},
			"faces": {
				"north": {"uv": [7, 9, 8, 11], "texture": "#0"},
				"east": {"uv": [8, 9, 9, 11], "texture": "#0"},
				"south": {"uv": [9, 8, 10, 10], "texture": "#0"},
				"west": {"uv": [10, 0, 11, 2], "texture": "#0"},
				"up": {"uv": [14, 8, 13, 7], "texture": "#0"},
				"down": {"uv": [9, 13, 8, 14], "texture": "#0"}
			}
		},
		{
			"from": [8.98718, 5.98253, 7.575],
			"to": [9.83718, 7.98253, 8.425],
			"shade": false,
			"rotation": {"angle": 45, "axis": "z", "origin": [6.66218, 4.98253, 8]},
			"faces": {
				"north": {"uv": [10, 2, 11, 4], "texture": "#0"},
				"east": {"uv": [4, 10, 5, 12], "texture": "#0"},
				"south": {"uv": [5, 10, 6, 12], "texture": "#0"},
				"west": {"uv": [10, 5, 11, 7], "texture": "#0"},
				"up": {"uv": [14, 9, 13, 8], "texture": "#0"},
				"down": {"uv": [14, 9, 13, 10], "texture": "#0"}
			}
		},
		{
			"from": [7.6085, 5.35385, 5.575],
			"to": [8.4585, 7.35385, 6.425],
			"shade": false,
			"rotation": {"angle": -45, "axis": "x", "origin": [8.7835, 7.10385, 8]},
			"faces": {
				"north": {"uv": [6, 10, 7, 12], "texture": "#0"},
				"east": {"uv": [10, 7, 11, 9], "texture": "#0"},
				"south": {"uv": [9, 10, 10, 12], "texture": "#0"},
				"west": {"uv": [10, 9, 11, 11], "texture": "#0"},
				"up": {"uv": [11, 14, 10, 13], "texture": "#0"},
				"down": {"uv": [14, 10, 13, 11], "texture": "#0"}
			}
		},
		{
			"from": [7.6085, 8.13596, 8.12132],
			"to": [8.4585, 8.98596, 10.12132],
			"shade": false,
			"rotation": {"angle": -45, "axis": "x", "origin": [8.0335, 7.81096, 10.12132]},
			"faces": {
				"north": {"uv": [11, 13, 12, 14], "texture": "#0"},
				"east": {"uv": [0, 11, 2, 12], "texture": "#0"},
				"south": {"uv": [13, 11, 14, 12], "texture": "#0"},
				"west": {"uv": [11, 0, 13, 1], "texture": "#0"},
				"up": {"uv": [12, 3, 11, 1], "texture": "#0"},
				"down": {"uv": [3, 11, 2, 13], "texture": "#0"}
			}
		},
		{
			"from": [7.6085, 5.13596, 5.12132],
			"to": [8.4585, 5.98596, 7.12132],
			"shade": false,
			"rotation": {"angle": -45, "axis": "x", "origin": [8.0335, 7.81096, 10.12132]},
			"faces": {
				"north": {"uv": [12, 13, 13, 14], "texture": "#0"},
				"east": {"uv": [11, 3, 13, 4], "texture": "#0"},
				"south": {"uv": [13, 12, 14, 13], "texture": "#0"},
				"west": {"uv": [11, 4, 13, 5], "texture": "#0"},
				"up": {"uv": [4, 13, 3, 11], "texture": "#0"},
				"down": {"uv": [12, 5, 11, 7], "texture": "#0"}
			}
		},
		{
			"from": [7.6085, 8.35385, 8.575],
			"to": [8.4585, 10.35385, 9.425],
			"shade": false,
			"rotation": {"angle": -45, "axis": "x", "origin": [8.7835, 7.10385, 8]},
			"faces": {
				"north": {"uv": [7, 11, 8, 13], "texture": "#0"},
				"east": {"uv": [11, 7, 12, 9], "texture": "#0"},
				"south": {"uv": [8, 11, 9, 13], "texture": "#0"},
				"west": {"uv": [11, 9, 12, 11], "texture": "#0"},
				"up": {"uv": [14, 14, 13, 13], "texture": "#0"},
				"down": {"uv": [1, 14, 0, 15], "texture": "#0"}
			}
		},
		{
			"from": [6, 5.75, 7.5],
			"to": [7, 6.75, 8.5],
			"shade": false,
			"rotation": {"angle": 45, "axis": "z", "origin": [6, 6, 8]},
			"faces": {
				"north": {"uv": [0, 13, 1, 14], "texture": "#0"},
				"east": {"uv": [0, 13, 1, 14], "texture": "#0"},
				"south": {"uv": [0, 13, 1, 14], "texture": "#0"},
				"west": {"uv": [0, 13, 1, 14], "texture": "#0"},
				"up": {"uv": [0, 13, 1, 14], "texture": "#0"},
				"down": {"uv": [0, 13, 1, 14], "texture": "#0"}
			}
		},
		{
			"from": [8, 7.75, 7.5],
			"to": [9, 8.75, 8.5],
			"shade": false,
			"rotation": {"angle": 45, "axis": "z", "origin": [6, 6, 8]},
			"faces": {
				"north": {"uv": [4, 12, 5, 13], "texture": "#0"},
				"east": {"uv": [4, 12, 5, 13], "texture": "#0"},
				"south": {"uv": [4, 12, 5, 13], "texture": "#0"},
				"west": {"uv": [4, 12, 5, 13], "texture": "#0"},
				"up": {"uv": [4, 12, 5, 13], "texture": "#0"},
				"down": {"uv": [4, 12, 5, 13], "texture": "#0"}
			}
		},
		{
			"from": [10.80876, 8.66942, 7.5],
			"to": [11.80876, 9.66942, 8.5],
			"shade": false,
			"rotation": {"angle": -45, "axis": "z", "origin": [9.35876, 10.41942, 8]},
			"faces": {
				"north": {"uv": [5, 13, 6, 14], "texture": "#0"},
				"east": {"uv": [5, 13, 6, 14], "texture": "#0"},
				"south": {"uv": [5, 13, 6, 14], "texture": "#0"},
				"west": {"uv": [5, 13, 6, 14], "texture": "#0"},
				"up": {"uv": [5, 13, 6, 14], "texture": "#0"},
				"down": {"uv": [5, 13, 6, 14], "texture": "#0"}
			}
		},
		{
			"from": [7.55729, 9.51023, 8.75],
			"to": [8.55729, 10.51023, 9.75],
			"shade": false,
			"rotation": {"angle": 45, "axis": "x", "origin": [10.20729, 8.51023, 8]},
			"faces": {
				"north": {"uv": [11, 11, 12, 12], "texture": "#0"},
				"east": {"uv": [11, 11, 12, 12], "texture": "#0"},
				"south": {"uv": [11, 11, 12, 12], "texture": "#0"},
				"west": {"uv": [11, 11, 12, 12], "texture": "#0"},
				"up": {"uv": [11, 11, 12, 12], "texture": "#0"},
				"down": {"uv": [11, 11, 12, 12], "texture": "#0"}
			}
		},
		{
			"from": [7.55729, 11.07609, 4.26256],
			"to": [8.55729, 12.07609, 5.26256],
			"shade": false,
			"rotation": {"angle": -45, "axis": "x", "origin": [8.05729, 12.57609, 6.76256]},
			"faces": {
				"north": {"uv": [6, 4, 7, 5], "texture": "#0"},
				"east": {"uv": [6, 4, 7, 5], "texture": "#0"},
				"south": {"uv": [6, 4, 7, 5], "texture": "#0"},
				"west": {"uv": [6, 4, 7, 5], "texture": "#0"},
				"up": {"uv": [6, 4, 7, 5], "texture": "#0"},
				"down": {"uv": [6, 4, 7, 5], "texture": "#0"}
			}
		},
		{
			"from": [7.55729, 7.76023, 4.5],
			"to": [8.55729, 8.76023, 5.5],
			"shade": false,
			"rotation": {"angle": -45, "axis": "x", "origin": [10.20729, 8.51023, 8]},
			"faces": {
				"north": {"uv": [11, 12, 12, 13], "texture": "#0"},
				"east": {"uv": [11, 12, 12, 13], "texture": "#0"},
				"south": {"uv": [11, 12, 12, 13], "texture": "#0"},
				"west": {"uv": [11, 12, 12, 13], "texture": "#0"},
				"up": {"uv": [11, 12, 12, 13], "texture": "#0"},
				"down": {"uv": [11, 12, 12, 13], "texture": "#0"}
			}
		},
		{
			"from": [7.25729, 11.00109, 7.26256],
			"to": [8.75729, 15.00109, 8.76256],
			"shade": false,
			"rotation": {"angle": 0, "axis": "y", "origin": [8.05729, 12.57609, 6.76256]},
			"faces": {
				"north": {"uv": [4, 0, 6, 4], "texture": "#0"},
				"east": {"uv": [4, 4, 6, 8], "texture": "#0"},
				"south": {"uv": [6, 0, 8, 4], "texture": "#0"},
				"west": {"uv": [6, 4, 8, 8], "texture": "#0"},
				"up": {"uv": [10, 2, 8, 0], "texture": "#0"},
				"down": {"uv": [10, 2, 8, 4], "texture": "#0"}
			}
		}
	]
}