{
	"credit": "Made By Vixel",
	"ambientocclusion": false,
	"texture_size": [64, 64],
	"textures": {
		"1": "block/nether_wart_model",
		"particle": "block/nether_wart_model"
	},
	"elements": [
		{
			"from": [3, 0, 2.5],
			"to": [6, 6, 5.5],
			"shade": false,
			"faces": {
				"north": {"uv": [4.75, 1.5, 5.5, 3], "texture": "#1"},
				"east": {"uv": [4.75, 1.5, 5.5, 3], "texture": "#1"},
				"south": {"uv": [4.75, 1.5, 5.5, 3], "texture": "#1"},
				"west": {"uv": [4.75, 1.5, 5.5, 3], "texture": "#1"},
				"up": {"uv": [4.75, 1.5, 5.5, 3], "texture": "#1"},
				"down": {"uv": [4.75, 1.5, 5.5, 2.25], "texture": "#1"}
			}
		},
		{
			"from": [2, 6, 1.5],
			"to": [7, 9, 6.5],
			"shade": false,
			"faces": {
				"north": {"uv": [5.5, 5.25, 6.75, 6], "texture": "#1"},
				"east": {"uv": [5.5, 5.25, 6.75, 6], "texture": "#1"},
				"south": {"uv": [5.5, 5.25, 6.75, 6], "texture": "#1"},
				"west": {"uv": [5.5, 5.25, 6.75, 6], "texture": "#1"},
				"up": {"uv": [0, 0, 1.25, 1.25], "texture": "#1"},
				"down": {"uv": [5.5, 5.25, 6.75, 6.5], "texture": "#1"}
			}
		},
		{
			"from": [11, 0, 10.5],
			"to": [14, 6, 13.5],
			"shade": false,
			"faces": {
				"north": {"uv": [4.75, 1.5, 5.5, 3], "texture": "#1"},
				"east": {"uv": [4.75, 1.5, 5.5, 3], "texture": "#1"},
				"south": {"uv": [4.75, 1.5, 5.5, 3], "texture": "#1"},
				"west": {"uv": [4.75, 1.5, 5.5, 3], "texture": "#1"},
				"up": {"uv": [4.75, 1.5, 5.5, 3], "texture": "#1"},
				"down": {"uv": [4.75, 1.5, 5.5, 2.25], "texture": "#1"}
			}
		},
		{
			"from": [10, 6, 9.5],
			"to": [15, 9, 14.5],
			"shade": false,
			"faces": {
				"north": {"uv": [5.5, 5.25, 6.75, 6], "texture": "#1"},
				"east": {"uv": [5.5, 5.25, 6.75, 6], "texture": "#1"},
				"south": {"uv": [5.5, 5.25, 6.75, 6], "texture": "#1"},
				"west": {"uv": [5.5, 5.25, 6.75, 6], "texture": "#1"},
				"up": {"uv": [0, 0, 1.25, 1.25], "texture": "#1"},
				"down": {"uv": [5.5, 5.25, 6.75, 6.5], "texture": "#1"}
			}
		},
		{
			"from": [10, -1, 3],
			"to": [13, 7, 6],
			"shade": false,
			"faces": {
				"north": {"uv": [4, 4, 4.75, 6], "texture": "#1"},
				"east": {"uv": [4, 4, 4.75, 6], "texture": "#1"},
				"south": {"uv": [4, 4, 4.75, 6], "texture": "#1"},
				"west": {"uv": [4, 4, 4.75, 6], "texture": "#1"},
				"up": {"uv": [4, 4, 4.75, 6], "texture": "#1"},
				"down": {"uv": [4, 4, 4.75, 4.75], "texture": "#1"}
			}
		},
		{
			"from": [9, 7, 2],
			"to": [14, 10, 7],
			"shade": false,
			"faces": {
				"north": {"uv": [5.5, 5.25, 6.75, 6], "texture": "#1"},
				"east": {"uv": [5.5, 5.25, 6.75, 6], "texture": "#1"},
				"south": {"uv": [5.5, 5.25, 6.75, 6], "texture": "#1"},
				"west": {"uv": [5.5, 5.25, 6.75, 6], "texture": "#1"},
				"up": {"uv": [0, 0, 1.25, 1.25], "texture": "#1"},
				"down": {"uv": [5.5, 5.25, 6.75, 6], "texture": "#1"}
			}
		},
		{
			"from": [2, 7, 8],
			"to": [7, 10, 13],
			"shade": false,
			"faces": {
				"north": {"uv": [5.5, 5.25, 6.75, 6], "texture": "#1"},
				"east": {"uv": [5.5, 5.25, 6.75, 6], "texture": "#1"},
				"south": {"uv": [5.5, 5.25, 6.75, 6], "texture": "#1"},
				"west": {"uv": [5.5, 5.25, 6.75, 6], "texture": "#1"},
				"up": {"uv": [0, 0, 1.25, 1.25], "texture": "#1"},
				"down": {"uv": [5.5, 5.25, 6.75, 6.5], "texture": "#1"}
			}
		},
		{
			"from": [3, -1, 9],
			"to": [6, 7, 12],
			"shade": false,
			"faces": {
				"north": {"uv": [4, 4, 4.75, 6], "texture": "#1"},
				"east": {"uv": [4, 4, 4.75, 6], "texture": "#1"},
				"south": {"uv": [4, 4, 4.75, 6], "texture": "#1"},
				"west": {"uv": [4, 4, 4.75, 6], "texture": "#1"},
				"up": {"uv": [4, 4, 4.75, 6], "texture": "#1"},
				"down": {"uv": [4, 4, 4.75, 4.75], "texture": "#1"}
			}
		},
		{
			"from": [8, 0, 12.5],
			"to": [10, 3, 14.5],
			"shade": false,
			"faces": {
				"north": {"uv": [3.75, 8, 4.25, 8.75], "texture": "#1"},
				"east": {"uv": [3.75, 8, 4.25, 8.75], "texture": "#1"},
				"south": {"uv": [3.75, 8, 4.25, 8.75], "texture": "#1"},
				"west": {"uv": [3.75, 8, 4.25, 8.75], "texture": "#1"},
				"up": {"uv": [3.75, 8, 4.25, 8.75], "texture": "#1"},
				"down": {"uv": [3.75, 8, 4.25, 8.5], "texture": "#1"}
			}
		},
		{
			"from": [7, 3, 12],
			"to": [10, 5, 15],
			"shade": false,
			"faces": {
				"north": {"uv": [8, 8, 8.75, 8.5], "texture": "#1"},
				"east": {"uv": [8, 8, 8.75, 8.5], "texture": "#1"},
				"south": {"uv": [8, 8, 8.75, 8.5], "texture": "#1"},
				"west": {"uv": [8, 8, 8.75, 8.5], "texture": "#1"},
				"up": {"uv": [0.75, 7.5, 1.5, 8.25], "texture": "#1"},
				"down": {"uv": [8, 8, 8.75, 8.5], "texture": "#1"}
			}
		},
		{
			"from": [7, 0, 1.5],
			"to": [9, 3, 3.5],
			"shade": false,
			"faces": {
				"north": {"uv": [3.75, 8, 4.25, 8.75], "texture": "#1"},
				"east": {"uv": [3.75, 8, 4.25, 8.75], "texture": "#1"},
				"south": {"uv": [3.75, 8, 4.25, 8.75], "texture": "#1"},
				"west": {"uv": [3.75, 8, 4.25, 8.75], "texture": "#1"},
				"up": {"uv": [3.75, 8, 4.25, 8.75], "texture": "#1"},
				"down": {"uv": [3.75, 8, 4.25, 8.5], "texture": "#1"}
			}
		},
		{
			"from": [6.5, 3, 1],
			"to": [9.5, 5, 4],
			"shade": false,
			"faces": {
				"north": {"uv": [8, 8, 8.75, 8.5], "texture": "#1"},
				"east": {"uv": [8, 8, 8.75, 8.5], "texture": "#1"},
				"south": {"uv": [8, 8, 8.75, 8.5], "texture": "#1"},
				"west": {"uv": [8, 8, 8.75, 8.5], "texture": "#1"},
				"up": {"uv": [0.75, 7.5, 1.5, 8.25], "texture": "#1"},
				"down": {"uv": [8, 8, 8.75, 8.5], "texture": "#1"}
			}
		},
		{
			"from": [1.5, 0, 7],
			"to": [3.5, 3, 9],
			"shade": false,
			"faces": {
				"north": {"uv": [3.75, 8, 4.25, 8.75], "texture": "#1"},
				"east": {"uv": [3.75, 8, 4.25, 8.75], "texture": "#1"},
				"south": {"uv": [3.75, 8, 4.25, 8.75], "texture": "#1"},
				"west": {"uv": [3.75, 8, 4.25, 8.75], "texture": "#1"},
				"up": {"uv": [3.75, 8, 4.25, 8.75], "texture": "#1"},
				"down": {"uv": [3.75, 8, 4.25, 8.5], "texture": "#1"}
			}
		},
		{
			"from": [1, 3, 6.5],
			"to": [4, 5, 9.5],
			"shade": false,
			"faces": {
				"north": {"uv": [8, 8, 8.75, 8.5], "texture": "#1"},
				"east": {"uv": [8, 8, 8.75, 8.5], "texture": "#1"},
				"south": {"uv": [8, 8, 8.75, 8.5], "texture": "#1"},
				"west": {"uv": [8, 8, 8.75, 8.5], "texture": "#1"},
				"up": {"uv": [0.75, 7.5, 1.5, 8.25], "texture": "#1"},
				"down": {"uv": [8, 8, 8.75, 8.5], "texture": "#1"}
			}
		},
		{
			"from": [12.5, 0, 7],
			"to": [14.5, 3, 9],
			"shade": false,
			"faces": {
				"north": {"uv": [3.75, 8, 4.25, 8.75], "texture": "#1"},
				"east": {"uv": [3.75, 8, 4.25, 8.75], "texture": "#1"},
				"south": {"uv": [3.75, 8, 4.25, 8.75], "texture": "#1"},
				"west": {"uv": [3.75, 8, 4.25, 8.75], "texture": "#1"},
				"up": {"uv": [3.75, 8, 4.25, 8.75], "texture": "#1"},
				"down": {"uv": [3.75, 8, 4.25, 8.5], "texture": "#1"}
			}
		},
		{
			"from": [12, 3, 6.5],
			"to": [15, 5, 9.5],
			"shade": false,
			"faces": {
				"north": {"uv": [8, 8, 8.75, 8.5], "texture": "#1"},
				"east": {"uv": [8, 8, 8.75, 8.5], "texture": "#1"},
				"south": {"uv": [8, 8, 8.75, 8.5], "texture": "#1"},
				"west": {"uv": [8, 8, 8.75, 8.5], "texture": "#1"},
				"up": {"uv": [0.75, 7.5, 1.5, 8.25], "texture": "#1"},
				"down": {"uv": [8, 8, 8.75, 8.5], "texture": "#1"}
			}
		}
	]
}