{
	"credit": "Made By Vixel",
	"ambientocclusion": false,
	"texture_size": [64, 64],
	"textures": {
		"1": "block/nether_wart_model",
		"particle": "block/nether_wart_model"
	},
	"elements": [
		{
			"from": [3, -4, 2.5],
			"to": [6, 2, 5.5],
			"shade": false,
			"faces": {
				"north": {"uv": [4.75, 1.5, 5.5, 3], "texture": "#1"},
				"east": {"uv": [4.75, 1.5, 5.5, 3], "texture": "#1"},
				"south": {"uv": [4.75, 1.5, 5.5, 3], "texture": "#1"},
				"west": {"uv": [4.75, 1.5, 5.5, 3], "texture": "#1"},
				"up": {"uv": [4.75, 1.5, 5.5, 3], "texture": "#1"},
				"down": {"uv": [4.75, 1.5, 5.5, 2.25], "texture": "#1"}
			}
		},
		{
			"from": [2, 2, 1.5],
			"to": [7, 5, 6.5],
			"shade": false,
			"faces": {
				"north": {"uv": [5.5, 5.25, 6.75, 6], "texture": "#1"},
				"east": {"uv": [5.5, 5.25, 6.75, 6], "texture": "#1"},
				"south": {"uv": [5.5, 5.25, 6.75, 6], "texture": "#1"},
				"west": {"uv": [5.5, 5.25, 6.75, 6], "texture": "#1"},
				"up": {"uv": [0, 0, 1.25, 1.25], "texture": "#1"},
				"down": {"uv": [5.5, 5.25, 6.75, 6.5], "texture": "#1"}
			}
		},
		{
			"from": [11, -4, 10.5],
			"to": [14, 2, 13.5],
			"shade": false,
			"faces": {
				"north": {"uv": [4.75, 1.5, 5.5, 3], "texture": "#1"},
				"east": {"uv": [4.75, 1.5, 5.5, 3], "texture": "#1"},
				"south": {"uv": [4.75, 1.5, 5.5, 3], "texture": "#1"},
				"west": {"uv": [4.75, 1.5, 5.5, 3], "texture": "#1"},
				"up": {"uv": [4.75, 1.5, 5.5, 3], "texture": "#1"},
				"down": {"uv": [4.75, 1.5, 5.5, 2.25], "texture": "#1"}
			}
		},
		{
			"from": [10, 2, 9.5],
			"to": [15, 5, 14.5],
			"shade": false,
			"faces": {
				"north": {"uv": [5.5, 5.25, 6.75, 6], "texture": "#1"},
				"east": {"uv": [5.5, 5.25, 6.75, 6], "texture": "#1"},
				"south": {"uv": [5.5, 5.25, 6.75, 6], "texture": "#1"},
				"west": {"uv": [5.5, 5.25, 6.75, 6], "texture": "#1"},
				"up": {"uv": [0, 0, 1.25, 1.25], "texture": "#1"},
				"down": {"uv": [5.5, 5.25, 6.75, 6.5], "texture": "#1"}
			}
		},
		{
			"from": [10, -5, 3],
			"to": [13, 3, 6],
			"shade": false,
			"faces": {
				"north": {"uv": [4, 4, 4.75, 6], "texture": "#1"},
				"east": {"uv": [4, 4, 4.75, 6], "texture": "#1"},
				"south": {"uv": [4, 4, 4.75, 6], "texture": "#1"},
				"west": {"uv": [4, 4, 4.75, 6], "texture": "#1"},
				"up": {"uv": [4, 4, 4.75, 6], "texture": "#1"},
				"down": {"uv": [4, 4, 4.75, 4.75], "texture": "#1"}
			}
		},
		{
			"from": [9, 3, 2],
			"to": [14, 6, 7],
			"shade": false,
			"faces": {
				"north": {"uv": [5.5, 5.25, 6.75, 6], "texture": "#1"},
				"east": {"uv": [5.5, 5.25, 6.75, 6], "texture": "#1"},
				"south": {"uv": [5.5, 5.25, 6.75, 6], "texture": "#1"},
				"west": {"uv": [5.5, 5.25, 6.75, 6], "texture": "#1"},
				"up": {"uv": [0, 0, 1.25, 1.25], "texture": "#1"},
				"down": {"uv": [5.5, 5.25, 6.75, 6], "texture": "#1"}
			}
		},
		{
			"from": [2, 3, 8],
			"to": [7, 6, 13],
			"shade": false,
			"faces": {
				"north": {"uv": [5.5, 5.25, 6.75, 6], "texture": "#1"},
				"east": {"uv": [5.5, 5.25, 6.75, 6], "texture": "#1"},
				"south": {"uv": [5.5, 5.25, 6.75, 6], "texture": "#1"},
				"west": {"uv": [5.5, 5.25, 6.75, 6], "texture": "#1"},
				"up": {"uv": [0, 0, 1.25, 1.25], "texture": "#1"},
				"down": {"uv": [5.5, 5.25, 6.75, 6.5], "texture": "#1"}
			}
		},
		{
			"from": [3, -5, 9],
			"to": [6, 3, 12],
			"shade": false,
			"faces": {
				"north": {"uv": [4, 4, 4.75, 6], "texture": "#1"},
				"east": {"uv": [4, 4, 4.75, 6], "texture": "#1"},
				"south": {"uv": [4, 4, 4.75, 6], "texture": "#1"},
				"west": {"uv": [4, 4, 4.75, 6], "texture": "#1"},
				"up": {"uv": [4, 4, 4.75, 6], "texture": "#1"},
				"down": {"uv": [4, 4, 4.75, 4.75], "texture": "#1"}
			}
		}
	]
}