{
	"credit": "Made with Blockbench",
	"parent": "block/observerextra",
	"textures": {
		"bottom": "block/observer_back_on",
		"side": "block/observer_side_on",
		"top": "block/observer_top _on",
		"front": "block/observer_front_on"
	},
	"elements": [
		{
			"from": [0, 0, 0],
			"to": [16, 16, 16],
			"faces": {
				"north": {"uv": [0, 0, 16, 16], "texture": "#front", "cullface": "north"},
				"east": {"uv": [16, 0, 0, 16], "texture": "#side", "cullface": "east"},
				"south": {"uv": [0, 0, 16, 16], "texture": "#bottom", "cullface": "south"},
				"west": {"uv": [0, 0, 16, 16], "texture": "#side", "cullface": "west"},
				"up": {"uv": [0, 0, 16, 16], "texture": "#top", "cullface": "up"},
				"down": {"uv": [0, 16, 16, 0], "texture": "#top", "cullface": "down"}
			}
		}
	]
}