{
	"credit": "Made with Blockbench",
	"ambientocclusion": false,
	"textures": {
		"particle": "block/potatoes_stage2",
		"crop": "block/potatoes_stage2"
	},
	"elements": [
		{
			"from": [3, -2, 3],
			"to": [6, 0, 6],
			"shade": false,
			"rotation": {"angle": 0, "axis": "y", "origin": [0, -1, 0]},
			"faces": {
				"north": {"uv": [0, 14, 3, 16], "texture": "#crop"},
				"east": {"uv": [0, 14, 3, 16], "texture": "#crop"},
				"south": {"uv": [0, 14, 3, 16], "texture": "#crop"},
				"west": {"uv": [0, 14, 3, 16], "texture": "#crop"},
				"up": {"uv": [0, 11, 3, 14], "texture": "#crop"},
				"down": {"uv": [0, 14, 3, 16], "texture": "#crop"}
			}
		},
		{
			"from": [3, -2, 10],
			"to": [6, 0, 13],
			"shade": false,
			"rotation": {"angle": 0, "axis": "y", "origin": [0, -1, 0]},
			"faces": {
				"north": {"uv": [0, 14, 3, 16], "texture": "#crop"},
				"east": {"uv": [0, 14, 3, 16], "texture": "#crop"},
				"south": {"uv": [0, 14, 3, 16], "texture": "#crop"},
				"west": {"uv": [0, 14, 3, 16], "texture": "#crop"},
				"up": {"uv": [0, 11, 3, 14], "texture": "#crop"},
				"down": {"uv": [0, 14, 3, 16], "texture": "#crop"}
			}
		},
		{
			"from": [10, -2, 10],
			"to": [13, 0, 13],
			"shade": false,
			"rotation": {"angle": 0, "axis": "y", "origin": [0, -1, 0]},
			"faces": {
				"north": {"uv": [0, 14, 3, 16], "texture": "#crop"},
				"east": {"uv": [0, 14, 3, 16], "texture": "#crop"},
				"south": {"uv": [0, 14, 3, 16], "texture": "#crop"},
				"west": {"uv": [0, 14, 3, 16], "texture": "#crop"},
				"up": {"uv": [0, 11, 3, 14], "texture": "#crop"},
				"down": {"uv": [0, 14, 3, 16], "texture": "#crop"}
			}
		},
		{
			"from": [10, -2, 3],
			"to": [13, 0, 6],
			"shade": false,
			"rotation": {"angle": 0, "axis": "y", "origin": [0, -1, 0]},
			"faces": {
				"north": {"uv": [0, 14, 3, 16], "texture": "#crop"},
				"east": {"uv": [0, 14, 3, 16], "texture": "#crop"},
				"south": {"uv": [0, 14, 3, 16], "texture": "#crop"},
				"west": {"uv": [0, 14, 3, 16], "texture": "#crop"},
				"up": {"uv": [0, 11, 3, 14], "texture": "#crop"},
				"down": {"uv": [0, 14, 3, 16], "texture": "#crop"}
			}
		},
		{
			"from": [0, 0, 4],
			"to": [8, 12, 4],
			"shade": false,
			"rotation": {"angle": 45, "axis": "y", "origin": [4.5, 5.5, 3]},
			"faces": {
				"north": {"uv": [4, 0, 12, 12], "texture": "#crop"},
				"east": {"uv": [4, 0, 12, 12], "texture": "#crop"},
				"south": {"uv": [12, 0, 4, 12], "texture": "#crop"},
				"west": {"uv": [4, 0, 12, 12], "texture": "#crop"},
				"up": {"uv": [4, 0, 12, 12], "texture": "#crop"},
				"down": {"uv": [4, 0, 12, 12], "texture": "#crop"}
			}
		},
		{
			"from": [8.35355, 0, 4.56066],
			"to": [16.35355, 12, 4.56066],
			"shade": false,
			"rotation": {"angle": -45, "axis": "y", "origin": [11.85355, 6, 4.06066]},
			"faces": {
				"north": {"uv": [4, 0, 12, 12], "texture": "#crop"},
				"east": {"uv": [4, 0, 12, 12], "texture": "#crop"},
				"south": {"uv": [12, 0, 4, 12], "texture": "#crop"},
				"west": {"uv": [4, 0, 12, 12], "texture": "#crop"},
				"up": {"uv": [4, 0, 12, 12], "texture": "#crop"},
				"down": {"uv": [4, 0, 12, 12], "texture": "#crop"}
			}
		},
		{
			"from": [11.85355, 0, 7.76777],
			"to": [11.85355, 12, 15.76777],
			"shade": false,
			"rotation": {"angle": -45, "axis": "y", "origin": [11.85355, 6, 11.76777]},
			"faces": {
				"north": {"uv": [4, 0, 12, 12], "texture": "#crop"},
				"east": {"uv": [4, 0, 12, 12], "texture": "#crop"},
				"south": {"uv": [4, 0, 12, 12], "texture": "#crop"},
				"west": {"uv": [12, 0, 4, 12], "texture": "#crop"},
				"up": {"uv": [4, 0, 12, 12], "rotation": 90, "texture": "#crop"},
				"down": {"uv": [4, 0, 12, 12], "rotation": 270, "texture": "#crop"}
			}
		},
		{
			"from": [3.85355, 0, 7.06066],
			"to": [3.85355, 12, 15.06066],
			"shade": false,
			"rotation": {"angle": 45, "axis": "y", "origin": [4.85355, 6, 11.06066]},
			"faces": {
				"north": {"uv": [4, 0, 12, 12], "texture": "#crop"},
				"east": {"uv": [12, 0, 4, 12], "texture": "#crop"},
				"south": {"uv": [4, 0, 12, 12], "texture": "#crop"},
				"west": {"uv": [4, 0, 12, 12], "texture": "#crop"},
				"up": {"uv": [4, 0, 12, 12], "texture": "#crop"},
				"down": {"uv": [4, 0, 12, 12], "texture": "#crop"}
			}
		}
	]
}