{
	"credit": "Made with Blockbench",
	"ambientocclusion": false,
	"textures": {
		"2": "block/oxeye_daisy_model",
		"particle": "block/flower_pot",
		"flowerpot": "block/flower_pot",
		"dirt": "block/dirt"
	},
	"elements": [
		{
			"from": [5, 0, 5],
			"to": [6, 6, 11],
			"faces": {
				"north": {"uv": [10, 10, 11, 16], "texture": "#flowerpot"},
				"east": {"uv": [5, 10, 11, 16], "texture": "#flowerpot"},
				"south": {"uv": [5, 10, 6, 16], "texture": "#flowerpot"},
				"west": {"uv": [5, 10, 11, 16], "texture": "#flowerpot"},
				"up": {"uv": [5, 5, 6, 11], "texture": "#flowerpot"},
				"down": {"uv": [5, 5, 6, 11], "texture": "#flowerpot", "cullface": "down"}
			}
		},
		{
			"from": [10, 0, 5],
			"to": [11, 6, 11],
			"faces": {
				"north": {"uv": [5, 10, 6, 16], "texture": "#flowerpot"},
				"east": {"uv": [5, 10, 11, 16], "texture": "#flowerpot"},
				"south": {"uv": [10, 10, 11, 16], "texture": "#flowerpot"},
				"west": {"uv": [5, 10, 11, 16], "texture": "#flowerpot"},
				"up": {"uv": [10, 5, 11, 11], "texture": "#flowerpot"},
				"down": {"uv": [10, 5, 11, 11], "texture": "#flowerpot", "cullface": "down"}
			}
		},
		{
			"from": [6, 0, 5],
			"to": [10, 6, 6],
			"faces": {
				"north": {"uv": [6, 10, 10, 16], "texture": "#flowerpot"},
				"south": {"uv": [6, 10, 10, 16], "texture": "#flowerpot"},
				"up": {"uv": [6, 5, 10, 6], "texture": "#flowerpot"},
				"down": {"uv": [6, 10, 10, 11], "texture": "#flowerpot", "cullface": "down"}
			}
		},
		{
			"from": [6, 0, 10],
			"to": [10, 6, 11],
			"faces": {
				"north": {"uv": [6, 10, 10, 16], "texture": "#flowerpot"},
				"south": {"uv": [6, 10, 10, 16], "texture": "#flowerpot"},
				"up": {"uv": [6, 10, 10, 11], "texture": "#flowerpot"},
				"down": {"uv": [6, 5, 10, 6], "texture": "#flowerpot", "cullface": "down"}
			}
		},
		{
			"from": [6, 0, 6],
			"to": [10, 4, 10],
			"faces": {
				"up": {"uv": [6, 6, 10, 10], "texture": "#dirt"},
				"down": {"uv": [6, 12, 10, 16], "texture": "#flowerpot", "cullface": "down"}
			}
		},
		{
			"from": [7.5, 1, 7.5],
			"to": [8.5, 11, 8.5],
			"shade": false,
			"rotation": {"angle": 0, "axis": "y", "origin": [0.5, -1, -0.5]},
			"faces": {
				"north": {"uv": [0, 0, 1, 12], "texture": "#2"},
				"east": {"uv": [1, 0, 2, 12], "texture": "#2"},
				"south": {"uv": [2, 0, 3, 12], "texture": "#2"},
				"west": {"uv": [3, 0, 4, 12], "texture": "#2"},
				"up": {"uv": [11, 9, 10, 8], "texture": "#2"},
				"down": {"uv": [11, 9, 10, 10], "texture": "#2"}
			}
		},
		{
			"from": [6, 11, 6],
			"to": [10, 11.5, 10],
			"shade": false,
			"rotation": {"angle": 0, "axis": "y", "origin": [0.5, -1, -0.5]},
			"faces": {
				"north": {"uv": [10, 4, 12, 5], "texture": "#2"},
				"east": {"uv": [10, 5, 12, 6], "texture": "#2"},
				"south": {"uv": [10, 6, 12, 7], "texture": "#2"},
				"west": {"uv": [10, 7, 12, 8], "texture": "#2"},
				"up": {"uv": [16, 4, 12, 0], "texture": "#2"},
				"down": {"uv": [12, 2, 10, 4], "texture": "#2"}
			}
		},
		{
			"from": [6.6, 1, 7.5],
			"to": [7.1, 4, 8.5],
			"shade": false,
			"rotation": {"angle": 22.5, "axis": "z", "origin": [7.25, 2, 8]},
			"faces": {
				"north": {"uv": [3, 9, 4, 11], "texture": "#2"},
				"east": {"uv": [3, 9, 4, 11], "texture": "#2"},
				"south": {"uv": [3, 9, 4, 11], "texture": "#2"},
				"west": {"uv": [3, 9, 4, 11], "texture": "#2"},
				"up": {"uv": [2, 8, 2.5, 9], "texture": "#2"},
				"down": {"uv": [2, 10, 2.5, 11], "texture": "#2"}
			}
		},
		{
			"from": [7.5, 1, 8.65],
			"to": [8.5, 4, 9.15],
			"shade": false,
			"rotation": {"angle": 22.5, "axis": "x", "origin": [8, 2, 8.65]},
			"faces": {
				"north": {"uv": [0, 7, 1, 11], "texture": "#2"},
				"east": {"uv": [0, 7, 1, 11], "texture": "#2"},
				"south": {"uv": [0, 7, 1, 11], "texture": "#2"},
				"west": {"uv": [0, 7, 1, 11], "texture": "#2"},
				"up": {"uv": [1, 6, 2, 6.5], "texture": "#2"},
				"down": {"uv": [2, 11, 3, 11.5], "texture": "#2"}
			}
		},
		{
			"from": [7.5, 0.97626, 5.99201],
			"to": [8.5, 4.97626, 6.49201],
			"shade": false,
			"rotation": {"angle": -22.5, "axis": "x", "origin": [8, 3.97626, 6.49201]},
			"faces": {
				"north": {"uv": [0, 7, 1, 11], "texture": "#2"},
				"east": {"uv": [0, 7, 1, 11], "texture": "#2"},
				"south": {"uv": [0, 7, 1, 11], "texture": "#2"},
				"west": {"uv": [0, 7, 1, 11], "texture": "#2"},
				"up": {"uv": [1, 6, 2, 6.5], "texture": "#2"},
				"down": {"uv": [2, 11, 3, 11.5], "texture": "#2"}
			}
		},
		{
			"from": [8.7685, 0.90015, 7.5],
			"to": [9.2685, 2.90015, 8.5],
			"shade": false,
			"rotation": {"angle": -22.5, "axis": "z", "origin": [9.0185, 1.65015, 8]},
			"faces": {
				"north": {"uv": [3, 9, 4, 11], "texture": "#2"},
				"east": {"uv": [3, 9, 4, 11], "texture": "#2"},
				"south": {"uv": [3, 9, 4, 11], "texture": "#2"},
				"west": {"uv": [3, 9, 4, 11], "texture": "#2"},
				"up": {"uv": [2, 8, 2.5, 9], "texture": "#2"},
				"down": {"uv": [2, 10, 2.5, 11], "texture": "#2"}
			}
		},
		{
			"from": [2, 11.75, 5.5],
			"to": [6, 11.75, 10.5],
			"shade": false,
			"rotation": {"angle": -22.5, "axis": "z", "origin": [4.5, 11, 8]},
			"faces": {
				"north": {"uv": [7, 9, 4, 6], "texture": "#2"},
				"east": {"uv": [7, 9, 4, 6], "texture": "#2"},
				"south": {"uv": [7, 9, 4, 6], "texture": "#2"},
				"west": {"uv": [7, 9, 4, 6], "texture": "#2"},
				"up": {"uv": [10, 16, 6, 11], "texture": "#2"},
				"down": {"uv": [7, 9, 4, 6], "texture": "#2"}
			}
		},
		{
			"from": [5.5, 11.75, 2],
			"to": [10.5, 11.75, 6],
			"shade": false,
			"rotation": {"angle": 22.5, "axis": "x", "origin": [8, 11, 4.5]},
			"faces": {
				"north": {"uv": [10, 6, 7, 3], "texture": "#2"},
				"east": {"uv": [10, 6, 7, 3], "texture": "#2"},
				"south": {"uv": [10, 6, 7, 3], "texture": "#2"},
				"west": {"uv": [10, 6, 7, 3], "texture": "#2"},
				"up": {"uv": [10, 16, 6, 11], "rotation": 90, "texture": "#2"},
				"down": {"uv": [10, 3, 7, 6], "texture": "#2"}
			}
		},
		{
			"from": [5.5, 12.25, 10],
			"to": [10.5, 12.25, 14],
			"shade": false,
			"rotation": {"angle": -22.5, "axis": "x", "origin": [8, 11, 12.5]},
			"faces": {
				"north": {"uv": [7, 6, 10, 3], "texture": "#2"},
				"east": {"uv": [7, 6, 10, 3], "texture": "#2"},
				"south": {"uv": [7, 6, 10, 3], "texture": "#2"},
				"west": {"uv": [7, 6, 10, 3], "texture": "#2"},
				"up": {"uv": [6, 16, 10, 11], "rotation": 90, "texture": "#2"},
				"down": {"uv": [10, 6, 7, 3], "texture": "#2"}
			}
		},
		{
			"from": [10, 12.25, 5.5],
			"to": [14, 12.25, 10.5],
			"shade": false,
			"rotation": {"angle": 22.5, "axis": "z", "origin": [12.5, 11, 8]},
			"faces": {
				"north": {"uv": [4, 9, 7, 6], "texture": "#2"},
				"east": {"uv": [4, 9, 7, 6], "texture": "#2"},
				"south": {"uv": [4, 9, 7, 6], "texture": "#2"},
				"west": {"uv": [4, 9, 7, 6], "texture": "#2"},
				"up": {"uv": [6, 16, 10, 11], "texture": "#2"},
				"down": {"uv": [4, 9, 7, 6], "texture": "#2"}
			}
		}
	]
}