{
	"credit": "Made with Blockbench",
	"ambientocclusion": false,
	"textures": {
		"2": "block/dandelion/dandeliom_model_1",
		"particle": "block/flower_pot",
		"flowerpot": "block/flower_pot",
		"dirt": "block/dirt"
	},
	"elements": [
		{
			"from": [5, 0, 5],
			"to": [6, 6, 11],
			"faces": {
				"north": {"uv": [10, 10, 11, 16], "texture": "#flowerpot"},
				"east": {"uv": [5, 10, 11, 16], "texture": "#flowerpot"},
				"south": {"uv": [5, 10, 6, 16], "texture": "#flowerpot"},
				"west": {"uv": [5, 10, 11, 16], "texture": "#flowerpot"},
				"up": {"uv": [5, 5, 6, 11], "texture": "#flowerpot"},
				"down": {"uv": [5, 5, 6, 11], "texture": "#flowerpot", "cullface": "down"}
			}
		},
		{
			"from": [10, 0, 5],
			"to": [11, 6, 11],
			"faces": {
				"north": {"uv": [5, 10, 6, 16], "texture": "#flowerpot"},
				"east": {"uv": [5, 10, 11, 16], "texture": "#flowerpot"},
				"south": {"uv": [10, 10, 11, 16], "texture": "#flowerpot"},
				"west": {"uv": [5, 10, 11, 16], "texture": "#flowerpot"},
				"up": {"uv": [10, 5, 11, 11], "texture": "#flowerpot"},
				"down": {"uv": [10, 5, 11, 11], "texture": "#flowerpot", "cullface": "down"}
			}
		},
		{
			"from": [6, 0, 5],
			"to": [10, 6, 6],
			"faces": {
				"north": {"uv": [6, 10, 10, 16], "texture": "#flowerpot"},
				"south": {"uv": [6, 10, 10, 16], "texture": "#flowerpot"},
				"up": {"uv": [6, 5, 10, 6], "texture": "#flowerpot"},
				"down": {"uv": [6, 10, 10, 11], "texture": "#flowerpot", "cullface": "down"}
			}
		},
		{
			"from": [6, 0, 10],
			"to": [10, 6, 11],
			"faces": {
				"north": {"uv": [6, 10, 10, 16], "texture": "#flowerpot"},
				"south": {"uv": [6, 10, 10, 16], "texture": "#flowerpot"},
				"up": {"uv": [6, 10, 10, 11], "texture": "#flowerpot"},
				"down": {"uv": [6, 5, 10, 6], "texture": "#flowerpot", "cullface": "down"}
			}
		},
		{
			"from": [6, 0, 6],
			"to": [10, 4, 10],
			"faces": {
				"up": {"uv": [6, 6, 10, 10], "texture": "#dirt"},
				"down": {"uv": [6, 12, 10, 16], "texture": "#flowerpot", "cullface": "down"}
			}
		},
		{
			"from": [7.5, 3, 7.5],
			"to": [8.5, 9, 8.5],
			"shade": false,
			"rotation": {"angle": 0, "axis": "y", "origin": [-0.5, 3, 0.5]},
			"faces": {
				"north": {"uv": [0, 0, 1, 6], "texture": "#2"},
				"east": {"uv": [1, 0, 2, 6], "texture": "#2"},
				"south": {"uv": [2, 0, 3, 6], "texture": "#2"},
				"west": {"uv": [3, 0, 4, 6], "texture": "#2"},
				"up": {"uv": [4, 10, 3, 9], "texture": "#2"},
				"down": {"uv": [10, 10, 9, 11], "texture": "#2"}
			}
		},
		{
			"from": [7, 9, 7],
			"to": [9, 9.5, 9],
			"shade": false,
			"rotation": {"angle": 0, "axis": "y", "origin": [-0.5, 3, 0.5]},
			"faces": {
				"north": {"uv": [7, 3, 9, 4], "texture": "#2"},
				"east": {"uv": [4, 7, 6, 8], "texture": "#2"},
				"south": {"uv": [9, 6, 11, 7], "texture": "#2"},
				"west": {"uv": [9, 7, 11, 8], "texture": "#2"},
				"up": {"uv": [11, 4, 9, 2], "texture": "#2"},
				"down": {"uv": [11, 4, 9, 6], "texture": "#2"}
			}
		},
		{
			"from": [6.5, 8.8, 9],
			"to": [9.5, 8.8, 12],
			"shade": false,
			"rotation": {"angle": -22.5, "axis": "x", "origin": [10, 9, 8]},
			"faces": {
				"north": {"uv": [3, 16, 0, 13], "rotation": 270, "texture": "#2"},
				"east": {"uv": [3, 16, 0, 13], "rotation": 270, "texture": "#2"},
				"south": {"uv": [3, 16, 0, 13], "rotation": 270, "texture": "#2"},
				"west": {"uv": [3, 16, 0, 13], "rotation": 270, "texture": "#2"},
				"up": {"uv": [3, 16, 0, 13], "rotation": 270, "texture": "#2"},
				"down": {"uv": [3, 13, 0, 16], "rotation": 90, "texture": "#2"}
			}
		},
		{
			"from": [6.5, 8.8, 4],
			"to": [9.5, 8.8, 7],
			"shade": false,
			"rotation": {"angle": 22.5, "axis": "x", "origin": [10, 9, 8]},
			"faces": {
				"north": {"uv": [3, 16, 0, 13], "rotation": 90, "texture": "#2"},
				"east": {"uv": [3, 16, 0, 13], "rotation": 90, "texture": "#2"},
				"south": {"uv": [3, 16, 0, 13], "rotation": 90, "texture": "#2"},
				"west": {"uv": [3, 16, 0, 13], "rotation": 90, "texture": "#2"},
				"up": {"uv": [3, 16, 0, 13], "rotation": 90, "texture": "#2"},
				"down": {"uv": [3, 13, 0, 16], "rotation": 270, "texture": "#2"}
			}
		},
		{
			"from": [9, 9.5, 6.5],
			"to": [12, 9.5, 9.5],
			"shade": false,
			"rotation": {"angle": 22.5, "axis": "z", "origin": [10, 9, 8]},
			"faces": {
				"north": {"uv": [3, 16, 0, 13], "rotation": 180, "texture": "#2"},
				"east": {"uv": [3, 16, 0, 13], "rotation": 180, "texture": "#2"},
				"south": {"uv": [3, 16, 0, 13], "rotation": 180, "texture": "#2"},
				"west": {"uv": [3, 16, 0, 13], "rotation": 180, "texture": "#2"},
				"up": {"uv": [3, 16, 0, 13], "rotation": 180, "texture": "#2"},
				"down": {"uv": [3, 13, 0, 16], "rotation": 180, "texture": "#2"}
			}
		},
		{
			"from": [4, 9.5, 6.5],
			"to": [7, 9.5, 9.5],
			"shade": false,
			"rotation": {"angle": -22.5, "axis": "z", "origin": [6, 9, 8]},
			"faces": {
				"north": {"uv": [3, 16, 0, 13], "texture": "#2"},
				"east": {"uv": [3, 16, 0, 13], "texture": "#2"},
				"south": {"uv": [3, 16, 0, 13], "texture": "#2"},
				"west": {"uv": [3, 16, 0, 13], "texture": "#2"},
				"up": {"uv": [3, 16, 0, 13], "texture": "#2"},
				"down": {"uv": [3, 13, 0, 16], "texture": "#2"}
			}
		}
	]
}