{
	"credit": "Made with Blockbench",
	"ambientocclusion": false,
	"texture_size": [32, 32],
	"textures": {
		"3": "block/red_tulip_model",
		"particle": "block/flower_pot",
		"flowerpot": "block/flower_pot",
		"dirt": "block/dirt"
	},
	"elements": [
		{
			"from": [5, 0, 5],
			"to": [6, 6, 11],
			"faces": {
				"north": {"uv": [10, 10, 11, 16], "texture": "#flowerpot"},
				"east": {"uv": [5, 10, 11, 16], "texture": "#flowerpot"},
				"south": {"uv": [5, 10, 6, 16], "texture": "#flowerpot"},
				"west": {"uv": [5, 10, 11, 16], "texture": "#flowerpot"},
				"up": {"uv": [5, 5, 6, 11], "texture": "#flowerpot"},
				"down": {"uv": [5, 5, 6, 11], "texture": "#flowerpot", "cullface": "down"}
			}
		},
		{
			"from": [10, 0, 5],
			"to": [11, 6, 11],
			"faces": {
				"north": {"uv": [5, 10, 6, 16], "texture": "#flowerpot"},
				"east": {"uv": [5, 10, 11, 16], "texture": "#flowerpot"},
				"south": {"uv": [10, 10, 11, 16], "texture": "#flowerpot"},
				"west": {"uv": [5, 10, 11, 16], "texture": "#flowerpot"},
				"up": {"uv": [10, 5, 11, 11], "texture": "#flowerpot"},
				"down": {"uv": [10, 5, 11, 11], "texture": "#flowerpot", "cullface": "down"}
			}
		},
		{
			"from": [6, 0, 5],
			"to": [10, 6, 6],
			"faces": {
				"north": {"uv": [6, 10, 10, 16], "texture": "#flowerpot"},
				"south": {"uv": [6, 10, 10, 16], "texture": "#flowerpot"},
				"up": {"uv": [6, 5, 10, 6], "texture": "#flowerpot"},
				"down": {"uv": [6, 10, 10, 11], "texture": "#flowerpot", "cullface": "down"}
			}
		},
		{
			"from": [6, 0, 10],
			"to": [10, 6, 11],
			"faces": {
				"north": {"uv": [6, 10, 10, 16], "texture": "#flowerpot"},
				"south": {"uv": [6, 10, 10, 16], "texture": "#flowerpot"},
				"up": {"uv": [6, 10, 10, 11], "texture": "#flowerpot"},
				"down": {"uv": [6, 5, 10, 6], "texture": "#flowerpot", "cullface": "down"}
			}
		},
		{
			"from": [6, 0, 6],
			"to": [10, 4, 10],
			"faces": {
				"up": {"uv": [6, 6, 10, 10], "texture": "#dirt"},
				"down": {"uv": [6, 12, 10, 16], "texture": "#flowerpot", "cullface": "down"}
			}
		},
		{
			"from": [7.5, 2, 7.5],
			"to": [8.5, 9.975, 8.5],
			"shade": false,
			"faces": {
				"north": {"uv": [7.5, 6, 8, 10], "texture": "#3"},
				"east": {"uv": [7.5, 6, 8, 10], "texture": "#3"},
				"south": {"uv": [7.5, 6, 8, 10], "texture": "#3"},
				"west": {"uv": [7.5, 6, 8, 10], "texture": "#3"},
				"up": {"uv": [7.5, 6, 8, 10], "texture": "#3"},
				"down": {"uv": [7.5, 6, 8, 10], "texture": "#3"}
			}
		},
		{
			"from": [6.5, 10, 9.5],
			"to": [9.5, 14, 9.5],
			"shade": false,
			"faces": {
				"north": {"uv": [4.5, 6, 6, 8], "texture": "#3"},
				"east": {"uv": [4.5, 6, 6, 8], "texture": "#3"},
				"south": {"uv": [4.5, 6, 6, 8], "texture": "#3"},
				"west": {"uv": [4.5, 6, 6, 8], "texture": "#3"},
				"up": {"uv": [4.5, 6, 6, 8], "texture": "#3"},
				"down": {"uv": [4.5, 6, 6, 8], "texture": "#3"}
			}
		},
		{
			"from": [6.5, 10, 6.5],
			"to": [9.5, 14, 6.5],
			"shade": false,
			"faces": {
				"north": {"uv": [4.5, 6, 6, 8], "texture": "#3"},
				"east": {"uv": [4.5, 6, 6, 8], "texture": "#3"},
				"south": {"uv": [4.5, 6, 6, 8], "texture": "#3"},
				"west": {"uv": [4.5, 6, 6, 8], "texture": "#3"},
				"up": {"uv": [4.5, 6, 6, 8], "texture": "#3"},
				"down": {"uv": [4.5, 6, 6, 8], "texture": "#3"}
			}
		},
		{
			"from": [6.5, 10, 6.5],
			"to": [9.5, 10, 9.5],
			"shade": false,
			"faces": {
				"north": {"uv": [7.5, 9, 6, 7.5], "texture": "#3"},
				"east": {"uv": [7.5, 9, 6, 7.5], "texture": "#3"},
				"south": {"uv": [7.5, 9, 6, 7.5], "texture": "#3"},
				"west": {"uv": [7.5, 9, 6, 7.5], "texture": "#3"},
				"up": {"uv": [7.5, 9, 6, 7.5], "texture": "#3"},
				"down": {"uv": [7.5, 9, 6, 7.5], "texture": "#3"}
			}
		},
		{
			"from": [6.5, 10, 6.5],
			"to": [6.5, 14, 9.5],
			"shade": false,
			"rotation": {"angle": 0, "axis": "y", "origin": [7.5, 10, 6]},
			"faces": {
				"north": {"uv": [4.5, 6, 6, 8], "texture": "#3"},
				"east": {"uv": [4.5, 6, 6, 8], "texture": "#3"},
				"south": {"uv": [4.5, 6, 6, 8], "texture": "#3"},
				"west": {"uv": [4.5, 6, 6, 8], "texture": "#3"},
				"up": {"uv": [4.5, 6, 6, 8], "texture": "#3"},
				"down": {"uv": [4.5, 6, 6, 8], "texture": "#3"}
			}
		},
		{
			"from": [9.5, 10, 6.5],
			"to": [9.5, 14, 9.5],
			"shade": false,
			"rotation": {"angle": 0, "axis": "y", "origin": [7.5, 10, 6]},
			"faces": {
				"north": {"uv": [4.5, 6, 6, 8], "texture": "#3"},
				"east": {"uv": [4.5, 6, 6, 8], "texture": "#3"},
				"south": {"uv": [4.5, 6, 6, 8], "texture": "#3"},
				"west": {"uv": [4.5, 6, 6, 8], "texture": "#3"},
				"up": {"uv": [4.5, 6, 6, 8], "texture": "#3"},
				"down": {"uv": [4.5, 6, 6, 8], "texture": "#3"}
			}
		}
	]
}