{
	"credit": "Made with Blockbench",
	"ambientocclusion": false,
	"texture_size": [32, 32],
	"textures": {
		"2": "block/azure_bluet_potted",
		"particle": "block/flower_pot",
		"flowerpot": "block/flower_pot",
		"dirt": "block/dirt"
	},
	"elements": [
		{
			"from": [5, 0, 5],
			"to": [6, 6, 11],
			"shade": false,
			"faces": {
				"north": {"uv": [10, 10, 11, 16], "texture": "#flowerpot"},
				"east": {"uv": [5, 10, 11, 16], "texture": "#flowerpot"},
				"south": {"uv": [5, 10, 6, 16], "texture": "#flowerpot"},
				"west": {"uv": [5, 10, 11, 16], "texture": "#flowerpot"},
				"up": {"uv": [5, 5, 6, 11], "texture": "#flowerpot"},
				"down": {"uv": [5, 5, 6, 11], "texture": "#flowerpot", "cullface": "down"}
			}
		},
		{
			"from": [10, 0, 5],
			"to": [11, 6, 11],
			"shade": false,
			"faces": {
				"north": {"uv": [5, 10, 6, 16], "texture": "#flowerpot"},
				"east": {"uv": [5, 10, 11, 16], "texture": "#flowerpot"},
				"south": {"uv": [10, 10, 11, 16], "texture": "#flowerpot"},
				"west": {"uv": [5, 10, 11, 16], "texture": "#flowerpot"},
				"up": {"uv": [10, 5, 11, 11], "texture": "#flowerpot"},
				"down": {"uv": [10, 5, 11, 11], "texture": "#flowerpot", "cullface": "down"}
			}
		},
		{
			"from": [6, 0, 5],
			"to": [10, 6, 6],
			"shade": false,
			"faces": {
				"north": {"uv": [6, 10, 10, 16], "texture": "#flowerpot"},
				"south": {"uv": [6, 10, 10, 16], "texture": "#flowerpot"},
				"up": {"uv": [6, 5, 10, 6], "texture": "#flowerpot"},
				"down": {"uv": [6, 10, 10, 11], "texture": "#flowerpot", "cullface": "down"}
			}
		},
		{
			"from": [6, 0, 10],
			"to": [10, 6, 11],
			"shade": false,
			"faces": {
				"north": {"uv": [6, 10, 10, 16], "texture": "#flowerpot"},
				"south": {"uv": [6, 10, 10, 16], "texture": "#flowerpot"},
				"up": {"uv": [6, 10, 10, 11], "texture": "#flowerpot"},
				"down": {"uv": [6, 5, 10, 6], "texture": "#flowerpot", "cullface": "down"}
			}
		},
		{
			"from": [6, 0, 6],
			"to": [10, 4, 10],
			"shade": false,
			"faces": {
				"up": {"uv": [6, 6, 10, 10], "texture": "#dirt"},
				"down": {"uv": [6, 12, 10, 16], "texture": "#flowerpot", "cullface": "down"}
			}
		},
		{
			"from": [9.68677, 2, 8.50249],
			"to": [9.68677, 16, 11.90249],
			"shade": false,
			"rotation": {"angle": -22.5, "axis": "y", "origin": [14.71691, 10, 6.91999], "rescale": true},
			"faces": {
				"north": {"uv": [0, 0, 0, 7], "texture": "#2", "tintindex": 0},
				"east": {"uv": [4.5, 0, 6, 7], "texture": "#2", "tintindex": 0},
				"south": {"uv": [0, 0, 0, 7], "texture": "#2", "tintindex": 0},
				"west": {"uv": [6, 0, 4.5, 7], "texture": "#2", "tintindex": 0},
				"up": {"uv": [0, 1.5, 0, 0], "texture": "#2", "tintindex": 0},
				"down": {"uv": [0, 0, 0, 1.5], "texture": "#2", "tintindex": 0}
			}
		},
		{
			"from": [7.87162, 2, 10.33733],
			"to": [11.27162, 16, 10.33733],
			"shade": false,
			"rotation": {"angle": -22.5, "axis": "y", "origin": [14.71691, 10, 6.91999], "rescale": true},
			"faces": {
				"north": {"uv": [4.5, 0, 6, 7], "texture": "#2", "tintindex": 0},
				"east": {"uv": [6, 0, 4.5, 7], "texture": "#2", "tintindex": 0},
				"south": {"uv": [6, 0, 4.5, 7], "texture": "#2", "tintindex": 0},
				"west": {"uv": [6, 0, 4.5, 7], "texture": "#2", "tintindex": 0},
				"up": {"uv": [6, 0, 4.5, 7], "texture": "#2", "tintindex": 0},
				"down": {"uv": [6, 0, 4.5, 7], "texture": "#2", "tintindex": 0}
			}
		},
		{
			"from": [6.04134, 10.75, 6.23806],
			"to": [7.04134, 11.25, 7.23806],
			"shade": false,
			"rotation": {"angle": 0, "axis": "y", "origin": [6.54134, 11, 6.73806]},
			"faces": {
				"north": {"uv": [10, 3, 10.5, 3.5], "rotation": 90, "texture": "#2"},
				"east": {"uv": [10, 3, 10.5, 3.5], "rotation": 90, "texture": "#2"},
				"south": {"uv": [10, 3, 10.5, 3.5], "rotation": 90, "texture": "#2"},
				"west": {"uv": [10, 3, 10.5, 3.5], "rotation": 90, "texture": "#2"},
				"up": {"uv": [10, 2.5, 10.5, 3], "rotation": 90, "texture": "#2"},
				"down": {"uv": [10, 2.5, 10.5, 3], "rotation": 90, "texture": "#2"}
			}
		},
		{
			"from": [6.9, 11.25, 5.25],
			"to": [8.9, 11.25, 8.25],
			"shade": false,
			"rotation": {"angle": 22.5, "axis": "z", "origin": [7.9, 11, 6.75]},
			"faces": {
				"north": {"uv": [6, 3, 7, 4.5], "rotation": 180, "texture": "#2"},
				"east": {"uv": [6, 3, 7, 4.5], "rotation": 180, "texture": "#2"},
				"south": {"uv": [6, 3, 7, 4.5], "rotation": 180, "texture": "#2"},
				"west": {"uv": [6, 3, 7, 4.5], "rotation": 180, "texture": "#2"},
				"up": {"uv": [6, 3, 7, 4.5], "rotation": 180, "texture": "#2"},
				"down": {"uv": [6, 3, 7, 4.5], "rotation": 180, "texture": "#2"}
			}
		},
		{
			"from": [6.08045, 11.29829, 6.95],
			"to": [7.08045, 11.29829, 8.95],
			"shade": false,
			"rotation": {"angle": -22.5, "axis": "x", "origin": [6.58045, 10.84829, 8.2]},
			"faces": {
				"north": {"uv": [10, 4, 11, 4.5], "rotation": 90, "texture": "#2"},
				"east": {"uv": [10, 4, 11, 4.5], "rotation": 90, "texture": "#2"},
				"south": {"uv": [10, 4, 11, 4.5], "rotation": 90, "texture": "#2"},
				"west": {"uv": [10, 4, 11, 4.5], "rotation": 90, "texture": "#2"},
				"up": {"uv": [10, 4, 11, 4.5], "rotation": 90, "texture": "#2"},
				"down": {"uv": [10, 4, 11, 4.5], "rotation": 90, "texture": "#2"}
			}
		},
		{
			"from": [6.08045, 10.59829, 4.55],
			"to": [7.08045, 10.59829, 6.55],
			"shade": false,
			"rotation": {"angle": 22.5, "axis": "x", "origin": [6.88045, 10.84829, 6.75]},
			"faces": {
				"north": {"uv": [10, 4, 11, 4.5], "rotation": 270, "texture": "#2"},
				"east": {"uv": [10, 4, 11, 4.5], "rotation": 270, "texture": "#2"},
				"south": {"uv": [10, 4, 11, 4.5], "rotation": 270, "texture": "#2"},
				"west": {"uv": [10, 4, 11, 4.5], "rotation": 270, "texture": "#2"},
				"up": {"uv": [10, 4, 11, 4.5], "rotation": 270, "texture": "#2"},
				"down": {"uv": [10, 4, 11, 4.5], "rotation": 270, "texture": "#2"}
			}
		},
		{
			"from": [4.43301, 11.08097, 5.25],
			"to": [6.43301, 11.08097, 8.25],
			"shade": false,
			"rotation": {"angle": -22.5, "axis": "z", "origin": [5.68301, 11.23097, 6.75]},
			"faces": {
				"north": {"uv": [7.5, 3, 8.5, 4.5], "rotation": 180, "texture": "#2"},
				"east": {"uv": [7.5, 3, 8.5, 4.5], "rotation": 180, "texture": "#2"},
				"south": {"uv": [7.5, 3, 8.5, 4.5], "rotation": 180, "texture": "#2"},
				"west": {"uv": [7.5, 3, 8.5, 4.5], "rotation": 180, "texture": "#2"},
				"up": {"uv": [7.5, 3, 8.5, 4.5], "rotation": 180, "texture": "#2"},
				"down": {"uv": [7.5, 3, 8.5, 4.5], "rotation": 180, "texture": "#2"}
			}
		},
		{
			"from": [8.04134, 11.75, 9.23806],
			"to": [9.04134, 12.25, 10.23806],
			"shade": false,
			"rotation": {"angle": 0, "axis": "y", "origin": [8.54134, 12, 9.73806]},
			"faces": {
				"north": {"uv": [10, 3, 10.5, 3.5], "rotation": 90, "texture": "#2"},
				"east": {"uv": [10, 3, 10.5, 3.5], "rotation": 90, "texture": "#2"},
				"south": {"uv": [10, 3, 10.5, 3.5], "rotation": 90, "texture": "#2"},
				"west": {"uv": [10, 3, 10.5, 3.5], "rotation": 90, "texture": "#2"},
				"up": {"uv": [10, 2.5, 10.5, 3], "rotation": 90, "texture": "#2"},
				"down": {"uv": [10, 2.5, 10.5, 3], "rotation": 90, "texture": "#2"}
			}
		},
		{
			"from": [8.9, 12.25, 8.25],
			"to": [10.9, 12.25, 11.25],
			"shade": false,
			"rotation": {"angle": 22.5, "axis": "z", "origin": [9.9, 12, 9.75]},
			"faces": {
				"north": {"uv": [6, 3, 7, 4.5], "rotation": 180, "texture": "#2"},
				"east": {"uv": [6, 3, 7, 4.5], "rotation": 180, "texture": "#2"},
				"south": {"uv": [6, 3, 7, 4.5], "rotation": 180, "texture": "#2"},
				"west": {"uv": [6, 3, 7, 4.5], "rotation": 180, "texture": "#2"},
				"up": {"uv": [6, 3, 7, 4.5], "rotation": 180, "texture": "#2"},
				"down": {"uv": [6, 3, 7, 4.5], "rotation": 180, "texture": "#2"}
			}
		},
		{
			"from": [8.08045, 12.29829, 9.95],
			"to": [9.08045, 12.29829, 11.95],
			"shade": false,
			"rotation": {"angle": -22.5, "axis": "x", "origin": [8.58045, 11.84829, 11.2]},
			"faces": {
				"north": {"uv": [10, 4, 11, 4.5], "rotation": 90, "texture": "#2"},
				"east": {"uv": [10, 4, 11, 4.5], "rotation": 90, "texture": "#2"},
				"south": {"uv": [10, 4, 11, 4.5], "rotation": 90, "texture": "#2"},
				"west": {"uv": [10, 4, 11, 4.5], "rotation": 90, "texture": "#2"},
				"up": {"uv": [10, 4, 11, 4.5], "rotation": 90, "texture": "#2"},
				"down": {"uv": [10, 4, 11, 4.5], "rotation": 90, "texture": "#2"}
			}
		},
		{
			"from": [8.08045, 11.59829, 7.55],
			"to": [9.08045, 11.59829, 9.55],
			"shade": false,
			"rotation": {"angle": 22.5, "axis": "x", "origin": [8.88045, 11.84829, 9.75]},
			"faces": {
				"north": {"uv": [10, 4, 11, 4.5], "rotation": 270, "texture": "#2"},
				"east": {"uv": [10, 4, 11, 4.5], "rotation": 270, "texture": "#2"},
				"south": {"uv": [10, 4, 11, 4.5], "rotation": 270, "texture": "#2"},
				"west": {"uv": [10, 4, 11, 4.5], "rotation": 270, "texture": "#2"},
				"up": {"uv": [10, 4, 11, 4.5], "rotation": 270, "texture": "#2"},
				"down": {"uv": [10, 4, 11, 4.5], "rotation": 270, "texture": "#2"}
			}
		},
		{
			"from": [6.43301, 12.08097, 8.25],
			"to": [8.43301, 12.08097, 11.25],
			"shade": false,
			"rotation": {"angle": -22.5, "axis": "z", "origin": [7.68301, 12.23097, 9.75]},
			"faces": {
				"north": {"uv": [7.5, 3, 8.5, 4.5], "rotation": 180, "texture": "#2"},
				"east": {"uv": [7.5, 3, 8.5, 4.5], "rotation": 180, "texture": "#2"},
				"south": {"uv": [7.5, 3, 8.5, 4.5], "rotation": 180, "texture": "#2"},
				"west": {"uv": [7.5, 3, 8.5, 4.5], "rotation": 180, "texture": "#2"},
				"up": {"uv": [7.5, 3, 8.5, 4.5], "rotation": 180, "texture": "#2"},
				"down": {"uv": [7.5, 3, 8.5, 4.5], "rotation": 180, "texture": "#2"}
			}
		}
	],
	"groups": [
		0,
		1,
		2,
		3,
		4,
		5,
		6,
		{
			"name": "group",
			"origin": [3.28301, 10.23097, 4.25],
			"color": 0,
			"shade": false,
			"children": [
				7,
				8,
				9,
				10,
				11,
				{
					"name": "group",
					"origin": [3.28301, 10.23097, 4.25],
					"color": 0,
					"shade": false,
					"children": [12, 13, 14, 15, 16]
				}
			]
		}
	]
}