{
	"credit": "Made with Blockbench",
	"ambientocclusion": false,
	"textures": {
		"2": "block/lily_of_the_valley_potted",
		"particle": "block/flower_pot",
		"flowerpot": "block/flower_pot",
		"dirt": "block/dirt"
	},
	"elements": [
		{
			"from": [5, 0, 5],
			"to": [6, 6, 11],
			"faces": {
				"north": {"uv": [10, 10, 11, 16], "texture": "#flowerpot"},
				"east": {"uv": [5, 10, 11, 16], "texture": "#flowerpot"},
				"south": {"uv": [5, 10, 6, 16], "texture": "#flowerpot"},
				"west": {"uv": [5, 10, 11, 16], "texture": "#flowerpot"},
				"up": {"uv": [5, 5, 6, 11], "texture": "#flowerpot"},
				"down": {"uv": [5, 5, 6, 11], "texture": "#flowerpot", "cullface": "down"}
			}
		},
		{
			"from": [10, 0, 5],
			"to": [11, 6, 11],
			"faces": {
				"north": {"uv": [5, 10, 6, 16], "texture": "#flowerpot"},
				"east": {"uv": [5, 10, 11, 16], "texture": "#flowerpot"},
				"south": {"uv": [10, 10, 11, 16], "texture": "#flowerpot"},
				"west": {"uv": [5, 10, 11, 16], "texture": "#flowerpot"},
				"up": {"uv": [10, 5, 11, 11], "texture": "#flowerpot"},
				"down": {"uv": [10, 5, 11, 11], "texture": "#flowerpot", "cullface": "down"}
			}
		},
		{
			"from": [6, 0, 5],
			"to": [10, 6, 6],
			"faces": {
				"north": {"uv": [6, 10, 10, 16], "texture": "#flowerpot"},
				"south": {"uv": [6, 10, 10, 16], "texture": "#flowerpot"},
				"up": {"uv": [6, 5, 10, 6], "texture": "#flowerpot"},
				"down": {"uv": [6, 10, 10, 11], "texture": "#flowerpot", "cullface": "down"}
			}
		},
		{
			"from": [6, 0, 10],
			"to": [10, 6, 11],
			"faces": {
				"north": {"uv": [6, 10, 10, 16], "texture": "#flowerpot"},
				"south": {"uv": [6, 10, 10, 16], "texture": "#flowerpot"},
				"up": {"uv": [6, 10, 10, 11], "texture": "#flowerpot"},
				"down": {"uv": [6, 5, 10, 6], "texture": "#flowerpot", "cullface": "down"}
			}
		},
		{
			"from": [6, 0, 6],
			"to": [10, 4, 10],
			"faces": {
				"up": {"uv": [6, 6, 10, 10], "texture": "#dirt"},
				"down": {"uv": [6, 12, 10, 16], "texture": "#flowerpot", "cullface": "down"}
			}
		},
		{
			"from": [7.5, 3, 7.5],
			"to": [8.5, 14, 8.5],
			"shade": false,
			"rotation": {"angle": 0, "axis": "y", "origin": [0, 3, 0]},
			"faces": {
				"north": {"uv": [0, 0, 0.5, 5.5], "texture": "#2"},
				"east": {"uv": [0.5, 0, 1, 5.5], "texture": "#2"},
				"south": {"uv": [1, 0, 1.5, 5.5], "texture": "#2"},
				"west": {"uv": [1.5, 0, 2, 5.5], "texture": "#2"},
				"up": {"uv": [5, 3, 4.5, 2.5], "texture": "#2"},
				"down": {"uv": [2, 6.5, 1.5, 7], "texture": "#2"}
			}
		},
		{
			"from": [6.98718, 6.98253, 7.575],
			"to": [7.83718, 8.98253, 8.425],
			"shade": false,
			"rotation": {"angle": 45, "axis": "z", "origin": [6.66218, 7.98253, 8]},
			"faces": {
				"north": {"uv": [2, 4, 2.5, 5], "texture": "#2"},
				"east": {"uv": [4, 2, 4.5, 3], "texture": "#2"},
				"south": {"uv": [2.5, 4, 3, 5], "texture": "#2"},
				"west": {"uv": [3, 4, 3.5, 5], "texture": "#2"},
				"up": {"uv": [7, 2.5, 6.5, 2], "texture": "#2"},
				"down": {"uv": [7, 2.5, 6.5, 3], "texture": "#2"}
			}
		},
		{
			"from": [6.19251, 5.83786, 7.575],
			"to": [8.19251, 6.68786, 8.425],
			"shade": false,
			"rotation": {"angle": 45, "axis": "z", "origin": [7.19251, 8.51286, 8]},
			"faces": {
				"north": {"uv": [4, 3, 5, 3.5], "texture": "#2"},
				"east": {"uv": [6.5, 3, 7, 3.5], "texture": "#2"},
				"south": {"uv": [3.5, 4, 4.5, 4.5], "texture": "#2"},
				"west": {"uv": [3.5, 6.5, 4, 7], "texture": "#2"},
				"up": {"uv": [5, 4, 4, 3.5], "texture": "#2"},
				"down": {"uv": [5.5, 2, 4.5, 2.5], "texture": "#2"}
			}
		},
		{
			"from": [6.76751, 9.76286, 7.575],
			"to": [7.61751, 11.76286, 8.425],
			"shade": false,
			"rotation": {"angle": -45, "axis": "z", "origin": [7.19251, 8.51286, 8]},
			"faces": {
				"north": {"uv": [3.5, 4.5, 4, 5.5], "texture": "#2"},
				"east": {"uv": [4, 4.5, 4.5, 5.5], "texture": "#2"},
				"south": {"uv": [4.5, 4, 5, 5], "texture": "#2"},
				"west": {"uv": [5, 0, 5.5, 1], "texture": "#2"},
				"up": {"uv": [7, 4, 6.5, 3.5], "texture": "#2"},
				"down": {"uv": [4.5, 6.5, 4, 7], "texture": "#2"}
			}
		},
		{
			"from": [8.98718, 8.98253, 7.575],
			"to": [9.83718, 10.98253, 8.425],
			"shade": false,
			"rotation": {"angle": 45, "axis": "z", "origin": [6.66218, 7.98253, 8]},
			"faces": {
				"north": {"uv": [5, 1, 5.5, 2], "texture": "#2"},
				"east": {"uv": [2, 5, 2.5, 6], "texture": "#2"},
				"south": {"uv": [2.5, 5, 3, 6], "texture": "#2"},
				"west": {"uv": [5, 2.5, 5.5, 3.5], "texture": "#2"},
				"up": {"uv": [7, 4.5, 6.5, 4], "texture": "#2"},
				"down": {"uv": [7, 4.5, 6.5, 5], "texture": "#2"}
			}
		},
		{
			"from": [7.6085, 8.35385, 5.575],
			"to": [8.4585, 10.35385, 6.425],
			"shade": false,
			"rotation": {"angle": -45, "axis": "x", "origin": [8.7835, 10.10385, 8]},
			"faces": {
				"north": {"uv": [3, 5, 3.5, 6], "texture": "#2"},
				"east": {"uv": [5, 3.5, 5.5, 4.5], "texture": "#2"},
				"south": {"uv": [4.5, 5, 5, 6], "texture": "#2"},
				"west": {"uv": [5, 4.5, 5.5, 5.5], "texture": "#2"},
				"up": {"uv": [5.5, 7, 5, 6.5], "texture": "#2"},
				"down": {"uv": [7, 5, 6.5, 5.5], "texture": "#2"}
			}
		},
		{
			"from": [7.6085, 11.13596, 8.12132],
			"to": [8.4585, 11.98596, 10.12132],
			"shade": false,
			"rotation": {"angle": -45, "axis": "x", "origin": [8.0335, 10.81096, 10.12132]},
			"faces": {
				"north": {"uv": [5.5, 6.5, 6, 7], "texture": "#2"},
				"east": {"uv": [0, 5.5, 1, 6], "texture": "#2"},
				"south": {"uv": [6.5, 5.5, 7, 6], "texture": "#2"},
				"west": {"uv": [5.5, 0, 6.5, 0.5], "texture": "#2"},
				"up": {"uv": [6, 1.5, 5.5, 0.5], "texture": "#2"},
				"down": {"uv": [1.5, 5.5, 1, 6.5], "texture": "#2"}
			}
		},
		{
			"from": [7.6085, 8.13596, 5.12132],
			"to": [8.4585, 8.98596, 7.12132],
			"shade": false,
			"rotation": {"angle": -45, "axis": "x", "origin": [8.0335, 10.81096, 10.12132]},
			"faces": {
				"north": {"uv": [6, 6.5, 6.5, 7], "texture": "#2"},
				"east": {"uv": [5.5, 1.5, 6.5, 2], "texture": "#2"},
				"south": {"uv": [6.5, 6, 7, 6.5], "texture": "#2"},
				"west": {"uv": [5.5, 2, 6.5, 2.5], "texture": "#2"},
				"up": {"uv": [2, 6.5, 1.5, 5.5], "texture": "#2"},
				"down": {"uv": [6, 2.5, 5.5, 3.5], "texture": "#2"}
			}
		},
		{
			"from": [7.6085, 11.35385, 8.575],
			"to": [8.4585, 13.35385, 9.425],
			"shade": false,
			"rotation": {"angle": -45, "axis": "x", "origin": [8.7835, 10.10385, 8]},
			"faces": {
				"north": {"uv": [3.5, 5.5, 4, 6.5], "texture": "#2"},
				"east": {"uv": [5.5, 3.5, 6, 4.5], "texture": "#2"},
				"south": {"uv": [4, 5.5, 4.5, 6.5], "texture": "#2"},
				"west": {"uv": [5.5, 4.5, 6, 5.5], "texture": "#2"},
				"up": {"uv": [7, 7, 6.5, 6.5], "texture": "#2"},
				"down": {"uv": [0.5, 7, 0, 7.5], "texture": "#2"}
			}
		},
		{
			"from": [6, 8.75, 7.5],
			"to": [7, 9.75, 8.5],
			"shade": false,
			"rotation": {"angle": 45, "axis": "z", "origin": [6, 9, 8]},
			"faces": {
				"north": {"uv": [0, 6.5, 0.5, 7], "texture": "#2"},
				"east": {"uv": [0, 6.5, 0.5, 7], "texture": "#2"},
				"south": {"uv": [0, 6.5, 0.5, 7], "texture": "#2"},
				"west": {"uv": [0, 6.5, 0.5, 7], "texture": "#2"},
				"up": {"uv": [0, 6.5, 0.5, 7], "texture": "#2"},
				"down": {"uv": [0, 6.5, 0.5, 7], "texture": "#2"}
			}
		},
		{
			"from": [8, 10.75, 7.5],
			"to": [9, 11.75, 8.5],
			"shade": false,
			"rotation": {"angle": 45, "axis": "z", "origin": [6, 9, 8]},
			"faces": {
				"north": {"uv": [2, 6, 2.5, 6.5], "texture": "#2"},
				"east": {"uv": [2, 6, 2.5, 6.5], "texture": "#2"},
				"south": {"uv": [2, 6, 2.5, 6.5], "texture": "#2"},
				"west": {"uv": [2, 6, 2.5, 6.5], "texture": "#2"},
				"up": {"uv": [2, 6, 2.5, 6.5], "texture": "#2"},
				"down": {"uv": [2, 6, 2.5, 6.5], "texture": "#2"}
			}
		},
		{
			"from": [10.80876, 11.66942, 7.5],
			"to": [11.80876, 12.66942, 8.5],
			"shade": false,
			"rotation": {"angle": -45, "axis": "z", "origin": [9.35876, 13.41942, 8]},
			"faces": {
				"north": {"uv": [2.5, 6.5, 3, 7], "texture": "#2"},
				"east": {"uv": [2.5, 6.5, 3, 7], "texture": "#2"},
				"south": {"uv": [2.5, 6.5, 3, 7], "texture": "#2"},
				"west": {"uv": [2.5, 6.5, 3, 7], "texture": "#2"},
				"up": {"uv": [2.5, 6.5, 3, 7], "texture": "#2"},
				"down": {"uv": [2.5, 6.5, 3, 7], "texture": "#2"}
			}
		},
		{
			"from": [7.55729, 12.51023, 8.75],
			"to": [8.55729, 13.51023, 9.75],
			"shade": false,
			"rotation": {"angle": 45, "axis": "x", "origin": [10.20729, 11.51023, 8]},
			"faces": {
				"north": {"uv": [5.5, 5.5, 6, 6], "texture": "#2"},
				"east": {"uv": [5.5, 5.5, 6, 6], "texture": "#2"},
				"south": {"uv": [5.5, 5.5, 6, 6], "texture": "#2"},
				"west": {"uv": [5.5, 5.5, 6, 6], "texture": "#2"},
				"up": {"uv": [5.5, 5.5, 6, 6], "texture": "#2"},
				"down": {"uv": [5.5, 5.5, 6, 6], "texture": "#2"}
			}
		},
		{
			"from": [7.55729, 14.07609, 4.26256],
			"to": [8.55729, 15.07609, 5.26256],
			"shade": false,
			"rotation": {"angle": -45, "axis": "x", "origin": [8.05729, 15.57609, 6.76256]},
			"faces": {
				"north": {"uv": [3, 2, 3.5, 2.5], "texture": "#2"},
				"east": {"uv": [3, 2, 3.5, 2.5], "texture": "#2"},
				"south": {"uv": [3, 2, 3.5, 2.5], "texture": "#2"},
				"west": {"uv": [3, 2, 3.5, 2.5], "texture": "#2"},
				"up": {"uv": [3, 2, 3.5, 2.5], "texture": "#2"},
				"down": {"uv": [3, 2, 3.5, 2.5], "texture": "#2"}
			}
		},
		{
			"from": [7.55729, 10.76023, 4.5],
			"to": [8.55729, 11.76023, 5.5],
			"shade": false,
			"rotation": {"angle": -45, "axis": "x", "origin": [10.20729, 11.51023, 8]},
			"faces": {
				"north": {"uv": [5.5, 6, 6, 6.5], "texture": "#2"},
				"east": {"uv": [5.5, 6, 6, 6.5], "texture": "#2"},
				"south": {"uv": [5.5, 6, 6, 6.5], "texture": "#2"},
				"west": {"uv": [5.5, 6, 6, 6.5], "texture": "#2"},
				"up": {"uv": [5.5, 6, 6, 6.5], "texture": "#2"},
				"down": {"uv": [5.5, 6, 6, 6.5], "texture": "#2"}
			}
		},
		{
			"from": [7.25729, 14.00109, 7.26256],
			"to": [8.75729, 18.00109, 8.76256],
			"shade": false,
			"rotation": {"angle": 0, "axis": "y", "origin": [8.05729, 15.57609, 6.76256]},
			"faces": {
				"north": {"uv": [2, 0, 3, 2], "texture": "#2"},
				"east": {"uv": [2, 2, 3, 4], "texture": "#2"},
				"south": {"uv": [3, 0, 4, 2], "texture": "#2"},
				"west": {"uv": [3, 2, 4, 4], "texture": "#2"},
				"up": {"uv": [5, 1, 4, 0], "texture": "#2"},
				"down": {"uv": [5, 1, 4, 2], "texture": "#2"}
			}
		}
	]
}