{
	"credit": "Made with Blockbench",
	"ambientocclusion": false,
	"textures": {
		"2": "block/blue_orchid_potted",
		"particle": "block/flower_pot",
		"flowerpot": "block/flower_pot",
		"dirt": "block/dirt"
	},
	"elements": [
		{
			"from": [5, 0, 5],
			"to": [6, 6, 11],
			"faces": {
				"north": {"uv": [10, 10, 11, 16], "texture": "#flowerpot"},
				"east": {"uv": [5, 10, 11, 16], "texture": "#flowerpot"},
				"south": {"uv": [5, 10, 6, 16], "texture": "#flowerpot"},
				"west": {"uv": [5, 10, 11, 16], "texture": "#flowerpot"},
				"up": {"uv": [5, 5, 6, 11], "texture": "#flowerpot"},
				"down": {"uv": [5, 5, 6, 11], "texture": "#flowerpot", "cullface": "down"}
			}
		},
		{
			"from": [10, 0, 5],
			"to": [11, 6, 11],
			"faces": {
				"north": {"uv": [5, 10, 6, 16], "texture": "#flowerpot"},
				"east": {"uv": [5, 10, 11, 16], "texture": "#flowerpot"},
				"south": {"uv": [10, 10, 11, 16], "texture": "#flowerpot"},
				"west": {"uv": [5, 10, 11, 16], "texture": "#flowerpot"},
				"up": {"uv": [10, 5, 11, 11], "texture": "#flowerpot"},
				"down": {"uv": [10, 5, 11, 11], "texture": "#flowerpot", "cullface": "down"}
			}
		},
		{
			"from": [6, 0, 5],
			"to": [10, 6, 6],
			"faces": {
				"north": {"uv": [6, 10, 10, 16], "texture": "#flowerpot"},
				"south": {"uv": [6, 10, 10, 16], "texture": "#flowerpot"},
				"up": {"uv": [6, 5, 10, 6], "texture": "#flowerpot"},
				"down": {"uv": [6, 10, 10, 11], "texture": "#flowerpot", "cullface": "down"}
			}
		},
		{
			"from": [6, 0, 10],
			"to": [10, 6, 11],
			"faces": {
				"north": {"uv": [6, 10, 10, 16], "texture": "#flowerpot"},
				"south": {"uv": [6, 10, 10, 16], "texture": "#flowerpot"},
				"up": {"uv": [6, 10, 10, 11], "texture": "#flowerpot"},
				"down": {"uv": [6, 5, 10, 6], "texture": "#flowerpot", "cullface": "down"}
			}
		},
		{
			"from": [6, 0, 6],
			"to": [10, 4, 10],
			"faces": {
				"up": {"uv": [6, 6, 10, 10], "texture": "#dirt"},
				"down": {"uv": [6, 12, 10, 16], "texture": "#flowerpot", "cullface": "down"}
			}
		},
		{
			"from": [8.01984, 2, 7.91076],
			"to": [8.01984, 16, 11.31076],
			"shade": false,
			"rotation": {"angle": 22.5, "axis": "y", "origin": [4.42053, 10, 10.04133], "rescale": true},
			"faces": {
				"north": {"uv": [9, 0, 12, 14], "texture": "#2", "tintindex": 0},
				"east": {"uv": [9, 0, 12, 14], "texture": "#2", "tintindex": 0},
				"south": {"uv": [9, 0, 12, 14], "texture": "#2", "tintindex": 0},
				"west": {"uv": [12, 0, 9, 14], "texture": "#2", "tintindex": 0},
				"up": {"uv": [9, 0, 12, 14], "texture": "#2", "tintindex": 0},
				"down": {"uv": [9, 0, 12, 14], "texture": "#2", "tintindex": 0}
			}
		},
		{
			"from": [6.43499, 2, 9.47592],
			"to": [9.83499, 16, 9.47592],
			"shade": false,
			"rotation": {"angle": 22.5, "axis": "y", "origin": [4.42053, 10, 10.04133], "rescale": true},
			"faces": {
				"north": {"uv": [9, 0, 12, 14], "texture": "#2", "tintindex": 0},
				"east": {"uv": [9, 0, 12, 14], "texture": "#2", "tintindex": 0},
				"south": {"uv": [12, 0, 9, 14], "texture": "#2", "tintindex": 0},
				"west": {"uv": [9, 0, 12, 14], "texture": "#2", "tintindex": 0},
				"up": {"uv": [9, 0, 12, 14], "texture": "#2", "tintindex": 0},
				"down": {"uv": [9, 0, 12, 14], "texture": "#2", "tintindex": 0}
			}
		},
		{
			"from": [5, 12.1, 6.75],
			"to": [8, 12.1, 9.75],
			"shade": false,
			"rotation": {"angle": 0, "axis": "y", "origin": [2.25, 2, -3.75]},
			"faces": {
				"north": {"uv": [15, 6, 12, 3], "texture": "#2"},
				"east": {"uv": [15, 6, 12, 3], "texture": "#2"},
				"south": {"uv": [15, 6, 12, 3], "texture": "#2"},
				"west": {"uv": [15, 6, 12, 3], "texture": "#2"},
				"up": {"uv": [15, 6, 12, 3], "texture": "#2"},
				"down": {"uv": [15, 6, 12, 3], "texture": "#2"}
			}
		},
		{
			"from": [8, 10.1, 5.75],
			"to": [11, 10.1, 8.75],
			"shade": false,
			"rotation": {"angle": 0, "axis": "y", "origin": [2.25, 2, -3.75]},
			"faces": {
				"north": {"uv": [15, 6, 12, 3], "texture": "#2"},
				"east": {"uv": [15, 6, 12, 3], "texture": "#2"},
				"south": {"uv": [15, 6, 12, 3], "texture": "#2"},
				"west": {"uv": [15, 6, 12, 3], "texture": "#2"},
				"up": {"uv": [15, 6, 12, 3], "texture": "#2"},
				"down": {"uv": [15, 6, 12, 3], "texture": "#2"}
			}
		}
	]
}