{
	"credit": "Made with Blockbench",
	"textures": {
		"0": "block/powered_rail",
		"particle": "block/powered_rail"
	},
	"elements": [
		{
			"from": [1.999, 8, 8],
			"to": [3.999, 9, 24],
			"rotation": {"angle": -45, "axis": "x", "origin": [0, 1, 16], "rescale": true},
			"faces": {
				"north": {"uv": [12, 0, 14.002, 0.75], "texture": "#0"},
				"east": {"uv": [13, 0, 13.75, 16], "rotation": 90, "texture": "#0"},
				"south": {"uv": [12, 0, 14.002, 0.75], "texture": "#0"},
				"west": {"uv": [12, 0, 12.75, 16], "rotation": 90, "texture": "#0"},
				"up": {"uv": [12, 0, 14.002, 16], "texture": "#0"},
				"down": {"uv": [12, 0, 14.002, 16], "texture": "#0"}
			}
		},
		{
			"from": [3.999, 8, 8],
			"to": [4.999, 9, 24],
			"rotation": {"angle": -45, "axis": "x", "origin": [0, 1, 16], "rescale": true},
			"faces": {
				"north": {"uv": [4, 0, 5, 1], "texture": "#0"},
				"east": {"uv": [4, 0, 5, 16], "rotation": 90, "texture": "#0"},
				"south": {"uv": [4, 0, 5, 1], "texture": "#0"},
				"west": {"uv": [4, 0, 5, 16], "texture": "#0"},
				"up": {"uv": [4, 0, 5, 16], "texture": "#0"},
				"down": {"uv": [4, 0, 5, 16], "texture": "#0"}
			}
		},
		{
			"from": [10.999, 8, 8],
			"to": [11.999, 9, 24],
			"rotation": {"angle": -45, "axis": "x", "origin": [0, 1, 16], "rescale": true},
			"faces": {
				"north": {"uv": [11, 0, 12, 1], "texture": "#0"},
				"east": {"uv": [11, 0, 12, 16], "texture": "#0"},
				"south": {"uv": [11, 0, 12, 1], "texture": "#0"},
				"west": {"uv": [11, 0, 12, 16], "rotation": 90, "texture": "#0"},
				"up": {"uv": [11, 0, 12, 16], "texture": "#0"},
				"down": {"uv": [11, 0, 12, 16], "texture": "#0"}
			}
		},
		{
			"from": [11.999, 8, 8],
			"to": [14.001, 8.75, 24],
			"rotation": {"angle": -45, "axis": "x", "origin": [0, 1, 16], "rescale": true},
			"faces": {
				"north": {"uv": [2, 0, 4.002, 0.75], "texture": "#0"},
				"east": {"uv": [2, 0, 2.75, 16], "rotation": 90, "texture": "#0"},
				"south": {"uv": [2, 0, 4.002, 0.75], "texture": "#0"},
				"west": {"uv": [2, 0, 2.75, 16], "rotation": 90, "texture": "#0"},
				"up": {"uv": [2, 0, 4.002, 16], "texture": "#0"},
				"down": {"uv": [2, 0, 4.002, 16], "texture": "#0"}
			}
		},
		{
			"from": [1, 7.75, 9],
			"to": [15, 8.5, 11],
			"rotation": {"angle": -45, "axis": "x", "origin": [0, 1, 16], "rescale": true},
			"faces": {
				"north": {"uv": [1, 13, 15, 13.75], "texture": "#0"},
				"east": {"uv": [7, 14, 9, 14.75], "texture": "#0"},
				"south": {"uv": [1, 13, 15, 13.75], "texture": "#0"},
				"west": {"uv": [6, 14, 8, 14.75], "texture": "#0"},
				"up": {"uv": [1, 13, 15, 15], "texture": "#0"},
				"down": {"uv": [1, 13, 15, 15], "texture": "#0"}
			}
		},
		{
			"from": [1, 7.75, 13],
			"to": [15, 8.5, 15],
			"rotation": {"angle": -45, "axis": "x", "origin": [0, 1, 16], "rescale": true},
			"faces": {
				"north": {"uv": [1, 9, 15, 9.75], "texture": "#0"},
				"east": {"uv": [6, 10, 8, 10.75], "texture": "#0"},
				"south": {"uv": [1, 9, 15, 9.75], "texture": "#0"},
				"west": {"uv": [7, 10, 9, 10.75], "texture": "#0"},
				"up": {"uv": [1, 9, 15, 11], "texture": "#0"},
				"down": {"uv": [1, 9, 15, 11], "texture": "#0"}
			}
		},
		{
			"from": [1, 7.75, 17],
			"to": [15, 8.5, 19],
			"rotation": {"angle": -45, "axis": "x", "origin": [0, 1, 16], "rescale": true},
			"faces": {
				"north": {"uv": [1, 5, 15, 5.75], "texture": "#0"},
				"east": {"uv": [6, 6, 8, 6.75], "texture": "#0"},
				"south": {"uv": [1, 5, 15, 5.75], "texture": "#0"},
				"west": {"uv": [7, 6.25, 9, 7], "texture": "#0"},
				"up": {"uv": [1, 5, 15, 7], "texture": "#0"},
				"down": {"uv": [1, 5, 15, 7], "texture": "#0"}
			}
		},
		{
			"from": [1, 7.75, 21],
			"to": [15, 8.5, 23],
			"rotation": {"angle": -45, "axis": "x", "origin": [0, 1, 16], "rescale": true},
			"faces": {
				"north": {"uv": [1, 1, 15, 1.75], "texture": "#0"},
				"east": {"uv": [6, 2, 8, 2.75], "texture": "#0"},
				"south": {"uv": [1, 1, 15, 1.75], "texture": "#0"},
				"west": {"uv": [7, 2, 9, 2.75], "texture": "#0"},
				"up": {"uv": [1, 1, 15, 3], "texture": "#0"},
				"down": {"uv": [1, 1, 15, 3], "texture": "#0"}
			}
		},
		{
			"from": [6.75, 7.75, 19],
			"to": [9.5, 8.5, 21],
			"rotation": {"angle": -45, "axis": "x", "origin": [0, 1, 16], "rescale": true},
			"faces": {
				"north": {"uv": [7, 11, 9, 13], "texture": "#0"},
				"east": {"uv": [7, 11, 9, 11.75], "texture": "#0"},
				"south": {"uv": [7, 11, 9, 13], "texture": "#0"},
				"west": {"uv": [7, 11, 9, 11.75], "texture": "#0"},
				"up": {"uv": [7, 11, 9, 13], "texture": "#0"},
				"down": {"uv": [7, 11, 9, 13], "texture": "#0"}
			}
		},
		{
			"from": [6.75, 7.75, 15],
			"to": [9.5, 8.5, 17],
			"rotation": {"angle": -45, "axis": "x", "origin": [0, 1, 16], "rescale": true},
			"faces": {
				"north": {"uv": [7, 11, 9, 13], "texture": "#0"},
				"east": {"uv": [7, 11, 9, 11.75], "texture": "#0"},
				"south": {"uv": [7, 11, 9, 13], "texture": "#0"},
				"west": {"uv": [7, 11, 9, 11.75], "texture": "#0"},
				"up": {"uv": [7, 7, 9, 9], "texture": "#0"},
				"down": {"uv": [7, 11, 9, 13], "texture": "#0"}
			}
		},
		{
			"from": [6.75, 7.75, 11],
			"to": [9.5, 8.5, 13],
			"rotation": {"angle": -45, "axis": "x", "origin": [0, 1, 16], "rescale": true},
			"faces": {
				"north": {"uv": [7, 11, 9, 13], "texture": "#0"},
				"east": {"uv": [7, 11, 9, 11.75], "texture": "#0"},
				"south": {"uv": [7, 11, 9, 13], "texture": "#0"},
				"west": {"uv": [7, 11, 9, 11.75], "texture": "#0"},
				"up": {"uv": [7, 3, 9, 5], "texture": "#0"},
				"down": {"uv": [7, 11, 9, 13], "texture": "#0"}
			}
		}
	]
}