{
	"credit": "Made By Vixel",
	"textures": {
		"0": "block/rail",
		"particle": "block/rail"
	},
	"elements": [
		{
			"from": [1.999, 0.25, 0],
			"to": [3.999, 1.25, 16],
			"rotation": {"angle": 45, "axis": "x", "origin": [0, 1, 16], "rescale": true},
			"faces": {
				"north": {"uv": [12, 0, 14.002, 0.75], "texture": "#0"},
				"east": {"uv": [13, 0, 13.75, 16], "rotation": 90, "texture": "#0"},
				"south": {"uv": [12, 0, 14.002, 0.75], "texture": "#0"},
				"west": {"uv": [12, 0, 12.75, 16], "rotation": 90, "texture": "#0"},
				"up": {"uv": [12, 0, 14.002, 16], "texture": "#0"},
				"down": {"uv": [12, 0, 14.002, 16], "texture": "#0"}
			}
		},
		{
			"from": [11.999, 0.25, 0],
			"to": [14.001, 1, 16],
			"rotation": {"angle": 45, "axis": "x", "origin": [0, 1, 16], "rescale": true},
			"faces": {
				"north": {"uv": [2, 0, 4.002, 0.75], "texture": "#0"},
				"east": {"uv": [2, 0, 2.75, 16], "rotation": 90, "texture": "#0"},
				"south": {"uv": [2, 0, 4.002, 0.75], "texture": "#0"},
				"west": {"uv": [2, 0, 2.75, 16], "rotation": 90, "texture": "#0"},
				"up": {"uv": [2, 0, 4.002, 16], "texture": "#0"},
				"down": {"uv": [2, 0, 4.002, 16], "texture": "#0"}
			}
		},
		{
			"from": [1, 0, 1],
			"to": [15, 0.75, 3],
			"rotation": {"angle": 45, "axis": "x", "origin": [0, 1, 16], "rescale": true},
			"faces": {
				"north": {"uv": [1, 13, 15, 13.75], "texture": "#0"},
				"east": {"uv": [4, 14, 6, 14.75], "texture": "#0"},
				"south": {"uv": [1, 13, 15, 13.75], "texture": "#0"},
				"west": {"uv": [4, 14, 6, 14.75], "texture": "#0"},
				"up": {"uv": [1, 13, 15, 15], "texture": "#0"},
				"down": {"uv": [1, 13, 15, 15], "texture": "#0"}
			}
		},
		{
			"from": [1, 0, 5],
			"to": [15, 0.75, 7],
			"rotation": {"angle": 45, "axis": "x", "origin": [0, 1, 16], "rescale": true},
			"faces": {
				"north": {"uv": [1, 9, 15, 9.75], "texture": "#0"},
				"east": {"uv": [4, 10, 6, 10.75], "texture": "#0"},
				"south": {"uv": [1, 9, 15, 9.75], "texture": "#0"},
				"west": {"uv": [4, 10, 6, 10.75], "texture": "#0"},
				"up": {"uv": [1, 9, 15, 11], "texture": "#0"},
				"down": {"uv": [1, 9, 15, 11], "texture": "#0"}
			}
		},
		{
			"from": [1, 0, 9],
			"to": [15, 0.75, 11],
			"rotation": {"angle": 45, "axis": "x", "origin": [0, 1, 16], "rescale": true},
			"faces": {
				"north": {"uv": [1, 5, 15, 5.75], "texture": "#0"},
				"east": {"uv": [4, 6, 6, 6.75], "texture": "#0"},
				"south": {"uv": [1, 5, 15, 5.75], "texture": "#0"},
				"west": {"uv": [4, 6.25, 6, 7], "texture": "#0"},
				"up": {"uv": [1, 5, 15, 7], "texture": "#0"},
				"down": {"uv": [1, 5, 15, 7], "texture": "#0"}
			}
		},
		{
			"from": [1, 0, 13],
			"to": [15, 0.75, 15],
			"rotation": {"angle": 45, "axis": "x", "origin": [0, 1, 16], "rescale": true},
			"faces": {
				"north": {"uv": [1, 1, 15, 1.75], "texture": "#0"},
				"east": {"uv": [4, 2, 6, 2.75], "texture": "#0"},
				"south": {"uv": [1, 1, 15, 1.75], "texture": "#0"},
				"west": {"uv": [4, 2, 6, 2.75], "texture": "#0"},
				"up": {"uv": [1, 1, 15, 3], "texture": "#0"},
				"down": {"uv": [1, 1, 15, 3], "texture": "#0"}
			}
		}
	]
}