{
	"credit": "Made with Vixel",
	"textures": {
		"0": "block/rail_corner",
		"particle": "block/rail_corner"
	},
	"elements": [
		{
			"from": [2, 0.125, 10],
			"to": [4, 1.125, 16],
			"faces": {
				"north": {"uv": [2, 12, 4, 13], "texture": "#0"},
				"east": {"uv": [2, 12, 3, 16], "rotation": 90, "texture": "#0"},
				"south": {"uv": [2, 12, 4, 13], "texture": "#0"},
				"west": {"uv": [2, 12, 3, 16], "rotation": 90, "texture": "#0"},
				"up": {"uv": [4, 12, 2, 16], "texture": "#0"},
				"down": {"uv": [2, 12, 4, 16], "texture": "#0"}
			}
		},
		{
			"from": [12, 0.125, 14],
			"to": [14, 1.125, 16],
			"faces": {
				"north": {"uv": [12, 14, 14, 15], "texture": "#0"},
				"east": {"uv": [12, 14, 14, 15], "texture": "#0"},
				"south": {"uv": [12, 14, 14, 15], "texture": "#0"},
				"west": {"uv": [12, 14, 14, 15], "texture": "#0"},
				"up": {"uv": [12, 14, 14, 16], "rotation": 180, "texture": "#0"},
				"down": {"uv": [12, 14, 14, 16], "texture": "#0"}
			}
		},
		{
			"from": [13, 0.125, 13],
			"to": [14, 1.125, 14],
			"faces": {
				"north": {"uv": [12, 14, 13, 15], "texture": "#0"},
				"east": {"uv": [12, 14, 14, 15], "texture": "#0"},
				"south": {"uv": [12, 14, 14, 15], "texture": "#0"},
				"west": {"uv": [12, 14, 13, 15], "texture": "#0"},
				"up": {"uv": [13, 15, 14, 16], "texture": "#0"},
				"down": {"uv": [12, 14, 14, 16], "texture": "#0"}
			}
		},
		{
			"from": [10.4588, 0, 13.69344],
			"to": [12.4588, 1, 15.69344],
			"rotation": {"angle": -22.5, "axis": "y", "origin": [11.4588, 0.625, 14.69344]},
			"faces": {
				"north": {"uv": [7, 13, 10, 14], "texture": "#0"},
				"east": {"uv": [7, 13, 10, 15], "texture": "#0"},
				"south": {"uv": [7, 14, 10, 15], "texture": "#0"},
				"west": {"uv": [7, 13, 9, 14], "texture": "#0"},
				"up": {"uv": [5, 12, 7, 14], "texture": "#0"},
				"down": {"uv": [7, 13, 10, 15], "texture": "#0"}
			}
		},
		{
			"from": [8.4588, 0, 13.69344],
			"to": [10.4588, 1, 15.69344],
			"rotation": {"angle": -22.5, "axis": "y", "origin": [11.4588, 0.625, 14.69344]},
			"faces": {
				"north": {"uv": [7, 13, 10, 14], "texture": "#0"},
				"east": {"uv": [7, 13, 10, 15], "texture": "#0"},
				"south": {"uv": [7, 14, 10, 15], "texture": "#0"},
				"west": {"uv": [7, 13, 9, 14], "texture": "#0"},
				"up": {"uv": [7, 13, 9, 15], "texture": "#0"},
				"down": {"uv": [7, 13, 10, 15], "texture": "#0"}
			}
		},
		{
			"from": [6.4588, 0, 13.69344],
			"to": [8.4588, 1, 15.69344],
			"rotation": {"angle": -22.5, "axis": "y", "origin": [11.4588, 0.625, 14.69344]},
			"faces": {
				"north": {"uv": [7, 13, 10, 14], "texture": "#0"},
				"east": {"uv": [7, 13, 10, 15], "texture": "#0"},
				"south": {"uv": [7, 14, 10, 15], "texture": "#0"},
				"west": {"uv": [7, 13, 9, 14], "texture": "#0"},
				"up": {"uv": [7, 13, 9, 15], "texture": "#0"},
				"down": {"uv": [7, 13, 10, 15], "texture": "#0"}
			}
		},
		{
			"from": [4.4588, 0, 13.69344],
			"to": [6.4588, 1, 15.69344],
			"rotation": {"angle": -22.5, "axis": "y", "origin": [11.4588, 0.625, 14.69344]},
			"faces": {
				"north": {"uv": [7, 13, 10, 14], "texture": "#0"},
				"east": {"uv": [7, 13, 10, 15], "texture": "#0"},
				"south": {"uv": [7, 14, 10, 15], "texture": "#0"},
				"west": {"uv": [7, 13, 9, 14], "texture": "#0"},
				"up": {"uv": [11, 11, 13, 13], "texture": "#0"},
				"down": {"uv": [7, 13, 10, 15], "texture": "#0"}
			}
		},
		{
			"from": [2.4588, 0, 13.69344],
			"to": [4.4588, 1, 15.69344],
			"rotation": {"angle": -22.5, "axis": "y", "origin": [11.4588, 0.625, 14.69344]},
			"faces": {
				"north": {"uv": [7, 13, 10, 14], "texture": "#0"},
				"east": {"uv": [7, 13, 10, 15], "texture": "#0"},
				"south": {"uv": [7, 14, 10, 15], "texture": "#0"},
				"west": {"uv": [7, 13, 9, 14], "texture": "#0"},
				"up": {"uv": [11, 11, 13, 13], "texture": "#0"},
				"down": {"uv": [7, 13, 10, 15], "texture": "#0"}
			}
		},
		{
			"from": [13.55971, 0, 10.28649],
			"to": [15.55971, 1, 12.28649],
			"rotation": {"angle": 22.5, "axis": "y", "origin": [15.05971, 0.625, 11.03649]},
			"faces": {
				"north": {"uv": [13, 7, 15, 10], "texture": "#0"},
				"east": {"uv": [13, 7, 14, 10], "rotation": 90, "texture": "#0"},
				"south": {"uv": [13, 7, 15, 10], "texture": "#0"},
				"west": {"uv": [13, 7, 14, 10], "rotation": 90, "texture": "#0"},
				"up": {"uv": [13, 7, 15, 9], "texture": "#0"},
				"down": {"uv": [13, 7, 15, 10], "texture": "#0"}
			}
		},
		{
			"from": [13.55971, 0, 8.28649],
			"to": [15.55971, 1, 10.28649],
			"rotation": {"angle": 22.5, "axis": "y", "origin": [15.05971, 0.625, 11.03649]},
			"faces": {
				"north": {"uv": [13, 7, 15, 10], "texture": "#0"},
				"east": {"uv": [13, 7, 14, 10], "rotation": 90, "texture": "#0"},
				"south": {"uv": [13, 7, 15, 10], "texture": "#0"},
				"west": {"uv": [13, 7, 14, 10], "rotation": 90, "texture": "#0"},
				"up": {"uv": [11, 11, 13, 13], "rotation": 90, "texture": "#0"},
				"down": {"uv": [13, 7, 15, 10], "texture": "#0"}
			}
		},
		{
			"from": [13.55971, 0, 6.28649],
			"to": [15.55971, 1, 8.28649],
			"rotation": {"angle": 22.5, "axis": "y", "origin": [15.05971, 0.625, 11.03649]},
			"faces": {
				"north": {"uv": [13, 7, 15, 10], "texture": "#0"},
				"east": {"uv": [13, 7, 14, 10], "rotation": 90, "texture": "#0"},
				"south": {"uv": [13, 7, 15, 10], "texture": "#0"},
				"west": {"uv": [13, 7, 14, 10], "rotation": 90, "texture": "#0"},
				"up": {"uv": [7, 13, 9, 15], "rotation": 90, "texture": "#0"},
				"down": {"uv": [13, 7, 15, 10], "texture": "#0"}
			}
		},
		{
			"from": [13.55971, 0, 4.28649],
			"to": [15.55971, 1, 6.28649],
			"rotation": {"angle": 22.5, "axis": "y", "origin": [15.05971, 0.625, 11.03649]},
			"faces": {
				"north": {"uv": [13, 7, 15, 10], "texture": "#0"},
				"east": {"uv": [13, 7, 14, 10], "rotation": 90, "texture": "#0"},
				"south": {"uv": [13, 7, 15, 10], "texture": "#0"},
				"west": {"uv": [13, 7, 14, 10], "rotation": 90, "texture": "#0"},
				"up": {"uv": [12, 5, 14, 7], "texture": "#0"},
				"down": {"uv": [13, 7, 15, 10], "texture": "#0"}
			}
		},
		{
			"from": [13.55971, 0, 2.28649],
			"to": [15.55971, 1, 4.28649],
			"rotation": {"angle": 22.5, "axis": "y", "origin": [15.05971, 0.625, 11.03649]},
			"faces": {
				"north": {"uv": [13, 7, 15, 10], "texture": "#0"},
				"east": {"uv": [13, 7, 14, 10], "rotation": 90, "texture": "#0"},
				"south": {"uv": [13, 7, 15, 10], "texture": "#0"},
				"west": {"uv": [13, 7, 14, 10], "rotation": 90, "texture": "#0"},
				"up": {"uv": [9, 9, 11, 11], "texture": "#0"},
				"down": {"uv": [13, 7, 15, 10], "texture": "#0"}
			}
		},
		{
			"from": [9.75, 0, 1.35],
			"to": [11.75, 1, 3.35],
			"rotation": {"angle": 22.5, "axis": "y", "origin": [11, 0.5, 2]},
			"faces": {
				"north": {"uv": [12, 4, 14, 5], "texture": "#0"},
				"east": {"uv": [12, 4, 14, 5], "texture": "#0"},
				"south": {"uv": [12, 4, 14, 6], "texture": "#0"},
				"west": {"uv": [12, 4, 14, 5], "texture": "#0"},
				"up": {"uv": [12, 4, 14, 6], "texture": "#0"},
				"down": {"uv": [12, 4, 14, 6], "texture": "#0"}
			}
		},
		{
			"from": [12, 0, 12],
			"to": [14, 1, 14],
			"rotation": {"angle": 45, "axis": "y", "origin": [13, 0.5, 13]},
			"faces": {
				"north": {"uv": [11, 11, 13, 12], "texture": "#0"},
				"east": {"uv": [11, 11, 13, 12], "texture": "#0"},
				"south": {"uv": [11, 11, 13, 13], "texture": "#0"},
				"west": {"uv": [8, 13, 10, 14], "texture": "#0"},
				"up": {"uv": [13, 8, 15, 10], "texture": "#0"},
				"down": {"uv": [11, 11, 13, 13], "texture": "#0"}
			}
		},
		{
			"from": [12, 0, 10],
			"to": [14, 1, 12],
			"rotation": {"angle": 45, "axis": "y", "origin": [13, 0.5, 13]},
			"faces": {
				"north": {"uv": [11, 11, 13, 12], "texture": "#0"},
				"east": {"uv": [8, 8, 10, 9], "texture": "#0"},
				"south": {"uv": [11, 11, 13, 13], "texture": "#0"},
				"west": {"uv": [6, 13, 8, 14], "texture": "#0"},
				"up": {"uv": [13, 8, 15, 10], "texture": "#0"},
				"down": {"uv": [11, 11, 13, 13], "texture": "#0"}
			}
		},
		{
			"from": [12, 0, 8],
			"to": [14, 1, 10],
			"rotation": {"angle": 45, "axis": "y", "origin": [13, 0.5, 13]},
			"faces": {
				"north": {"uv": [11, 11, 13, 12], "texture": "#0"},
				"east": {"uv": [10, 10, 12, 11], "texture": "#0"},
				"south": {"uv": [11, 11, 13, 13], "texture": "#0"},
				"west": {"uv": [7, 13, 9, 14], "texture": "#0"},
				"up": {"uv": [13, 7, 15, 9], "texture": "#0"},
				"down": {"uv": [11, 11, 13, 13], "texture": "#0"}
			}
		},
		{
			"from": [12, 0, 6],
			"to": [14, 1, 8],
			"rotation": {"angle": 45, "axis": "y", "origin": [13, 0.5, 13]},
			"faces": {
				"north": {"uv": [11, 11, 13, 12], "texture": "#0"},
				"east": {"uv": [10, 11, 12, 12], "texture": "#0"},
				"south": {"uv": [11, 11, 13, 13], "texture": "#0"},
				"west": {"uv": [10, 10, 12, 11], "texture": "#0"},
				"up": {"uv": [8, 8, 10, 10], "rotation": 90, "texture": "#0"},
				"down": {"uv": [11, 11, 13, 13], "texture": "#0"}
			}
		},
		{
			"from": [12, 0, 4],
			"to": [14, 1, 6],
			"rotation": {"angle": 45, "axis": "y", "origin": [13, 0.5, 13]},
			"faces": {
				"north": {"uv": [11, 11, 13, 12], "texture": "#0"},
				"east": {"uv": [11, 11, 13, 12], "texture": "#0"},
				"south": {"uv": [11, 11, 13, 13], "texture": "#0"},
				"west": {"uv": [9, 10, 11, 11], "texture": "#0"},
				"up": {"uv": [12, 4, 14, 6], "texture": "#0"},
				"down": {"uv": [11, 11, 13, 13], "texture": "#0"}
			}
		},
		{
			"from": [12, 0, 3],
			"to": [14, 1, 4],
			"rotation": {"angle": 45, "axis": "y", "origin": [13, 0.5, 13]},
			"faces": {
				"north": {"uv": [11, 11, 13, 12], "texture": "#0"},
				"east": {"uv": [11, 11, 13, 13], "texture": "#0"},
				"south": {"uv": [11, 11, 13, 13], "texture": "#0"},
				"west": {"uv": [11, 11, 13, 12], "texture": "#0"},
				"up": {"uv": [11, 11, 13, 13], "texture": "#0"},
				"down": {"uv": [11, 11, 13, 13], "texture": "#0"}
			}
		},
		{
			"from": [5, 0, 5],
			"to": [6, 1, 6],
			"faces": {
				"north": {"uv": [5, 5, 6, 6], "texture": "#0"},
				"east": {"uv": [5, 5, 6, 6], "texture": "#0"},
				"south": {"uv": [5, 5, 6, 6], "texture": "#0"},
				"west": {"uv": [5, 5, 6, 6], "texture": "#0"},
				"up": {"uv": [5, 5, 6, 6], "texture": "#0"},
				"down": {"uv": [5, 5, 6, 6], "texture": "#0"}
			}
		},
		{
			"from": [14, 0, 15],
			"to": [15, 1, 16],
			"faces": {
				"north": {"uv": [14, 15, 15, 16], "texture": "#0"},
				"east": {"uv": [14, 15, 15, 16], "texture": "#0"},
				"south": {"uv": [14, 15, 15, 16], "texture": "#0"},
				"west": {"uv": [14, 15, 15, 16], "texture": "#0"},
				"up": {"uv": [14, 15, 15, 16], "texture": "#0"},
				"down": {"uv": [14, 15, 15, 16], "texture": "#0"}
			}
		},
		{
			"from": [14, 0, 14],
			"to": [15, 1, 15],
			"faces": {
				"north": {"uv": [15, 14, 16, 15], "texture": "#0"},
				"east": {"uv": [15, 14, 16, 15], "texture": "#0"},
				"south": {"uv": [15, 14, 16, 15], "texture": "#0"},
				"west": {"uv": [15, 14, 16, 15], "texture": "#0"},
				"up": {"uv": [15, 14, 16, 15], "texture": "#0"},
				"down": {"uv": [15, 14, 16, 15], "texture": "#0"}
			}
		},
		{
			"from": [15, 0, 14],
			"to": [16, 1, 15],
			"faces": {
				"north": {"uv": [15, 14, 16, 15], "texture": "#0"},
				"east": {"uv": [15, 14, 16, 15], "texture": "#0"},
				"south": {"uv": [15, 14, 16, 15], "texture": "#0"},
				"west": {"uv": [15, 14, 16, 15], "texture": "#0"},
				"up": {"uv": [15, 14, 16, 15], "texture": "#0"},
				"down": {"uv": [15, 14, 16, 15], "texture": "#0"}
			}
		},
		{
			"from": [1, 0, 9.875],
			"to": [3, 1, 11.875],
			"rotation": {"angle": -22.5, "axis": "y", "origin": [2, 0.5, 12]},
			"faces": {
				"north": {"uv": [5, 12, 7, 13], "texture": "#0"},
				"east": {"uv": [5, 12, 7, 14], "texture": "#0"},
				"south": {"uv": [5, 12, 7, 13], "texture": "#0"},
				"west": {"uv": [5, 12, 7, 13], "texture": "#0"},
				"up": {"uv": [5, 12, 7, 14], "texture": "#0"},
				"down": {"uv": [5, 12, 7, 14], "texture": "#0"}
			}
		},
		{
			"from": [14, 0.125, 12],
			"to": [16, 1.125, 14],
			"faces": {
				"north": {"uv": [14, 12, 16, 13], "texture": "#0"},
				"east": {"uv": [14, 12, 16, 13], "texture": "#0"},
				"south": {"uv": [14, 12, 16, 13], "texture": "#0"},
				"west": {"uv": [14, 12, 16, 13], "texture": "#0"},
				"up": {"uv": [14, 12, 16, 14], "rotation": 180, "texture": "#0"},
				"down": {"uv": [14, 12, 16, 14], "texture": "#0"}
			}
		},
		{
			"from": [3, 0.125, 8],
			"to": [5, 1.125, 10],
			"rotation": {"angle": 0, "axis": "y", "origin": [4, 0.625, 9]},
			"faces": {
				"north": {"uv": [3, 10, 4, 12], "rotation": 90, "texture": "#0"},
				"east": {"uv": [3, 10, 4, 12], "rotation": 90, "texture": "#0"},
				"south": {"uv": [3, 10, 5, 11], "texture": "#0"},
				"west": {"uv": [4, 10, 5, 12], "rotation": 90, "texture": "#0"},
				"up": {"uv": [5, 10, 3, 12], "texture": "#0"},
				"down": {"uv": [3, 10, 5, 12], "texture": "#0"}
			}
		},
		{
			"from": [10, 0.125, 2],
			"to": [16, 1.125, 4],
			"rotation": {"angle": 0, "axis": "y", "origin": [6, 0.5, 13.5]},
			"faces": {
				"north": {"uv": [12, 3, 16, 4], "texture": "#0"},
				"east": {"uv": [12, 2, 14, 3], "texture": "#0"},
				"south": {"uv": [12, 2, 16, 3], "texture": "#0"},
				"west": {"uv": [12, 2, 14, 3], "texture": "#0"},
				"up": {"uv": [12, 4, 16, 2], "texture": "#0"},
				"down": {"uv": [12, 2, 16, 4], "texture": "#0"}
			}
		},
		{
			"from": [8, 0.125, 3],
			"to": [10, 1.125, 5],
			"rotation": {"angle": 0, "axis": "y", "origin": [6, 0.5, 13.5]},
			"faces": {
				"north": {"uv": [10, 3, 12, 4], "texture": "#0"},
				"east": {"uv": [10, 4, 12, 5], "texture": "#0"},
				"south": {"uv": [10, 3, 12, 4], "texture": "#0"},
				"west": {"uv": [10, 3, 12, 4], "texture": "#0"},
				"up": {"uv": [10, 5, 12, 3], "texture": "#0"},
				"down": {"uv": [10, 3, 12, 5], "texture": "#0"}
			}
		},
		{
			"from": [6, 0.125, 4],
			"to": [8, 1.125, 6],
			"rotation": {"angle": 0, "axis": "y", "origin": [6, 0.5, 13.5]},
			"faces": {
				"north": {"uv": [8, 4, 10, 5], "texture": "#0"},
				"east": {"uv": [8, 5, 10, 6], "texture": "#0"},
				"south": {"uv": [8, 5, 10, 6], "texture": "#0"},
				"west": {"uv": [8, 4, 10, 5], "texture": "#0"},
				"up": {"uv": [8, 6, 10, 4], "texture": "#0"},
				"down": {"uv": [8, 4, 10, 6], "texture": "#0"}
			}
		},
		{
			"from": [4, 0.125, 6],
			"to": [6, 1.125, 8],
			"rotation": {"angle": 0, "axis": "y", "origin": [6, 0.5, 13.5]},
			"faces": {
				"north": {"uv": [4, 8, 5, 10], "rotation": 90, "texture": "#0"},
				"east": {"uv": [5, 8, 6, 10], "rotation": 90, "texture": "#0"},
				"south": {"uv": [4, 8, 6, 9], "texture": "#0"},
				"west": {"uv": [5, 8, 6, 10], "rotation": 90, "texture": "#0"},
				"up": {"uv": [6, 8, 4, 10], "texture": "#0"},
				"down": {"uv": [4, 8, 6, 10], "texture": "#0"}
			}
		}
	]
}