{
	"credit": "Made with Blockbench",
	"parent": "minecraft:block/cross",
	"ambientocclusion": false,
	"texture_size": [32, 32],
	"textures": {
		"1": "block/red_tulip_model",
		"particle": "block/red_tulip_model"
	},
	"elements": [
		{
			"from": [7, 0, 7],
			"to": [8, 7.975, 8],
			"shade": false,
			"faces": {
				"north": {"uv": [7.5, 6, 8, 10], "texture": "#1"},
				"east": {"uv": [0, 8, 0.5, 12], "texture": "#1"},
				"south": {"uv": [0.5, 8, 1, 12], "texture": "#1"},
				"west": {"uv": [1, 8, 1.5, 12], "texture": "#1"},
				"up": {"uv": [2, 8.5, 1.5, 8], "texture": "#1"},
				"down": {"uv": [2.5, 8, 2, 8.5], "texture": "#1"}
			}
		},
		{
			"from": [6, 8, 9],
			"to": [9, 12, 9],
			"shade": false,
			"faces": {
				"north": {"uv": [4.5, 6, 6, 8], "texture": "#1"},
				"east": {"uv": [4.5, 6, 6, 8], "texture": "#1"},
				"south": {"uv": [4.5, 6, 6, 8], "texture": "#1"},
				"west": {"uv": [4.5, 6, 6, 8], "texture": "#1"},
				"up": {"uv": [7.5, 7.5, 6, 6], "texture": "#1"},
				"down": {"uv": [7.5, 7.5, 6, 9], "texture": "#1"}
			}
		},
		{
			"from": [6, 8, 6],
			"to": [9, 12, 6],
			"shade": false,
			"faces": {
				"north": {"uv": [4.5, 6, 6, 8], "texture": "#1"},
				"east": {"uv": [4.5, 6, 6, 8], "texture": "#1"},
				"south": {"uv": [4.5, 6, 6, 8], "texture": "#1"},
				"west": {"uv": [4.5, 6, 6, 8], "texture": "#1"},
				"up": {"uv": [7.5, 7.5, 6, 6], "texture": "#1"},
				"down": {"uv": [7.5, 7.5, 6, 9], "texture": "#1"}
			}
		},
		{
			"from": [6, 8, 6],
			"to": [9, 8, 9],
			"shade": false,
			"faces": {
				"north": {"uv": [7.5, 7.5, 6, 9], "texture": "#1"},
				"east": {"uv": [7.5, 7.5, 6, 9], "texture": "#1"},
				"south": {"uv": [7.5, 7.5, 6, 9], "texture": "#1"},
				"west": {"uv": [7.5, 7.5, 6, 9], "texture": "#1"},
				"up": {"uv": [7.5, 7.5, 6, 9], "texture": "#1"},
				"down": {"uv": [7.5, 7.5, 6, 9], "texture": "#1"}
			}
		},
		{
			"from": [6, 8, 6],
			"to": [6, 12, 9],
			"shade": false,
			"rotation": {"angle": 0, "axis": "y", "origin": [7.5, 10, 6]},
			"faces": {
				"north": {"uv": [4.5, 6, 6, 8], "texture": "#1"},
				"east": {"uv": [4.5, 6, 6, 8], "texture": "#1"},
				"south": {"uv": [4.5, 6, 6, 8], "texture": "#1"},
				"west": {"uv": [4.5, 6, 6, 8], "texture": "#1"},
				"up": {"uv": [7.5, 7.5, 6, 6], "rotation": 90, "texture": "#1"},
				"down": {"uv": [7.5, 7.5, 6, 9], "rotation": 270, "texture": "#1"}
			}
		},
		{
			"from": [9, 8, 6],
			"to": [9, 12, 9],
			"shade": false,
			"rotation": {"angle": 0, "axis": "y", "origin": [7.5, 10, 6]},
			"faces": {
				"north": {"uv": [4.5, 6, 6, 8], "texture": "#1"},
				"east": {"uv": [4.5, 6, 6, 8], "texture": "#1"},
				"south": {"uv": [4.5, 6, 6, 8], "texture": "#1"},
				"west": {"uv": [4.5, 6, 6, 8], "texture": "#1"},
				"up": {"uv": [7.5, 7.5, 6, 6], "rotation": 90, "texture": "#1"},
				"down": {"uv": [7.5, 7.5, 6, 9], "rotation": 270, "texture": "#1"}
			}
		},
		{
			"from": [7.5, 0, 3],
			"to": [7.5, 6, 12],
			"shade": false,
			"faces": {
				"north": {"uv": [4.5, 3, 9, 6], "texture": "#1"},
				"east": {"uv": [4.5, 3, 9, 6], "texture": "#1"},
				"south": {"uv": [4.5, 3, 9, 6], "texture": "#1"},
				"west": {"uv": [9, 3, 4.5, 6], "texture": "#1"},
				"up": {"uv": [4.5, 3, 9, 6], "texture": "#1"},
				"down": {"uv": [4.5, 3, 9, 6], "texture": "#1"}
			}
		},
		{
			"from": [3, 0, 7.5],
			"to": [12, 6, 7.5],
			"shade": false,
			"rotation": {"angle": 0, "axis": "y", "origin": [7.5, 2.5, 7.5]},
			"faces": {
				"north": {"uv": [9, 3, 4.5, 6], "texture": "#1"},
				"east": {"uv": [4.5, 3, 9, 6], "texture": "#1"},
				"south": {"uv": [4.5, 3, 9, 6], "texture": "#1"},
				"west": {"uv": [4.5, 3, 9, 6], "texture": "#1"},
				"up": {"uv": [4.5, 3, 9, 6], "texture": "#1"},
				"down": {"uv": [4.5, 3, 9, 6], "texture": "#1"}
			}
		}
	]
}