{
	"credit": "Made with Blockbench",
	"ambientocclusion": false,
	"textures": {
		"particle": "block/soul_lantern",
		"lantern": "block/soul_lantern"
	},
	"elements": [
		{
			"from": [5, 0.125, 5],
			"to": [11, 9.05, 11],
			"shade": false,
			"rotation": {"angle": 0, "axis": "y", "origin": [0, 0.075, 0]},
			"faces": {
				"north": {"uv": [10, 0, 16, 8.95], "texture": "#lantern"},
				"east": {"uv": [10, 0, 16, 8.95], "texture": "#lantern"},
				"south": {"uv": [10, 0, 16, 8.95], "texture": "#lantern"},
				"west": {"uv": [10, 0, 16, 8.95], "texture": "#lantern"},
				"up": {"uv": [0, 9, 6, 15], "texture": "#lantern"},
				"down": {"uv": [0, 9, 6, 15], "texture": "#lantern", "cullface": "down"}
			}
		},
		{
			"from": [6.5, 9.075, 8],
			"to": [9.5, 11.075, 8],
			"shade": false,
			"rotation": {"angle": 45, "axis": "y", "origin": [8, 8.075, 8]},
			"faces": {
				"north": {"uv": [14, 10, 11, 12], "texture": "#lantern"},
				"east": {"uv": [0, 0, 0, 0], "texture": "#lantern"},
				"south": {"uv": [11, 10, 14, 12], "texture": "#lantern"},
				"west": {"uv": [0, 0, 0, 0], "texture": "#lantern"},
				"up": {"uv": [0, 0, 0, 0], "texture": "#lantern"},
				"down": {"uv": [0, 0, 0, 0], "texture": "#lantern"}
			}
		},
		{
			"from": [8, 9.075, 6.5],
			"to": [8, 11.075, 9.5],
			"shade": false,
			"rotation": {"angle": 45, "axis": "y", "origin": [8, 8.075, 8]},
			"faces": {
				"north": {"uv": [0, 0, 0, 0], "texture": "#lantern"},
				"east": {"uv": [11, 10, 14, 12], "texture": "#lantern"},
				"south": {"uv": [0, 0, 0, 0], "texture": "#lantern"},
				"west": {"uv": [14, 10, 11, 12], "texture": "#lantern"},
				"up": {"uv": [0, 0, 0, 0], "texture": "#lantern"},
				"down": {"uv": [0, 0, 0, 0], "texture": "#lantern"}
			}
		},
		{
			"from": [4, 0.075, 4],
			"to": [4, 3.075, 12],
			"shade": false,
			"rotation": {"angle": 0, "axis": "y", "origin": [0, 0.075, 0]},
			"faces": {
				"north": {"uv": [8, 14, 16, 16], "texture": "#lantern"},
				"east": {"uv": [8, 14, 16, 16], "texture": "#lantern"},
				"south": {"uv": [8, 14, 16, 16], "texture": "#lantern"},
				"west": {"uv": [8, 13, 16, 16], "texture": "#lantern"},
				"up": {"uv": [8, 14, 16, 16], "texture": "#lantern"},
				"down": {"uv": [8, 14, 16, 16], "texture": "#lantern"}
			}
		},
		{
			"from": [12, 0.075, 4],
			"to": [12, 3.075, 12],
			"shade": false,
			"rotation": {"angle": 0, "axis": "y", "origin": [0, 0.075, 0]},
			"faces": {
				"north": {"uv": [8, 14, 16, 16], "texture": "#lantern"},
				"east": {"uv": [8, 13, 16, 16], "texture": "#lantern"},
				"south": {"uv": [8, 14, 16, 16], "texture": "#lantern"},
				"west": {"uv": [8, 14, 16, 16], "texture": "#lantern"},
				"up": {"uv": [8, 14, 16, 16], "texture": "#lantern"},
				"down": {"uv": [8, 14, 16, 16], "texture": "#lantern"}
			}
		},
		{
			"from": [12, 6.075, 4],
			"to": [12, 9.075, 12],
			"shade": false,
			"rotation": {"angle": 0, "axis": "y", "origin": [0, 0.075, 0]},
			"faces": {
				"north": {"uv": [8, 16, 16, 13], "texture": "#lantern"},
				"east": {"uv": [8, 16, 16, 13], "texture": "#lantern"},
				"south": {"uv": [8, 16, 16, 13], "texture": "#lantern"},
				"west": {"uv": [8, 16, 16, 13], "texture": "#lantern"},
				"up": {"uv": [8, 16, 16, 13], "texture": "#lantern"},
				"down": {"uv": [8, 16, 16, 13], "texture": "#lantern"}
			}
		},
		{
			"from": [4, 6.075, 4],
			"to": [4, 9.075, 12],
			"shade": false,
			"rotation": {"angle": 0, "axis": "y", "origin": [0, 0.075, 0]},
			"faces": {
				"north": {"uv": [8, 16, 16, 13], "texture": "#lantern"},
				"east": {"uv": [8, 16, 16, 13], "texture": "#lantern"},
				"south": {"uv": [8, 16, 16, 13], "texture": "#lantern"},
				"west": {"uv": [8, 16, 16, 13], "texture": "#lantern"},
				"up": {"uv": [8, 16, 16, 13], "texture": "#lantern"},
				"down": {"uv": [8, 16, 16, 13], "texture": "#lantern"}
			}
		},
		{
			"from": [4, 0.075, 12],
			"to": [12, 3.075, 12],
			"shade": false,
			"rotation": {"angle": 0, "axis": "y", "origin": [12, 1.075, 8]},
			"faces": {
				"north": {"uv": [8, 14, 16, 16], "texture": "#lantern"},
				"east": {"uv": [8, 14, 16, 16], "texture": "#lantern"},
				"south": {"uv": [8, 13, 16, 16], "texture": "#lantern"},
				"west": {"uv": [8, 14, 16, 16], "texture": "#lantern"},
				"up": {"uv": [8, 14, 16, 16], "texture": "#lantern"},
				"down": {"uv": [8, 14, 16, 16], "texture": "#lantern"}
			}
		},
		{
			"from": [4, 6.075, 12],
			"to": [12, 9.075, 12],
			"shade": false,
			"rotation": {"angle": 0, "axis": "y", "origin": [12, 1.075, 8]},
			"faces": {
				"north": {"uv": [8, 16, 16, 13], "texture": "#lantern"},
				"east": {"uv": [8, 16, 16, 13], "texture": "#lantern"},
				"south": {"uv": [8, 16, 16, 13], "texture": "#lantern"},
				"west": {"uv": [8, 16, 16, 13], "texture": "#lantern"},
				"up": {"uv": [8, 16, 16, 13], "texture": "#lantern"},
				"down": {"uv": [8, 16, 16, 13], "texture": "#lantern"}
			}
		},
		{
			"from": [4, 6.075, 4],
			"to": [12, 9.075, 4],
			"shade": false,
			"rotation": {"angle": 0, "axis": "y", "origin": [12, 1.075, 8]},
			"faces": {
				"north": {"uv": [8, 16, 16, 13], "texture": "#lantern"},
				"east": {"uv": [8, 16, 16, 13], "texture": "#lantern"},
				"south": {"uv": [8, 16, 16, 13], "texture": "#lantern"},
				"west": {"uv": [8, 16, 16, 13], "texture": "#lantern"},
				"up": {"uv": [8, 16, 16, 13], "texture": "#lantern"},
				"down": {"uv": [8, 16, 16, 13], "texture": "#lantern"}
			}
		},
		{
			"from": [4, 0.075, 4],
			"to": [12, 3.075, 4],
			"shade": false,
			"rotation": {"angle": 0, "axis": "y", "origin": [12, 1.075, 8]},
			"faces": {
				"north": {"uv": [8, 13, 16, 16], "texture": "#lantern"},
				"east": {"uv": [8, 14, 16, 16], "texture": "#lantern"},
				"south": {"uv": [8, 14, 16, 16], "texture": "#lantern"},
				"west": {"uv": [8, 14, 16, 16], "texture": "#lantern"},
				"up": {"uv": [8, 14, 16, 16], "texture": "#lantern"},
				"down": {"uv": [8, 14, 16, 16], "texture": "#lantern"}
			}
		},
		{
			"from": [4, 0.075, 4],
			"to": [12, 0.075, 12],
			"shade": false,
			"rotation": {"angle": 0, "axis": "y", "origin": [8, 1.075, 5]},
			"faces": {
				"north": {"uv": [0, 9, 7, 16], "rotation": 180, "texture": "#lantern"},
				"east": {"uv": [0, 9, 7, 16], "rotation": 180, "texture": "#lantern"},
				"south": {"uv": [0, 9, 7, 16], "rotation": 180, "texture": "#lantern"},
				"west": {"uv": [0, 9, 7, 16], "rotation": 180, "texture": "#lantern"},
				"up": {"uv": [0, 9, 7, 16], "rotation": 180, "texture": "#lantern"},
				"down": {"uv": [0, 9, 7, 16], "rotation": 180, "texture": "#lantern"}
			}
		},
		{
			"from": [4, 9.075, 4],
			"to": [12, 9.075, 12],
			"shade": false,
			"rotation": {"angle": 0, "axis": "y", "origin": [8, 1.075, 5]},
			"faces": {
				"north": {"uv": [0, 9, 7, 16], "rotation": 180, "texture": "#lantern"},
				"east": {"uv": [0, 9, 7, 16], "rotation": 180, "texture": "#lantern"},
				"south": {"uv": [0, 9, 7, 16], "rotation": 180, "texture": "#lantern"},
				"west": {"uv": [0, 9, 7, 16], "rotation": 180, "texture": "#lantern"},
				"up": {"uv": [0, 9, 7, 16], "rotation": 180, "texture": "#lantern"},
				"down": {"uv": [0, 9, 7, 16], "rotation": 180, "texture": "#lantern"}
			}
		}
	]
}