{
	"credit": "Made By Vixel",
	"ambientocclusion": false,
	"textures": {
		"1": "block/warped_roots_model",
		"particle": "block/warped_roots"
	},
	"elements": [
		{
			"from": [1.62844, 0, 7.8284],
			"to": [5.02844, 16, 7.8284],
			"shade": false,
			"rotation": {"angle": 0, "axis": "y", "origin": [3.00004, 8, 8], "rescale": true},
			"faces": {
				"north": {"uv": [7, 0, 11, 16], "texture": "#1"},
				"east": {"uv": [7, 0, 11, 16], "texture": "#1"},
				"south": {"uv": [11, 0, 7, 16], "texture": "#1"},
				"west": {"uv": [7, 0, 11, 16], "texture": "#1"},
				"up": {"uv": [7, 0, 11, 16], "texture": "#1"},
				"down": {"uv": [7, 0, 11, 16], "texture": "#1"}
			}
		},
		{
			"from": [8.12844, 0, 7.3284],
			"to": [11.52844, 16, 7.3284],
			"shade": false,
			"rotation": {"angle": 0, "axis": "y", "origin": [3.00004, 8, 8], "rescale": true},
			"faces": {
				"north": {"uv": [9, 0, 5, 16], "texture": "#1"},
				"east": {"uv": [9, 0, 5, 16], "texture": "#1"},
				"south": {"uv": [5, 0, 9, 16], "texture": "#1"},
				"west": {"uv": [9, 0, 5, 16], "texture": "#1"},
				"up": {"uv": [9, 0, 5, 16], "texture": "#1"},
				"down": {"uv": [9, 0, 5, 16], "texture": "#1"}
			}
		},
		{
			"from": [1.8, 0, 10],
			"to": [4.2, 10, 10],
			"shade": false,
			"rotation": {"angle": 45, "axis": "y", "origin": [7, 8, 8], "rescale": true},
			"faces": {
				"north": {"uv": [12, 6, 15, 16], "texture": "#1"},
				"east": {"uv": [12, 6, 15, 16], "texture": "#1"},
				"south": {"uv": [15, 6, 12, 16], "texture": "#1"},
				"west": {"uv": [12, 6, 15, 16], "texture": "#1"},
				"up": {"uv": [12, 6, 15, 16], "texture": "#1"},
				"down": {"uv": [12, 6, 15, 16], "texture": "#1"}
			}
		},
		{
			"from": [11.09614, 0, 0.89018],
			"to": [11.09614, 11, 3.29018],
			"shade": false,
			"rotation": {"angle": -22.5, "axis": "y", "origin": [12.94969, 9, 1.8432], "rescale": true},
			"faces": {
				"north": {"uv": [15, 6, 12, 16], "texture": "#1"},
				"east": {"uv": [12, 6, 15, 16], "texture": "#1"},
				"south": {"uv": [15, 6, 12, 16], "texture": "#1"},
				"west": {"uv": [15, 6, 12, 16], "texture": "#1"},
				"up": {"uv": [15, 6, 12, 16], "texture": "#1"},
				"down": {"uv": [15, 6, 12, 16], "texture": "#1"}
			}
		},
		{
			"from": [3.97158, 0, 6.00002],
			"to": [6.37158, 10, 6.00002],
			"shade": false,
			"rotation": {"angle": -45, "axis": "y", "origin": [8.99998, 8, 6.00002], "rescale": true},
			"faces": {
				"north": {"uv": [15, 6, 12, 16], "texture": "#1"},
				"east": {"uv": [15, 6, 12, 16], "texture": "#1"},
				"south": {"uv": [12, 6, 15, 16], "texture": "#1"},
				"west": {"uv": [15, 6, 12, 16], "texture": "#1"},
				"up": {"uv": [15, 6, 12, 16], "texture": "#1"},
				"down": {"uv": [15, 6, 12, 16], "texture": "#1"}
			}
		},
		{
			"from": [4.75739, 0, 6.72897],
			"to": [4.75739, 10, 9.12897],
			"shade": false,
			"rotation": {"angle": 45, "axis": "y", "origin": [7.17159, 8, 2.17165], "rescale": true},
			"faces": {
				"north": {"uv": [12, 6, 15, 16], "texture": "#1"},
				"east": {"uv": [12, 6, 15, 16], "texture": "#1"},
				"south": {"uv": [12, 6, 15, 16], "texture": "#1"},
				"west": {"uv": [15, 6, 12, 16], "texture": "#1"},
				"up": {"uv": [12, 6, 15, 16], "texture": "#1"},
				"down": {"uv": [12, 6, 15, 16], "texture": "#1"}
			}
		},
		{
			"from": [2.75, 10, -3.15],
			"to": [5.75, 13, -0.15],
			"shade": false,
			"rotation": {"angle": -45, "axis": "y", "origin": [0, 0, 0]},
			"faces": {
				"north": {"uv": [13, 0, 16, 3], "texture": "#1"},
				"east": {"uv": [13, 0, 16, 3], "texture": "#1"},
				"south": {"uv": [13, 0, 16, 3], "texture": "#1"},
				"west": {"uv": [13, 0, 16, 3], "texture": "#1"},
				"up": {"uv": [13, 3, 16, 6], "texture": "#1"},
				"down": {"uv": [13, 3, 16, 6], "texture": "#1"}
			}
		},
		{
			"from": [2.5, 12, 6.5],
			"to": [5.5, 15, 9.5],
			"shade": false,
			"faces": {
				"north": {"uv": [13, 0, 16, 3], "texture": "#1"},
				"east": {"uv": [13, 0, 16, 3], "texture": "#1"},
				"south": {"uv": [13, 0, 16, 3], "texture": "#1"},
				"west": {"uv": [13, 0, 16, 3], "texture": "#1"},
				"up": {"uv": [13, 3, 16, 6], "texture": "#1"},
				"down": {"uv": [13, 3, 16, 6], "texture": "#1"}
			}
		},
		{
			"from": [9.30324, 11, 1.19667],
			"to": [12.30324, 14, 4.19667],
			"shade": false,
			"rotation": {"angle": -22.5, "axis": "y", "origin": [12.94969, 9, 1.8432]},
			"faces": {
				"north": {"uv": [13, 0, 16, 3], "texture": "#1"},
				"east": {"uv": [13, 0, 16, 3], "texture": "#1"},
				"south": {"uv": [13, 0, 16, 3], "texture": "#1"},
				"west": {"uv": [13, 0, 16, 3], "texture": "#1"},
				"up": {"uv": [13, 3, 16, 6], "rotation": 270, "texture": "#1"},
				"down": {"uv": [13, 3, 16, 6], "rotation": 90, "texture": "#1"}
			}
		},
		{
			"from": [3.25, 10, 11.5],
			"to": [6.25, 13, 14.5],
			"shade": false,
			"rotation": {"angle": 45, "axis": "y", "origin": [5, 11.5, 12]},
			"faces": {
				"north": {"uv": [13, 0, 16, 3], "texture": "#1"},
				"east": {"uv": [13, 0, 16, 3], "texture": "#1"},
				"south": {"uv": [13, 0, 16, 3], "texture": "#1"},
				"west": {"uv": [13, 0, 16, 3], "texture": "#1"},
				"up": {"uv": [13, 3, 16, 6], "texture": "#1"},
				"down": {"uv": [13, 3, 16, 6], "texture": "#1"}
			}
		},
		{
			"from": [12.25, 12, 5.5],
			"to": [15.25, 15, 8.5],
			"shade": false,
			"faces": {
				"north": {"uv": [13, 0, 16, 3], "texture": "#1"},
				"east": {"uv": [13, 0, 16, 3], "texture": "#1"},
				"south": {"uv": [13, 0, 16, 3], "texture": "#1"},
				"west": {"uv": [13, 0, 16, 3], "texture": "#1"},
				"up": {"uv": [13, 3, 16, 6], "texture": "#1"},
				"down": {"uv": [13, 3, 16, 6], "texture": "#1"}
			}
		},
		{
			"from": [10.25, 10, 8.5],
			"to": [13.25, 13, 11.5],
			"shade": false,
			"rotation": {"angle": -45, "axis": "y", "origin": [9.75, 11.5, 10]},
			"faces": {
				"north": {"uv": [13, 0, 16, 3], "texture": "#1"},
				"east": {"uv": [13, 0, 16, 3], "texture": "#1"},
				"south": {"uv": [13, 0, 16, 3], "texture": "#1"},
				"west": {"uv": [13, 0, 16, 3], "texture": "#1"},
				"up": {"uv": [13, 3, 16, 6], "texture": "#1"},
				"down": {"uv": [13, 3, 16, 6], "texture": "#1"}
			}
		}
	]
}