{
	"credit": "Made with Blockbench",
	"parent": "minecraft:block/cross",
	"textures": {
		"1": "block/poppy/poppy_model_1",
		"particle": "block/poppy/poppy_model_1"
	},
	"elements": [
		{
			"from": [9, 0, 7],
			"to": [10, 6, 8],
			"shade": false,
			"rotation": {"angle": 0, "axis": "y", "origin": [1, 0, 0]},
			"faces": {
				"north": {"uv": [0, 0, 1, 6], "texture": "#1"},
				"east": {"uv": [1, 0, 2, 6], "texture": "#1"},
				"south": {"uv": [2, 0, 3, 6], "texture": "#1"},
				"west": {"uv": [3, 0, 4, 6], "texture": "#1"},
				"up": {"uv": [4, 10, 3, 9], "texture": "#1"},
				"down": {"uv": [10, 10, 9, 11], "texture": "#1"}
			}
		},
		{
			"from": [6, 1, 7.5],
			"to": [9, 3, 7.5],
			"shade": false,
			"rotation": {"angle": 0, "axis": "y", "origin": [1, 0, 0]},
			"faces": {
				"north": {"uv": [4, 8, 7, 10], "texture": "#1"},
				"east": {"uv": [0, 0, 0, 2], "texture": "#1"},
				"south": {"uv": [7, 8, 10, 10], "texture": "#1"},
				"west": {"uv": [0, 0, 0, 2], "texture": "#1"},
				"up": {"uv": [3, 0, 0, 0], "texture": "#1"},
				"down": {"uv": [3, 0, 0, 0], "texture": "#1"}
			}
		},
		{
			"from": [9.5, 1, 4],
			"to": [9.5, 3, 7],
			"shade": false,
			"rotation": {"angle": 0, "axis": "y", "origin": [7.5, 2, 7.5]},
			"faces": {
				"north": {"uv": [0, 0, 0, 2], "texture": "#1"},
				"east": {"uv": [0, 9, 3, 11], "texture": "#1"},
				"south": {"uv": [0, 0, 0, 2], "texture": "#1"},
				"west": {"uv": [9, 0, 12, 2], "texture": "#1"},
				"up": {"uv": [0, 3, 0, 0], "texture": "#1"},
				"down": {"uv": [0, 0, 0, 3], "texture": "#1"}
			}
		},
		{
			"from": [10, 1, 7.5],
			"to": [12, 2, 7.5],
			"shade": false,
			"rotation": {"angle": 0, "axis": "y", "origin": [1, 0, 0]},
			"faces": {
				"north": {"uv": [3, 10, 5, 11], "texture": "#1"},
				"east": {"uv": [0, 0, 0, 1], "texture": "#1"},
				"south": {"uv": [5, 10, 7, 11], "texture": "#1"},
				"west": {"uv": [0, 0, 0, 1], "texture": "#1"},
				"up": {"uv": [2, 0, 0, 0], "texture": "#1"},
				"down": {"uv": [2, 0, 0, 0], "texture": "#1"}
			}
		},
		{
			"from": [9.5, 1, 8],
			"to": [9.5, 2, 10],
			"shade": false,
			"rotation": {"angle": 0, "axis": "y", "origin": [14, 1.5, 7.5]},
			"faces": {
				"north": {"uv": [0, 0, 0, 1], "texture": "#1"},
				"east": {"uv": [7, 10, 9, 11], "texture": "#1"},
				"south": {"uv": [0, 0, 0, 1], "texture": "#1"},
				"west": {"uv": [10, 8, 12, 9], "texture": "#1"},
				"up": {"uv": [0, 2, 0, 0], "texture": "#1"},
				"down": {"uv": [0, 0, 0, 2], "texture": "#1"}
			}
		},
		{
			"from": [8.5, 6, 6.5],
			"to": [10.5, 6.5, 8.5],
			"shade": false,
			"rotation": {"angle": 0, "axis": "y", "origin": [1, 0, 0]},
			"faces": {
				"north": {"uv": [7, 3, 9, 4], "texture": "#1"},
				"east": {"uv": [4, 7, 6, 8], "texture": "#1"},
				"south": {"uv": [9, 6, 11, 7], "texture": "#1"},
				"west": {"uv": [9, 7, 11, 8], "texture": "#1"},
				"up": {"uv": [11, 4, 9, 2], "texture": "#1"},
				"down": {"uv": [11, 4, 9, 6], "texture": "#1"}
			}
		},
		{
			"from": [8, 5.8, 8.5],
			"to": [11, 5.8, 11.5],
			"shade": false,
			"rotation": {"angle": -22.5, "axis": "x", "origin": [11.5, 6, 7.5]},
			"faces": {
				"north": {"uv": [3, 16, 0, 13], "rotation": 270, "texture": "#1"},
				"east": {"uv": [3, 16, 0, 13], "rotation": 270, "texture": "#1"},
				"south": {"uv": [3, 16, 0, 13], "rotation": 270, "texture": "#1"},
				"west": {"uv": [3, 16, 0, 13], "rotation": 270, "texture": "#1"},
				"up": {"uv": [3, 16, 0, 13], "rotation": 270, "texture": "#1"},
				"down": {"uv": [3, 13, 0, 16], "rotation": 90, "texture": "#1"}
			}
		},
		{
			"from": [8, 5.8, 3.5],
			"to": [11, 5.8, 6.5],
			"shade": false,
			"rotation": {"angle": 22.5, "axis": "x", "origin": [11.5, 6, 7.5]},
			"faces": {
				"north": {"uv": [3, 16, 0, 13], "rotation": 90, "texture": "#1"},
				"east": {"uv": [3, 16, 0, 13], "rotation": 90, "texture": "#1"},
				"south": {"uv": [3, 16, 0, 13], "rotation": 90, "texture": "#1"},
				"west": {"uv": [3, 16, 0, 13], "rotation": 90, "texture": "#1"},
				"up": {"uv": [3, 16, 0, 13], "rotation": 90, "texture": "#1"},
				"down": {"uv": [3, 13, 0, 16], "rotation": 270, "texture": "#1"}
			}
		},
		{
			"from": [10.5, 6.5, 6],
			"to": [13.5, 6.5, 9],
			"shade": false,
			"rotation": {"angle": 22.5, "axis": "z", "origin": [11.5, 6, 7.5]},
			"faces": {
				"north": {"uv": [3, 16, 0, 13], "rotation": 180, "texture": "#1"},
				"east": {"uv": [3, 16, 0, 13], "rotation": 180, "texture": "#1"},
				"south": {"uv": [3, 16, 0, 13], "rotation": 180, "texture": "#1"},
				"west": {"uv": [3, 16, 0, 13], "rotation": 180, "texture": "#1"},
				"up": {"uv": [3, 16, 0, 13], "rotation": 180, "texture": "#1"},
				"down": {"uv": [3, 13, 0, 16], "rotation": 180, "texture": "#1"}
			}
		},
		{
			"from": [5.5, 6.5, 6],
			"to": [8.5, 6.5, 9],
			"shade": false,
			"rotation": {"angle": -22.5, "axis": "z", "origin": [7.5, 6, 7.5]},
			"faces": {
				"north": {"uv": [3, 16, 0, 13], "texture": "#1"},
				"east": {"uv": [3, 16, 0, 13], "texture": "#1"},
				"south": {"uv": [3, 16, 0, 13], "texture": "#1"},
				"west": {"uv": [3, 16, 0, 13], "texture": "#1"},
				"up": {"uv": [3, 16, 0, 13], "texture": "#1"},
				"down": {"uv": [3, 13, 0, 16], "texture": "#1"}
			}
		},
		{
			"from": [4, 0, 5],
			"to": [5, 4, 6],
			"shade": false,
			"rotation": {"angle": 0, "axis": "y", "origin": [-4, 0, 1]},
			"faces": {
				"north": {"uv": [0, 2, 1, 6], "texture": "#1"},
				"east": {"uv": [1, 2, 2, 6], "texture": "#1"},
				"south": {"uv": [2, 2, 3, 6], "texture": "#1"},
				"west": {"uv": [3, 2, 4, 6], "texture": "#1"},
				"up": {"uv": [4, 10, 3, 9], "texture": "#1"},
				"down": {"uv": [10, 10, 9, 11], "texture": "#1"}
			}
		},
		{
			"from": [6, 0, 11],
			"to": [7, 2, 12],
			"shade": false,
			"rotation": {"angle": 0, "axis": "y", "origin": [-3, 0, 7]},
			"faces": {
				"north": {"uv": [0, 4, 1, 6], "texture": "#1"},
				"east": {"uv": [1, 4, 2, 6], "texture": "#1"},
				"south": {"uv": [2, 4, 3, 6], "texture": "#1"},
				"west": {"uv": [3, 4, 4, 6], "texture": "#1"},
				"up": {"uv": [4, 10, 3, 9], "texture": "#1"},
				"down": {"uv": [10, 10, 9, 11], "texture": "#1"}
			}
		},
		{
			"from": [4, 4, 5],
			"to": [5, 4.5, 6],
			"shade": false,
			"rotation": {"angle": 0, "axis": "y", "origin": [-4.5, -2, -2.5]},
			"faces": {
				"north": {"uv": [10, 3, 9, 2], "texture": "#1"},
				"east": {"uv": [10, 3, 9, 2], "texture": "#1"},
				"south": {"uv": [10, 3, 9, 2], "texture": "#1"},
				"west": {"uv": [10, 3, 9, 2], "texture": "#1"},
				"up": {"uv": [10, 3, 9, 2], "texture": "#1"},
				"down": {"uv": [10, 3, 9, 2], "texture": "#1"}
			}
		},
		{
			"from": [6, 2, 11],
			"to": [7, 2.5, 12],
			"shade": false,
			"rotation": {"angle": 0, "axis": "y", "origin": [-3.5, -2, 3.5]},
			"faces": {
				"north": {"uv": [10, 3, 9, 2], "texture": "#1"},
				"east": {"uv": [10, 3, 9, 2], "texture": "#1"},
				"south": {"uv": [10, 3, 9, 2], "texture": "#1"},
				"west": {"uv": [10, 3, 9, 2], "texture": "#1"},
				"up": {"uv": [10, 3, 9, 2], "texture": "#1"},
				"down": {"uv": [10, 3, 9, 2], "texture": "#1"}
			}
		},
		{
			"from": [4, 4.05, 2.25],
			"to": [5, 4.05, 5.25],
			"shade": false,
			"rotation": {"angle": 22.5, "axis": "x", "origin": [6, 4, 5]},
			"faces": {
				"north": {"uv": [3, 16, 0, 13], "rotation": 90, "texture": "#1"},
				"east": {"uv": [3, 16, 0, 13], "rotation": 90, "texture": "#1"},
				"south": {"uv": [3, 16, 0, 13], "rotation": 90, "texture": "#1"},
				"west": {"uv": [3, 16, 0, 13], "rotation": 90, "texture": "#1"},
				"up": {"uv": [12, 15, 9, 14], "rotation": 90, "texture": "#1"},
				"down": {"uv": [3, 13, 0, 14], "rotation": 270, "texture": "#1"}
			}
		},
		{
			"from": [6, 2.3, 10],
			"to": [7, 2.3, 11],
			"shade": false,
			"rotation": {"angle": 0, "axis": "x", "origin": [7, 4, 11]},
			"faces": {
				"north": {"uv": [3, 16, 0, 13], "rotation": 90, "texture": "#1"},
				"east": {"uv": [3, 16, 0, 13], "rotation": 90, "texture": "#1"},
				"south": {"uv": [3, 16, 0, 13], "rotation": 90, "texture": "#1"},
				"west": {"uv": [3, 16, 0, 13], "rotation": 90, "texture": "#1"},
				"up": {"uv": [2, 16, 1, 15], "rotation": 90, "texture": "#1"},
				"down": {"uv": [3, 13, 0, 14], "rotation": 270, "texture": "#1"}
			}
		},
		{
			"from": [6, 2.3, 12],
			"to": [7, 2.3, 13],
			"shade": false,
			"rotation": {"angle": 0, "axis": "x", "origin": [7, 4, 11]},
			"faces": {
				"north": {"uv": [3, 16, 0, 13], "rotation": 90, "texture": "#1"},
				"east": {"uv": [3, 16, 0, 13], "rotation": 90, "texture": "#1"},
				"south": {"uv": [3, 16, 0, 13], "rotation": 90, "texture": "#1"},
				"west": {"uv": [3, 16, 0, 13], "rotation": 90, "texture": "#1"},
				"up": {"uv": [1, 14, 0, 13], "rotation": 90, "texture": "#1"},
				"down": {"uv": [3, 13, 0, 14], "rotation": 270, "texture": "#1"}
			}
		},
		{
			"from": [5, 2.3, 11],
			"to": [6, 2.3, 12],
			"shade": false,
			"rotation": {"angle": 0, "axis": "x", "origin": [7, 4, 11]},
			"faces": {
				"north": {"uv": [3, 16, 0, 13], "rotation": 90, "texture": "#1"},
				"east": {"uv": [3, 16, 0, 13], "rotation": 90, "texture": "#1"},
				"south": {"uv": [3, 16, 0, 13], "rotation": 90, "texture": "#1"},
				"west": {"uv": [3, 16, 0, 13], "rotation": 90, "texture": "#1"},
				"up": {"uv": [2, 14, 1, 13], "rotation": 90, "texture": "#1"},
				"down": {"uv": [3, 13, 0, 14], "rotation": 270, "texture": "#1"}
			}
		},
		{
			"from": [7, 2.3, 11],
			"to": [8, 2.3, 12],
			"shade": false,
			"rotation": {"angle": 0, "axis": "x", "origin": [7, 4, 11]},
			"faces": {
				"north": {"uv": [3, 16, 0, 13], "rotation": 90, "texture": "#1"},
				"east": {"uv": [3, 16, 0, 13], "rotation": 90, "texture": "#1"},
				"south": {"uv": [3, 16, 0, 13], "rotation": 90, "texture": "#1"},
				"west": {"uv": [3, 16, 0, 13], "rotation": 90, "texture": "#1"},
				"up": {"uv": [1, 15, 0, 14], "rotation": 90, "texture": "#1"},
				"down": {"uv": [3, 13, 0, 14], "rotation": 270, "texture": "#1"}
			}
		},
		{
			"from": [4.75, 4.62022, 3.98331],
			"to": [7.75, 4.62022, 6.98331],
			"shade": false,
			"rotation": {"angle": 22.5, "axis": "z", "origin": [6.5, 4.62022, 5.63331]},
			"faces": {
				"north": {"uv": [3, 16, 0, 13], "rotation": 90, "texture": "#1"},
				"east": {"uv": [3, 16, 0, 13], "rotation": 90, "texture": "#1"},
				"south": {"uv": [3, 16, 0, 13], "rotation": 90, "texture": "#1"},
				"west": {"uv": [3, 16, 0, 13], "rotation": 90, "texture": "#1"},
				"up": {"uv": [16, 16, 13, 13], "rotation": 180, "texture": "#1"},
				"down": {"uv": [3, 13, 0, 14], "rotation": 180, "texture": "#1"}
			}
		},
		{
			"from": [1.11903, 4.62455, 3.98331],
			"to": [4.11903, 4.62455, 6.98331],
			"shade": false,
			"rotation": {"angle": -22.5, "axis": "z", "origin": [2.51903, 4.52455, 5.63331]},
			"faces": {
				"north": {"uv": [3, 16, 0, 13], "rotation": 90, "texture": "#1"},
				"east": {"uv": [3, 16, 0, 13], "rotation": 90, "texture": "#1"},
				"south": {"uv": [3, 16, 0, 13], "rotation": 90, "texture": "#1"},
				"west": {"uv": [3, 16, 0, 13], "rotation": 90, "texture": "#1"},
				"up": {"uv": [16, 16, 13, 13], "texture": "#1"},
				"down": {"uv": [3, 13, 0, 14], "texture": "#1"}
			}
		},
		{
			"from": [4, 4.46948, 5.41707],
			"to": [5, 4.46948, 8.41707],
			"shade": false,
			"rotation": {"angle": -22.5, "axis": "x", "origin": [4.5, 5.04448, 6.99207]},
			"faces": {
				"north": {"uv": [3, 16, 0, 13], "rotation": 270, "texture": "#1"},
				"east": {"uv": [3, 16, 0, 13], "rotation": 270, "texture": "#1"},
				"south": {"uv": [3, 16, 0, 13], "rotation": 270, "texture": "#1"},
				"west": {"uv": [3, 16, 0, 13], "rotation": 270, "texture": "#1"},
				"up": {"uv": [12, 14, 9, 15], "rotation": 270, "texture": "#1"},
				"down": {"uv": [3, 14, 0, 13], "rotation": 90, "texture": "#1"}
			}
		}
	]
}