{
	"credit": "Made with Blockbench",
	"textures": {
		"0": "block/lantern",
		"particle": "block/lantern"
	},
	"elements": [
		{
			"from": [5, 0.125, 5],
			"to": [11, 9.05, 11],
			"shade": false,
			"rotation": {"angle": 0, "axis": "y", "origin": [0, 0.075, 0]},
			"faces": {
				"north": {"uv": [10, 0, 16, 8.95], "texture": "#0"},
				"east": {"uv": [10, 0, 16, 8.95], "texture": "#0"},
				"south": {"uv": [10, 0, 16, 8.95], "texture": "#0"},
				"west": {"uv": [10, 0, 16, 8.95], "texture": "#0"},
				"up": {"uv": [0, 9, 6, 15], "texture": "#0"},
				"down": {"uv": [0, 9, 6, 15], "texture": "#0", "cullface": "down"}
			}
		},
		{
			"from": [6.5, 9.075, 8],
			"to": [9.5, 11.075, 8],
			"shade": false,
			"rotation": {"angle": 45, "axis": "y", "origin": [8, 8.075, 8]},
			"faces": {
				"north": {"uv": [14, 10, 11, 12], "texture": "#0"},
				"east": {"uv": [0, 0, 0, 0], "texture": "#0"},
				"south": {"uv": [11, 10, 14, 12], "texture": "#0"},
				"west": {"uv": [0, 0, 0, 0], "texture": "#0"},
				"up": {"uv": [0, 0, 0, 0], "texture": "#0"},
				"down": {"uv": [0, 0, 0, 0], "texture": "#0"}
			}
		},
		{
			"from": [8, 9.075, 6.5],
			"to": [8, 11.075, 9.5],
			"shade": false,
			"rotation": {"angle": 45, "axis": "y", "origin": [8, 8.075, 8]},
			"faces": {
				"north": {"uv": [0, 0, 0, 0], "texture": "#0"},
				"east": {"uv": [11, 10, 14, 12], "texture": "#0"},
				"south": {"uv": [0, 0, 0, 0], "texture": "#0"},
				"west": {"uv": [14, 10, 11, 12], "texture": "#0"},
				"up": {"uv": [0, 0, 0, 0], "texture": "#0"},
				"down": {"uv": [0, 0, 0, 0], "texture": "#0"}
			}
		},
		{
			"from": [4, 0.075, 4],
			"to": [4, 3.075, 12],
			"shade": false,
			"rotation": {"angle": 0, "axis": "y", "origin": [0, 0.075, 0]},
			"faces": {
				"north": {"uv": [8, 14, 16, 16], "texture": "#0"},
				"east": {"uv": [8, 14, 16, 16], "texture": "#0"},
				"south": {"uv": [8, 14, 16, 16], "texture": "#0"},
				"west": {"uv": [8, 13, 16, 16], "texture": "#0"},
				"up": {"uv": [8, 14, 16, 16], "texture": "#0"},
				"down": {"uv": [8, 14, 16, 16], "texture": "#0"}
			}
		},
		{
			"from": [12, 0.075, 4],
			"to": [12, 3.075, 12],
			"shade": false,
			"rotation": {"angle": 0, "axis": "y", "origin": [0, 0.075, 0]},
			"faces": {
				"north": {"uv": [8, 14, 16, 16], "texture": "#0"},
				"east": {"uv": [8, 13, 16, 16], "texture": "#0"},
				"south": {"uv": [8, 14, 16, 16], "texture": "#0"},
				"west": {"uv": [8, 14, 16, 16], "texture": "#0"},
				"up": {"uv": [8, 14, 16, 16], "texture": "#0"},
				"down": {"uv": [8, 14, 16, 16], "texture": "#0"}
			}
		},
		{
			"from": [12, 6.075, 4],
			"to": [12, 9.075, 12],
			"shade": false,
			"rotation": {"angle": 0, "axis": "y", "origin": [0, 0.075, 0]},
			"faces": {
				"north": {"uv": [8, 16, 16, 13], "texture": "#0"},
				"east": {"uv": [8, 16, 16, 13], "texture": "#0"},
				"south": {"uv": [8, 16, 16, 13], "texture": "#0"},
				"west": {"uv": [8, 16, 16, 13], "texture": "#0"},
				"up": {"uv": [8, 16, 16, 13], "texture": "#0"},
				"down": {"uv": [8, 16, 16, 13], "texture": "#0"}
			}
		},
		{
			"from": [4, 6.075, 4],
			"to": [4, 9.075, 12],
			"shade": false,
			"rotation": {"angle": 0, "axis": "y", "origin": [0, 0.075, 0]},
			"faces": {
				"north": {"uv": [8, 16, 16, 13], "texture": "#0"},
				"east": {"uv": [8, 16, 16, 13], "texture": "#0"},
				"south": {"uv": [8, 16, 16, 13], "texture": "#0"},
				"west": {"uv": [8, 16, 16, 13], "texture": "#0"},
				"up": {"uv": [8, 16, 16, 13], "texture": "#0"},
				"down": {"uv": [8, 16, 16, 13], "texture": "#0"}
			}
		},
		{
			"from": [4, 0.075, 12],
			"to": [12, 3.075, 12],
			"shade": false,
			"rotation": {"angle": 0, "axis": "y", "origin": [12, 1.075, 8]},
			"faces": {
				"north": {"uv": [8, 14, 16, 16], "texture": "#0"},
				"east": {"uv": [8, 14, 16, 16], "texture": "#0"},
				"south": {"uv": [8, 13, 16, 16], "texture": "#0"},
				"west": {"uv": [8, 14, 16, 16], "texture": "#0"},
				"up": {"uv": [8, 14, 16, 16], "texture": "#0"},
				"down": {"uv": [8, 14, 16, 16], "texture": "#0"}
			}
		},
		{
			"from": [4, 6.075, 12],
			"to": [12, 9.075, 12],
			"shade": false,
			"rotation": {"angle": 0, "axis": "y", "origin": [12, 1.075, 8]},
			"faces": {
				"north": {"uv": [8, 16, 16, 13], "texture": "#0"},
				"east": {"uv": [8, 16, 16, 13], "texture": "#0"},
				"south": {"uv": [8, 16, 16, 13], "texture": "#0"},
				"west": {"uv": [8, 16, 16, 13], "texture": "#0"},
				"up": {"uv": [8, 16, 16, 13], "texture": "#0"},
				"down": {"uv": [8, 16, 16, 13], "texture": "#0"}
			}
		},
		{
			"from": [4, 6.075, 4],
			"to": [12, 9.075, 4],
			"shade": false,
			"rotation": {"angle": 0, "axis": "y", "origin": [12, 1.075, 8]},
			"faces": {
				"north": {"uv": [8, 16, 16, 13], "texture": "#0"},
				"east": {"uv": [8, 16, 16, 13], "texture": "#0"},
				"south": {"uv": [8, 16, 16, 13], "texture": "#0"},
				"west": {"uv": [8, 16, 16, 13], "texture": "#0"},
				"up": {"uv": [8, 16, 16, 13], "texture": "#0"},
				"down": {"uv": [8, 16, 16, 13], "texture": "#0"}
			}
		},
		{
			"from": [4, 0.075, 4],
			"to": [12, 3.075, 4],
			"shade": false,
			"rotation": {"angle": 0, "axis": "y", "origin": [12, 1.075, 8]},
			"faces": {
				"north": {"uv": [8, 13, 16, 16], "texture": "#0"},
				"east": {"uv": [8, 14, 16, 16], "texture": "#0"},
				"south": {"uv": [8, 14, 16, 16], "texture": "#0"},
				"west": {"uv": [8, 14, 16, 16], "texture": "#0"},
				"up": {"uv": [8, 14, 16, 16], "texture": "#0"},
				"down": {"uv": [8, 14, 16, 16], "texture": "#0"}
			}
		},
		{
			"from": [4, 0.075, 4],
			"to": [12, 0.075, 12],
			"shade": false,
			"rotation": {"angle": 0, "axis": "y", "origin": [8, 1.075, 5]},
			"faces": {
				"north": {"uv": [0, 9, 7, 16], "rotation": 180, "texture": "#0"},
				"east": {"uv": [0, 9, 7, 16], "rotation": 180, "texture": "#0"},
				"south": {"uv": [0, 9, 7, 16], "rotation": 180, "texture": "#0"},
				"west": {"uv": [0, 9, 7, 16], "rotation": 180, "texture": "#0"},
				"up": {"uv": [0, 9, 7, 16], "rotation": 180, "texture": "#0"},
				"down": {"uv": [0, 9, 7, 16], "rotation": 180, "texture": "#0"}
			}
		},
		{
			"from": [4, 9.075, 4],
			"to": [12, 9.075, 12],
			"shade": false,
			"rotation": {"angle": 0, "axis": "y", "origin": [8, 1.075, 5]},
			"faces": {
				"north": {"uv": [0, 9, 7, 16], "rotation": 180, "texture": "#0"},
				"east": {"uv": [0, 9, 7, 16], "rotation": 180, "texture": "#0"},
				"south": {"uv": [0, 9, 7, 16], "rotation": 180, "texture": "#0"},
				"west": {"uv": [0, 9, 7, 16], "rotation": 180, "texture": "#0"},
				"up": {"uv": [0, 9, 7, 16], "rotation": 180, "texture": "#0"},
				"down": {"uv": [0, 9, 7, 16], "rotation": 180, "texture": "#0"}
			}
		}
	],
	"gui_light": "front",
	"display": {
		"thirdperson_righthand": {
			"rotation": [67, 0, 0],
			"translation": [0, -1.5, -1.5],
			"scale": [0.73, 0.73, 0.73]
		},
		"thirdperson_lefthand": {
			"rotation": [67, 0, 0],
			"translation": [0, -1.5, -1.5],
			"scale": [0.71, 0.71, 0.71]
		},
		"firstperson_righthand": {
			"translation": [1.5, 2, 0.5],
			"scale": [0.51, 0.51, 0.51]
		},
		"firstperson_lefthand": {
			"translation": [1.5, 2, 0.5],
			"scale": [0.5, 0.5, 0.5]
		},
		"ground": {
			"translation": [0, 2.25, 0],
			"scale": [0.74, 0.74, 0.74]
		},
		"gui": {
			"rotation": [30, 225, 0],
			"translation": [0, 1.75, 0],
			"scale": [0.81, 0.81, 0.81]
		},
		"fixed": {
			"translation": [0, 2.5, 0]
		}
	}
}