{
	"credit": "Made with Blockbench",
	"ambientocclusion": false,
	"texture_size": [64, 64],
	"textures": {
		"1": "block/grass_model",
		"particle": "block/grass_model"
	},
	"elements": [
		{
			"from": [12, 0, 11],
			"to": [12, 12, 15],
			"shade": false,
			"rotation": {"angle": 0, "axis": "y", "origin": [12.5, 6, 5.5]},
			"faces": {
				"north": {"uv": [6, 3.25, 5, 6.25], "texture": "#1", "tintindex": 0},
				"east": {"uv": [6, 3.25, 5, 6.25], "texture": "#1", "tintindex": 0},
				"south": {"uv": [6, 3.25, 5, 6.25], "texture": "#1", "tintindex": 0},
				"west": {"uv": [5, 3.25, 6, 6.25], "texture": "#1", "tintindex": 0},
				"up": {"uv": [6, 3.25, 5, 6.25], "texture": "#1", "tintindex": 0},
				"down": {"uv": [6, 3.25, 5, 6.25], "texture": "#1", "tintindex": 0}
			}
		},
		{
			"from": [11, 0, 12],
			"to": [15, 12, 12],
			"shade": false,
			"rotation": {"angle": 0, "axis": "y", "origin": [12.5, 6, 5.5]},
			"faces": {
				"north": {"uv": [6, 3.25, 5, 6.25], "texture": "#1", "tintindex": 0},
				"east": {"uv": [5, 3.25, 6, 6.25], "texture": "#1", "tintindex": 0},
				"south": {"uv": [5, 3.25, 6, 6.25], "texture": "#1", "tintindex": 0},
				"west": {"uv": [5, 3.25, 6, 6.25], "texture": "#1", "tintindex": 0},
				"up": {"uv": [5, 3.25, 6, 6.25], "texture": "#1", "tintindex": 0},
				"down": {"uv": [5, 3.25, 6, 6.25], "texture": "#1", "tintindex": 0}
			}
		},
		{
			"from": [1, 0, 12.5],
			"to": [5, 12, 12.5],
			"shade": false,
			"rotation": {"angle": 0, "axis": "y", "origin": [3.5, 6, 12.5]},
			"faces": {
				"north": {"uv": [6.25, 3.25, 7.25, 6.25], "texture": "#1", "tintindex": 0},
				"east": {"uv": [7.25, 3.25, 6.25, 6.25], "texture": "#1", "tintindex": 0},
				"south": {"uv": [7.25, 3.25, 6.25, 6.25], "texture": "#1", "tintindex": 0},
				"west": {"uv": [7.25, 3.25, 6.25, 6.25], "texture": "#1", "tintindex": 0},
				"up": {"uv": [7.25, 3.25, 6.25, 6.25], "texture": "#1", "tintindex": 0},
				"down": {"uv": [7.25, 3.25, 6.25, 6.25], "texture": "#1", "tintindex": 0}
			}
		},
		{
			"from": [4, 0, 11.5],
			"to": [4, 12, 15.5],
			"shade": false,
			"rotation": {"angle": 0, "axis": "y", "origin": [3.5, 6, 12.5]},
			"faces": {
				"north": {"uv": [5, 3.25, 6, 6.25], "texture": "#1", "tintindex": 0},
				"east": {"uv": [6, 3.25, 5, 6.25], "texture": "#1", "tintindex": 0},
				"south": {"uv": [5, 3.25, 6, 6.25], "texture": "#1", "tintindex": 0},
				"west": {"uv": [6.25, 3.25, 7.25, 6.25], "texture": "#1", "tintindex": 0},
				"up": {"uv": [5, 3.25, 6, 6.25], "texture": "#1", "tintindex": 0},
				"down": {"uv": [5, 3.25, 6, 6.25], "texture": "#1", "tintindex": 0}
			}
		},
		{
			"from": [0, 0, 4],
			"to": [4, 12, 4],
			"shade": false,
			"rotation": {"angle": 0, "axis": "y", "origin": [3.5, 6, 3.5]},
			"faces": {
				"north": {"uv": [5, 3.25, 6, 6.25], "texture": "#1", "tintindex": 0},
				"east": {"uv": [5, 3.25, 6, 6.25], "texture": "#1", "tintindex": 0},
				"south": {"uv": [6, 3.25, 5, 6.25], "texture": "#1", "tintindex": 0},
				"west": {"uv": [5, 3.25, 6, 6.25], "texture": "#1", "tintindex": 0},
				"up": {"uv": [6, 6.25, 5, 3.25], "texture": "#1", "tintindex": 0},
				"down": {"uv": [6, 6.25, 5, 3.25], "texture": "#1", "tintindex": 0}
			}
		},
		{
			"from": [3, 0, 1],
			"to": [3, 12, 5],
			"shade": false,
			"rotation": {"angle": 0, "axis": "y", "origin": [3.5, 6, 3.5]},
			"faces": {
				"north": {"uv": [6, 3.25, 5, 6.25], "texture": "#1", "tintindex": 0},
				"east": {"uv": [5, 3.25, 6, 6.25], "texture": "#1", "tintindex": 0},
				"south": {"uv": [6, 3.25, 5, 6.25], "texture": "#1", "tintindex": 0},
				"west": {"uv": [6, 3.25, 5, 6.25], "texture": "#1", "tintindex": 0},
				"up": {"uv": [5, 6.25, 6, 3.25], "texture": "#1", "tintindex": 0},
				"down": {"uv": [5, 6.25, 6, 3.25], "texture": "#1", "tintindex": 0}
			}
		},
		{
			"from": [12, 0, 3],
			"to": [16, 12, 3],
			"shade": false,
			"rotation": {"angle": 0, "axis": "y", "origin": [12.5, 6, 3.5]},
			"faces": {
				"north": {"uv": [6, 3.25, 5, 6.25], "texture": "#1", "tintindex": 0},
				"east": {"uv": [6, 3.25, 5, 6.25], "texture": "#1", "tintindex": 0},
				"south": {"uv": [5, 3.25, 6, 6.25], "texture": "#1", "tintindex": 0},
				"west": {"uv": [6, 3.25, 5, 6.25], "texture": "#1", "tintindex": 0},
				"up": {"uv": [5, 6.25, 6, 3.25], "texture": "#1", "tintindex": 0},
				"down": {"uv": [5, 6.25, 6, 3.25], "texture": "#1", "tintindex": 0}
			}
		},
		{
			"from": [13, 0, 0],
			"to": [13, 12, 4],
			"shade": false,
			"rotation": {"angle": 0, "axis": "y", "origin": [12.5, 6, 3.5]},
			"faces": {
				"north": {"uv": [5, 3.25, 6, 6.25], "texture": "#1", "tintindex": 0},
				"east": {"uv": [5, 3.25, 6, 6.25], "texture": "#1", "tintindex": 0},
				"south": {"uv": [5, 3.25, 6, 6.25], "texture": "#1", "tintindex": 0},
				"west": {"uv": [6, 3.25, 5, 6.25], "texture": "#1", "tintindex": 0},
				"up": {"uv": [6, 6.25, 5, 3.25], "texture": "#1", "tintindex": 0},
				"down": {"uv": [6, 6.25, 5, 3.25], "texture": "#1", "tintindex": 0}
			}
		},
		{
			"from": [2.64232, 0, 8.40533],
			"to": [6.64232, 12, 8.40533],
			"shade": false,
			"rotation": {"angle": 45, "axis": "y", "origin": [4.95866, 6, 8.03516]},
			"faces": {
				"north": {"uv": [2.5, 9.75, 3.5, 12.75], "texture": "#1", "tintindex": 0},
				"east": {"uv": [2.5, 9.75, 3.5, 12.75], "texture": "#1", "tintindex": 0},
				"south": {"uv": [3.5, 9.75, 2.5, 12.75], "texture": "#1", "tintindex": 0},
				"west": {"uv": [2.5, 9.75, 3.5, 12.75], "texture": "#1", "tintindex": 0},
				"up": {"uv": [2.5, 9.75, 3.5, 12.75], "texture": "#1", "tintindex": 0},
				"down": {"uv": [2.5, 9.75, 3.5, 12.75], "texture": "#1", "tintindex": 0}
			}
		},
		{
			"from": [2.58849, 0, 7.71882],
			"to": [6.58849, 12, 7.71882],
			"shade": false,
			"rotation": {"angle": -45, "axis": "y", "origin": [4.95866, 6, 8.03516]},
			"faces": {
				"north": {"uv": [2.5, 9.75, 3.5, 12.75], "texture": "#1", "tintindex": 0},
				"east": {"uv": [3.5, 9.75, 2.5, 12.75], "texture": "#1", "tintindex": 0},
				"south": {"uv": [3.5, 9.75, 2.5, 12.75], "texture": "#1", "tintindex": 0},
				"west": {"uv": [3.5, 9.75, 2.5, 12.75], "texture": "#1", "tintindex": 0},
				"up": {"uv": [3.5, 9.75, 2.5, 12.75], "texture": "#1", "tintindex": 0},
				"down": {"uv": [3.5, 9.75, 2.5, 12.75], "texture": "#1", "tintindex": 0}
			}
		},
		{
			"from": [9.81151, 0, 7.71882],
			"to": [13.81151, 12, 7.71882],
			"shade": false,
			"rotation": {"angle": 45, "axis": "y", "origin": [11.44134, 6, 8.03516]},
			"faces": {
				"north": {"uv": [3.5, 9.75, 2.5, 12.75], "texture": "#1", "tintindex": 0},
				"east": {"uv": [2.5, 9.75, 3.5, 12.75], "texture": "#1", "tintindex": 0},
				"south": {"uv": [2.5, 9.75, 3.5, 12.75], "texture": "#1", "tintindex": 0},
				"west": {"uv": [2.5, 9.75, 3.5, 12.75], "texture": "#1", "tintindex": 0},
				"up": {"uv": [2.5, 9.75, 3.5, 12.75], "texture": "#1", "tintindex": 0},
				"down": {"uv": [2.5, 9.75, 3.5, 12.75], "texture": "#1", "tintindex": 0}
			}
		},
		{
			"from": [9.75768, 0, 8.40533],
			"to": [13.75768, 12, 8.40533],
			"shade": false,
			"rotation": {"angle": -45, "axis": "y", "origin": [11.44134, 6, 8.03516]},
			"faces": {
				"north": {"uv": [3.5, 9.75, 2.5, 12.75], "texture": "#1", "tintindex": 0},
				"east": {"uv": [3.5, 9.75, 2.5, 12.75], "texture": "#1", "tintindex": 0},
				"south": {"uv": [2.5, 9.75, 3.5, 12.75], "texture": "#1", "tintindex": 0},
				"west": {"uv": [3.5, 9.75, 2.5, 12.75], "texture": "#1", "tintindex": 0},
				"up": {"uv": [3.5, 9.75, 2.5, 12.75], "texture": "#1", "tintindex": 0},
				"down": {"uv": [3.5, 9.75, 2.5, 12.75], "texture": "#1", "tintindex": 0}
			}
		},
		{
			"from": [7.625, 0, 2.165],
			"to": [7.625, 12, 6.165],
			"shade": false,
			"rotation": {"angle": 45, "axis": "y", "origin": [7.94134, 6, 4.53516]},
			"faces": {
				"north": {"uv": [2.5, 9.75, 3.5, 12.75], "texture": "#1", "tintindex": 0},
				"east": {"uv": [2.5, 9.75, 3.5, 12.75], "texture": "#1", "tintindex": 0},
				"south": {"uv": [2.5, 9.75, 3.5, 12.75], "texture": "#1", "tintindex": 0},
				"west": {"uv": [3.5, 9.75, 2.5, 12.75], "texture": "#1", "tintindex": 0},
				"up": {"uv": [2.5, 9.75, 3.5, 12.75], "rotation": 270, "texture": "#1", "tintindex": 0},
				"down": {"uv": [2.5, 9.75, 3.5, 12.75], "rotation": 90, "texture": "#1", "tintindex": 0}
			}
		},
		{
			"from": [8.31151, 0, 2.21882],
			"to": [8.31151, 12, 6.21882],
			"shade": false,
			"rotation": {"angle": -45, "axis": "y", "origin": [7.94134, 6, 4.53516]},
			"faces": {
				"north": {"uv": [3.5, 9.75, 2.5, 12.75], "texture": "#1", "tintindex": 0},
				"east": {"uv": [2.5, 9.75, 3.5, 12.75], "texture": "#1", "tintindex": 0},
				"south": {"uv": [3.5, 9.75, 2.5, 12.75], "texture": "#1", "tintindex": 0},
				"west": {"uv": [3.5, 9.75, 2.5, 12.75], "texture": "#1", "tintindex": 0},
				"up": {"uv": [3.5, 9.75, 2.5, 12.75], "rotation": 270, "texture": "#1", "tintindex": 0},
				"down": {"uv": [3.5, 9.75, 2.5, 12.75], "rotation": 90, "texture": "#1", "tintindex": 0}
			}
		},
		{
			"from": [7.625, 0, 10.585],
			"to": [7.625, 12, 14.585],
			"shade": false,
			"rotation": {"angle": -45, "axis": "y", "origin": [7.94134, 6, 12.21484]},
			"faces": {
				"north": {"uv": [4.75, 9.75, 3.75, 12.75], "texture": "#1", "tintindex": 0},
				"east": {"uv": [4.75, 9.75, 3.75, 12.75], "texture": "#1", "tintindex": 0},
				"south": {"uv": [4.75, 9.75, 3.75, 12.75], "texture": "#1", "tintindex": 0},
				"west": {"uv": [3.75, 9.75, 4.75, 12.75], "texture": "#1", "tintindex": 0},
				"up": {"uv": [4.75, 9.75, 3.75, 12.75], "texture": "#1", "tintindex": 0},
				"down": {"uv": [4.75, 9.75, 3.75, 12.75], "texture": "#1", "tintindex": 0}
			}
		},
		{
			"from": [8.31151, 0, 10.53118],
			"to": [8.31151, 12, 14.53118],
			"shade": false,
			"rotation": {"angle": 45, "axis": "y", "origin": [7.94134, 6, 12.21484]},
			"faces": {
				"north": {"uv": [3.75, 9.75, 4.75, 12.75], "texture": "#1", "tintindex": 0},
				"east": {"uv": [4.75, 9.75, 3.75, 12.75], "texture": "#1", "tintindex": 0},
				"south": {"uv": [3.75, 9.75, 4.75, 12.75], "texture": "#1", "tintindex": 0},
				"west": {"uv": [3.75, 9.75, 4.75, 12.75], "texture": "#1", "tintindex": 0},
				"up": {"uv": [3.75, 9.75, 4.75, 12.75], "texture": "#1", "tintindex": 0},
				"down": {"uv": [3.75, 9.75, 4.75, 12.75], "texture": "#1", "tintindex": 0}
			}
		}
	]
}