{
  "catacombs": {
    "F1": {
      "BONZO_STAFF": 31800,
      "ULTIMATE_JERRY;1": 31800,
      "FUMING_POTATO_BOOK": 15900,
      "ULTIMATE_BANK;1": 15900,
      "RECOMBOBULATOR_3000": 10599,
      "BONZO_MASK": 10599,
      "RED_NOSE": 10599,
      "BALLOON_SNAKE": 7950,
      "HOT_POTATO_BOOK": 6360,
      "INFINITE_QUIVER;6": 3975,
      "FEATHER_FALLING;6": 3975,
      "NECROMANCER_BROOCH": 3180,
      "ULTIMATE_COMBO;1": 2120,
      "ULTIMATE_NO_PAIN_NO_GAIN;1": 2120,
      "REJUVENATE;1": 1272
    },
    "F2": {
      "RED_SCARF": 18900,
      "RECOMBOBULATOR_3000": 9450,
      "STONE_BLADE": 9450,
      "ULTIMATE_BANK;1": 9450,
      "ADAPTIVE_BELT": 6300,
      "FUMING_POTATO_BOOK": 6300,
      "SCARF_STUDIES": 4725,
      "HOT_POTATO_BOOK": 3780,
      "ULTIMATE_COMBO;1": 3780,
      "ULTIMATE_NO_PAIN_NO_GAIN;1": 3780,
      "NECROMANCER_BROOCH": 3780,
      "ULTIMATE_WISE;1": 1890,
      "REJUVENATE;1": 1260
    },
    "F3": {
      "ADAPTIVE_CHESTPLATE": 26100,
      "ADAPTIVE_LEGGINGS": 26100,
      "ULTIMATE_JERRY;2": 26100,
      "ADAPTIVE_HELMET": 13050,
      "ADAPTIVE_BOOTS": 13050,
      "FUMING_POTATO_BOOK": 8700,
      "RECOMBOBULATOR_3000": 6525,
      "NECROMANCER_BROOCH": 6525,
      "HOT_POTATO_BOOK": 5220,
      "SUSPICIOUS_VIAL": 5220,
      "ULTIMATE_COMBO;1": 5220,
      "ULTIMATE_NO_PAIN_NO_GAIN;1": 5220,
      "ULTIMATE_WISE;1": 3262,
      "ULTIMATE_BANK;2": 3262,
      "ULTIMATE_WISDOM;1": 3262,
      "ULTIMATE_LAST_STAND;1": 2175,
      "REJUVENATE;2": 2175
    },
    "F4": {
      "SPIRIT_SWORD": 24899,
      "ITEM_SPIRIT_BOW": 24899,
      "THORNS_BOOTS": 24899,
      "SPIRIT;4": 24899,
      "ULTIMATE_JERRY;2": 24899,
      "SPIRIT_WING": 12449,
      "SPIRIT_BONE": 12449,
      "SPIRIT_DECOY": 12449,
      "ULTIMATE_REND;2": 12449,
      "RECOMBOBULATOR_3000": 8300,
      "FUMING_POTATO_BOOK": 8300,
      "HOT_POTATO_BOOK": 4979,
      "ULTIMATE_COMBO;1": 4979,
      "ULTIMATE_NO_PAIN_NO_GAIN;1": 4979,
      "ULTIMATE_WISE;1": 3112,
      "ULTIMATE_BANK;2": 3112,
      "ULTIMATE_WISDOM;1": 3112,
      "ULTIMATE_LAST_STAND;1": 2075,
      "REJUVENATE;2": 2075
    },
    "F5": {
      "SHADOW_FURY": 114300,
      "LAST_BREATH": 114300,
      "SHADOW_ASSASSIN_CHESTPLATE": 57150,
      "AOTE_STONE": 57150,
      "LIVID_DAGGER": 28575,
      "ULTIMATE_JERRY;3": 28575,
      "SHADOW_ASSASSIN_LEGGINGS": 22860,
      "SHADOW_ASSASSIN_CLOAK": 22860,
      "RECOMBOBULATOR_3000": 19050,
      "SHADOW_ASSASSIN_HELMET": 11430,
      "SHADOW_ASSASSIN_BOOTS": 7620,
      "FUMING_POTATO_BOOK": 5715,
      "OVERLOAD;1": 5715,
      "ULTIMATE_LEGION;1": 5715,
      "LETHALITY;6": 5715,
      "ULTIMATE_COMBO;2": 5715,
      "ULTIMATE_NO_PAIN_NO_GAIN;2": 5715,
      "ULTIMATE_BANK;3": 5715,
      "ULTIMATE_WISDOM;2": 4572,
      "DARK_ORB": 3810,
      "ULTIMATE_WISE;2": 2857,
      "REJUVENATE;3": 2540,
      "ULTIMATE_LAST_STAND;2": 2540
    },
    "F6": {
      "PRECURSOR_EYE": 266699,
      "GIANTS_SWORD": 160020,
      "NECROMANCER_LORD_CHESTPLATE": 100012,
      "SUMMONING_RING": 80010,
      "FEL_SKULL": 53339,
      "NECROMANCER_SWORD": 40005,
      "NECROMANCER_LORD_LEGGINGS": 26669,
      "SOULWEAVER_GLOVES": 26669,
      "NECROMANCER_LORD_HELMET": 20002,
      "SADAN_BROOCH": 20002,
      "ULTIMATE_JERRY;3": 20002,
      "GIANT_TOOTH": 16001,
      "NECROMANCER_LORD_BOOTS": 13334,
      "RECOMBOBULATOR_3000": 8000,
      "ULTIMATE_SWARM;1": 5334,
      "ULTIMATE_NO_PAIN_NO_GAIN;2": 4572,
      "ULTIMATE_BANK;3": 4572,
      "FUMING_POTATO_BOOK": 4000,
      "ULTIMATE_COMBO;2": 4000,
      "ULTIMATE_WISDOM;2": 3556,
      "ULTIMATE_WISE;2": 2424,
      "REJUVENATE;3": 2105,
      "ULTIMATE_LAST_STAND;2": 2105
    },
    "F7": {
      "STORM_THE_FISH": 411180,
      "MAXOR_THE_FISH": 411180,
      "GOLDOR_THE_FISH": 411180,
      "NECRON_HANDLE": 274119,
      "SHADOW_WARP_SCROLL": 205590,
      "WITHER_SHIELD_SCROLL": 205590,
      "IMPLOSION_SCROLL": 205590,
      "AUTO_RECOMBOBULATOR": 51397,
      "WITHER_CHESTPLATE": 51397,
      "ULTIMATE_ONE_FOR_ALL;1": 51397,
      "WITHER_LEGGINGS": 12849,
      "FEATHER_FALLING;7": 12849,
      "RECOMBOBULATOR_3000": 10279,
      "FUMING_POTATO_BOOK": 10279,
      "WITHER_CATALYST": 10279,
      "ULTIMATE_NO_PAIN_NO_GAIN;2": 10279,
      "WITHER_CLOAK": 8566,
      "WITHER_HELMET": 8566,
      "WITHER_BLOOD": 8566,
      "WITHER_BOOTS": 8566,
      "ULTIMATE_BANK;3": 8223,
      "ULTIMATE_WISDOM;2": 8223,
      "ULTIMATE_JERRY;3": 6853,
      "ULTIMATE_SOUL_EATER;1": 5139,
      "HOT_POTATO_BOOK": 5139,
      "ULTIMATE_WISE;2": 5139,
      "ULTIMATE_COMBO;2": 4111,
      "REJUVENATE;3": 4111,
      "ULTIMATE_LAST_STAND;2": 4111,
      "INFINITE_QUIVER;7": 4111,
      "PRECURSOR_GEAR": 3426
    },
    "M1": {
      "BONZO_STAFF": 25800,
      "ULTIMATE_JERRY;1": 25800,
      "FUMING_POTATO_BOOK": 12900,
      "ULTIMATE_BANK;1": 12900,
      "MASTER_SKULL_TIER_1": 8600,
      "BONZO_MASK": 8600,
      "BALLOON_SNAKE": 8600,
      "RECOMBOBULATOR_3000": 6450,
      "RED_NOSE": 6450,
      "HOT_POTATO_BOOK": 5160,
      "INFINITE_QUIVER;6": 4300,
      "FEATHER_FALLING;6": 4300,
      "ULTIMATE_COMBO;1": 2580,
      "ULTIMATE_NO_PAIN_NO_GAIN;1": 2580,
      "NECROMANCER_BROOCH": 2580,
      "REJUVENATE;1": 1720
    },
    "M2": {
      "RED_SCARF": 18600,
      "STONE_BLADE": 9300,
      "ULTIMATE_BANK;1": 9300,
      "RECOMBOBULATOR_3000": 6199,
      "MASTER_SKULL_TIER_2": 6199,
      "ADAPTIVE_BELT": 6199,
      "FUMING_POTATO_BOOK": 6199,
      "SCARF_STUDIES": 4650,
      "HOT_POTATO_BOOK": 3720,
      "ULTIMATE_COMBO;1": 3720,
      "ULTIMATE_NO_PAIN_NO_GAIN;1": 3720,
      "NECROMANCER_BROOCH": 3720,
      "ULTIMATE_WISE;1": 1860,
      "REJUVENATE;1": 1860
    },
    "M3": {
      "ADAPTIVE_CHESTPLATE": 23700,
      "ADAPTIVE_LEGGINGS": 23700,
      "ULTIMATE_JERRY;2": 23700,
      "FIRST_MASTER_STAR": 11850,
      "ADAPTIVE_HELMET": 11850,
      "ADAPTIVE_BOOTS": 11850,
      "FUMING_POTATO_BOOK": 7900,
      "RECOMBOBULATOR_3000": 5925,
      "MASTER_SKULL_TIER_3": 5925,
      "NECROMANCER_BROOCH": 5925,
      "HOT_POTATO_BOOK": 4740,
      "SUSPICIOUS_VIAL": 4740,
      "ULTIMATE_COMBO;1": 4740,
      "ULTIMATE_NO_PAIN_NO_GAIN;1": 4740,
      "ULTIMATE_WISE;1": 3950,
      "ULTIMATE_BANK;2": 3950,
      "ULTIMATE_WISDOM;1": 3950,
      "ULTIMATE_LAST_STAND;1": 2962,
      "REJUVENATE;2": 2962
    },
    "M4": {
      "SPIRIT_SWORD": 21900,
      "ITEM_SPIRIT_BOW": 21900,
      "THORNS_BOOTS": 21900,
      "SPIRIT;4": 21900,
      "ULTIMATE_JERRY;2": 21900,
      "SECOND_MASTER_STAR": 10950,
      "SPIRIT_WING": 10950,
      "SPIRIT_BONE": 10950,
      "SPIRIT_DECOY": 10950,
      "ULTIMATE_REND;2": 10950,
      "RECOMBOBULATOR_3000": 7300,
      "MASTER_SKULL_TIER_3": 7300,
      "FUMING_POTATO_BOOK": 7300,
      "ULTIMATE_NO_PAIN_NO_GAIN;1": 5475,
      "HOT_POTATO_BOOK": 4380,
      "ULTIMATE_COMBO;1": 4380,
      "ULTIMATE_WISE;1": 3650,
      "ULTIMATE_BANK;2": 3650,
      "ULTIMATE_WISDOM;1": 3650,
      "ULTIMATE_LAST_STAND;1": 2737,
      "REJUVENATE;2": 2737
    },
    "M5": {
      "SHADOW_FURY": 97500,
      "LAST_BREATH": 97500,
      "SHADOW_ASSASSIN_CHESTPLATE": 48750,
      "THIRD_MASTER_STAR": 48750,
      "AOTE_STONE": 48750,
      "LIVID_DAGGER": 24375,
      "ULTIMATE_JERRY;3": 24375,
      "SHADOW_ASSASSIN_LEGGINGS": 19500,
      "SHADOW_ASSASSIN_CLOAK": 19500,
      "MASTER_SKULL_TIER_4": 19500,
      "RECOMBOBULATOR_3000": 16250,
      "SHADOW_ASSASSIN_HELMET": 9750,
      "ULTIMATE_BANK;3": 9750,
      "ULTIMATE_WISDOM;2": 8125,
      "SHADOW_ASSASSIN_BOOTS": 6499,
      "ULTIMATE_COMBO;2": 6499,
      "ULTIMATE_NO_PAIN_NO_GAIN;2": 6499,
      "FUMING_POTATO_BOOK": 4875,
      "OVERLOAD;1": 4875,
      "ULTIMATE_LEGION;1": 4875,
      "LETHALITY;6": 4875,
      "DARK_ORB": 3249,
      "ULTIMATE_WISE;2": 3249,
      "REJUVENATE;3": 2785,
      "ULTIMATE_LAST_STAND;2": 2785
    },
    "M6": {
      "PRECURSOR_EYE": 270800,
      "GIANTS_SWORD": 135400,
      "NECROMANCER_LORD_CHESTPLATE": 101550,
      "FOURTH_MASTER_STAR": 81240,
      "SUMMONING_RING": 81240,
      "MASTER_SKULL_TIER_4": 81240,
      "FEL_SKULL": 54160,
      "NECROMANCER_SWORD": 40620,
      "NECROMANCER_LORD_LEGGINGS": 27080,
      "SOULWEAVER_GLOVES": 27080,
      "NECROMANCER_LORD_HELMET": 20310,
      "SADAN_BROOCH": 20310,
      "ULTIMATE_JERRY;3": 20310,
      "GIANT_TOOTH": 16247,
      "NECROMANCER_LORD_BOOTS": 13540,
      "RECOMBOBULATOR_3000": 6770,
      "ULTIMATE_SWARM;1": 5415,
      "ULTIMATE_NO_PAIN_NO_GAIN;2": 4642,
      "ULTIMATE_BANK;3": 4642,
      "FUMING_POTATO_BOOK": 4061,
      "ULTIMATE_COMBO;2": 4061,
      "ULTIMATE_WISDOM;2": 3610,
      "ULTIMATE_WISE;2": 2461,
      "REJUVENATE;3": 2137,
      "ULTIMATE_LAST_STAND;2": 2137
    },
    "M7": {
      "DYE_NECRON": 1389600,
      "STORM_THE_FISH": 833760,
      "MAXOR_THE_FISH": 833760,
      "GOLDOR_THE_FISH": 833760,
      "DARK_CLAYMORE": 416880,
      "NECRON_HANDLE": 231599,
      "THUNDERLORD;7": 208440,
      "MASTER_SKULL_TIER_5": 173700,
      "SHADOW_WARP_SCROLL": 166752,
      "WITHER_SHIELD_SCROLL": 166752,
      "IMPLOSION_SCROLL": 166752,
      "FIFTH_MASTER_STAR": 138960,
      "AUTO_RECOMBOBULATOR": 52110,
      "WITHER_CHESTPLATE": 52110,
      "ULTIMATE_ONE_FOR_ALL;1": 52110,
      "WITHER_LEGGINGS": 13027,
      "FEATHER_FALLING;7": 13027,
      "FUMING_POTATO_BOOK": 10422,
      "WITHER_CATALYST": 10422,
      "ULTIMATE_NO_PAIN_NO_GAIN;2": 10422,
      "WITHER_CLOAK": 8685,
      "WITHER_HELMET": 8685,
      "WITHER_BLOOD": 8685,
      "WITHER_BOOTS": 8685,
      "RECOMBOBULATOR_3000": 8337,
      "ULTIMATE_BANK;3": 8337,
      "ULTIMATE_WISDOM;2": 8337,
      "ULTIMATE_JERRY;3": 6948,
      "ULTIMATE_SOUL_EATER;1": 5211,
      "HOT_POTATO_BOOK": 5211,
      "ULTIMATE_WISE;2": 5211,
      "ULTIMATE_COMBO;2": 4168,
      "REJUVENATE;3": 4168,
      "ULTIMATE_LAST_STAND;2": 4168,
      "INFINITE_QUIVER;7": 4168,
      "PRECURSOR_GEAR": 3474
    }
  },
  "slayer": {
    "Revenant Horror": {
      "FOUL_FLESH": 3081,
      "ZOMBIE_SLAYER_RUNE;1": 7911,
      "UNDEAD_CATALYST": 24750,
      "SMITE;6": 61634,
      "BEHEADED_HORROR": 308175,
      "REVENANT_CATALYST": 49308,
      "SNAKE_RUNE;1": 329500,
      "REVENANT_VISCERA": 3631,
      "SCYTHE_BLADE": 484233,
      "SMITE;7": 1037642,
      "SHARD_OF_THE_SHREDDED": 907937,
      "WARDEN_HEART": 3631749
    },
    "Tarantula Broodfather": {
      "TOXIC_ARROW_POISON": 3277,
      "BITE_RUNE;1": 7716,
      "SPIDER_CATALYST": 24240,
      "BANE_OF_ARTHROPODS;6": 60110,
      "FLY_SWATTER": 300550,
      "TARANTULA_TALISMAN": 300550,
      "DIGESTED_MOSQUITO": 858714
    },
    "Sven Packmaster": {
      "HAMSTER_WHEEL": 3000,
      "SPIRIT_RUNE;1": 7857,
      "CRITICAL;6": 61135,
      "FURBALL": 60775,
      "RED_CLAW_EGG": 407566,
      "COUTURE_RUNE;1": 218166,
      "OVERFLUX_CAPACITOR": 1222700,
      "GRIZZLY_BAIT": 873357
    },
    "Voidgloom Seraph": {
      "TWILIGHT_ARROW_POISON": 3300,
      "ENDERSNAKE_RUNE;1": 9438,
      "SUMMONING_EYE": 74250,
      "MANA_STEAL;1": 11183,
      "TRANSMISSION_TUNER": 22366,
      "NULL_ATOM": 10120,
      "HAZMAT_ENDERMAN": 32202,
      "POCKET_ESPRESSO_MACHINE": 128809,
      "SMARTY_PANTS;1": 28338,
      "DRAGON_RUNE;1": 75505,
      "HANDY_BLOOD_CHALICE": 283380,
      "SINFUL_DICE": 108992,
      "EXCEEDINGLY_RARE_ENDER_ARTIFACT_UPGRADER": 1771125,
      "PET_SKIN_ENDERMAN_SLAYER": 302020,
      "ETHERWARP_MERGER": 118075,
      "JUDGEMENT_CORE": 885562,
      "ENCHANT_RUNE;1": 1078642,
      "ENDER_SLAYER;7": 3542250
    },
    "Inferno Demonlord": {
      "LAVATEARS_RUNE;1": 22471,
      "ARROW_BUNDLE_MAGMA": 5900,
      "MANA_DISINTEGRATOR": 12642,
      "SCORCHED_BOOKS": 22125,
      "KELVIN_INVERTER": 17700,
      "BLAZE_ROD_DISTILLATE": 9833,
      "GLOWSTONE_DUST_DISTILLATE": 9833,
      "MAGMA_CREAM_DISTILLATE": 9833,
      "NETHER_STALK_DISTILLATE": 9833,
      "CRUDE_GABAGOOL_DISTILLATE": 17700,
      "SCORCHED_POWER_CRYSTAL": 15416,
      "ARCHFIEND_DICE": 46250,
      "FIRE_ASPECT;3": 39368,
      "FIERY_BURST_RUNE;1": 252800,
      "FLAWED_OPAL_GEM": 17894,
      "ULTIMATE_REITERATE;1": 28119,
      "HIGH_CLASS_ARCHFIEND_DICE": 202239,
      "WILSON_ENGINEERING_PLANS": 578941,
      "SUBZERO_INVERTER": 578941,
      "POTION": 17700
    },
    "Riftstalker Bloodfiend": {
      "ENCHANTED_BOOK_BUNDLE_QUANTUM": 1687,
      "SOULTWIST_RUNE;1": 1912,
      "BUBBA_BLISTER": 2250,
      "CHOCOLATE_CHIP": 2250,
      "GUARDIAN_LUCKY_BLOCK": 3600,
      "MCGRUBBER_BURGER": 18450,
      "UNFANGED_VAMPIRE_PART": 18450,
      "ENCHANTED_BOOK_BUNDLE_THE_ONE": 12525
    }
  }
}