{
  "itemid": "minecraft:skull",
  "displayname": "§dAlchemist (Rift NPC)",
  "nbttag": "{HideFlags:254,SkullOwner:{Id:\"cf4f97d7-2e1f-3678-9ca3-4a7b9666cc28\",Properties:{textures:[0:{Value:\"eyJ0ZXh0dXJlcyI6eyJTS0lOIjp7InVybCI6Imh0dHA6Ly90ZXh0dXJlcy5taW5lY3JhZnQubmV0L3RleHR1cmUvZmNlNjYwNDE1N2ZjNGFiNTU5MWU0YmNmNTA3YTc0OTkxOGVlOWM0MWUzNTdkNDczNzZlMGVlNzM0MjA3NGM5MCJ9fX0\"}]}},display:{Lore:[0:\"\"],Name:\"§dAlchemist (Rift NPC)\"},ExtraAttributes:{id:\"ALCHEMIST_RIFT_NPC\"}}",
  "damage": 3,
  "lore": [
    ""
  ],
  "internalname": "ALCHEMIST_RIFT_NPC",
  "clickcommand": "viewrecipe",
  "modver": "2.1.1-PRE",
  "infoType": "",
  "info": [],
  "crafttext": "",
  "x": -49,
  "y": 70,
  "z": -64,
  "island": "rift",
  "recipes": []
}