{
  "itemid": "minecraft:compass",
  "displayname": "§fArchaeologist\u0027s Compass",
  "nbttag": "{HideFlags:254,display:{Lore:[0:\"§7Right-click to point towards the\",1:\"§7nearest §bRelic§7!\",2:\"\",3:\"§7Relics Found: §b§K00§b/28\",4:\"\",5:\"§8§l* §8Co-op Soulbound §8§l*\",6:\"§f§lCOMMON ACCESSORY\"],Name:\"§fArchaeologist\u0027s Compass\"},ExtraAttributes:{id:\"ARCHAEOLOGIST_COMPASS\"}}",
  "damage": 0,
  "lore": [
    "§7Right-click to point towards the",
    "§7nearest §bRelic§7!",
    "",
    "§7Relics Found: §b§K00§b/28",
    "",
    "§8§l* §8Co-op Soulbound §8§l*",
    "§f§lCOMMON ACCESSORY"
  ],
  "internalname": "ARCHAEOLOGIST_COMPASS",
  "crafttext": "",
  "clickcommand": "",
  "modver": "2.1.0-REL",
  "infoType": "WIKI_URL",
  "info": [
    "https://hypixel-skyblock.fandom.com/wiki/Archaeologist%27s_Compass",
    "https://wiki.hypixel.net/Archaeologist%27s_Compass"
  ]
}