{
  "itemid": "minecraft:skull",
  "displayname": "§cAutopet Rules 2-Pack",
  "nbttag": "{HideFlags:254,SkullOwner:{Id:\"53733439-f518-34d6-aadf-8229f084bd31\",Properties:{textures:[0:{Value:\"eyJ0ZXh0dXJlcyI6eyJTS0lOIjp7InVybCI6Imh0dHA6Ly90ZXh0dXJlcy5taW5lY3JhZnQubmV0L3RleHR1cmUvYzMxNmE4Yjk2Y2I5YWVlYTUxNDBkZDkzNmM2ZWJiOTY0ZWZjYmZkNzFhZTIxN2Q5ZjcwODg4ZWZiMTRlN2MwIn19fQ\u003d\u003d\"}]}},display:{Lore:[0:\"§7Adds §b+2 §7rules to your\",1:\"§7§cAutopet§7!\",2:\"\",3:\"§7The §cAutopet §7allows you\",4:\"§7to §aautomatically §7equip\",5:\"§7pets depending on rules you\",6:\"§7choose.\",7:\"\",8:\"§eHold and right-click to consume!\",9:\"\",10:\"§7§8Find the Autopet in your\",11:\"§8Pets menu after unlocking at\",12:\"§8least 1 rule.\",13:\"\",14:\"§c§lSPECIAL\",15:\"\",16:\"§7Cost\",17:\"§b21,000 Bits\"],Name:\"§cAutopet Rules 2-Pack\"},ExtraAttributes:{id:\"AUTOPET_RULES_2\"}}",
  "damage": 3,
  "lore": [
    "§7Adds §b+2 §7rules to your",
    "§7§cAutopet§7!",
    "",
    "§7The §cAutopet §7allows you",
    "§7to §aautomatically §7equip",
    "§7pets depending on rules you",
    "§7choose.",
    "",
    "§eHold and right-click to consume!",
    "",
    "§7§8Find the Autopet in your",
    "§8Pets menu after unlocking at",
    "§8least 1 rule.",
    "",
    "§c§lSPECIAL",
    "",
    "§7Cost",
    "§b21,000 Bits"
  ],
  "internalname": "AUTOPET_RULES_2",
  "clickcommand": "",
  "modver": "2.0.0-REL",
  "infoType": "WIKI_URL",
  "info": [
    "https://hypixel-skyblock.fandom.com/wiki/Autopet_Rules_2-Pack",
    "https://wiki.hypixel.net/Autopet"
  ],
  "crafttext": ""
}
