{
  "itemid": "minecraft:skull",
  "displayname": "§f§f§7[Lvl {LVL}] §6Bee",
  "nbttag": "{overrideMeta:1b,HideFlags:254,SkullOwner:{Id:\"af894c68-45d0-3ae2-952c-b3cf925199ad\",Properties:{textures:[0:{Value:\"eyJ0ZXh0dXJlcyI6eyJTS0lOIjp7InVybCI6Imh0dHA6Ly90ZXh0dXJlcy5taW5lY3JhZnQubmV0L3RleHR1cmUvN2U5NDE5ODdlODI1YTI0ZWE3YmFhZmFiOTgxOTM0NGI2YzI0N2M3NWM1NGE2OTE5ODdjZDI5NmJjMTYzYzI2MyJ9fX0\u003d\"}]}},display:{Lore:[0:\"§8Farming Pet\",1:\"\",2:\"§7Intelligence: §a{INTELLIGENCE}\",3:\"§7Strength: §c{STRENGTH}\",4:\"§7Speed: §a{SPEED}\",5:\"§7Mining Fortune: §a{MINING_WISDOM}\",6:\"§7Farming Fortune: §a{FARMING_WISDOM}\",7:\"§7Foraging Fortune: §a{FORAGING_WISDOM}\",8:\"\",9:\"§6Hive\",10:\"§7For each player within §a25 §7blocks:\",11:\" §b+{0}✎ Intelligence\",12:\" §c+{1}❁ Strength\",13:\" §a+{2}❈ Defense\",14:\"§8Max 15 players\",15:\"\",16:\"§6Busy Buzz Buzz\",17:\"§7Grants §a+30 §7of each to your pet:\",18:\"§6☘ Farming Fortune\",19:\"§6☘ Foraging Fortune\",20:\"§6☘ Mining Fortune\",21:\"\",22:\"§6Weaponized Honey\",23:\"§7§7Gain §a{3}% §7of received\",24:\"§7damage as §6❤ Absorption§7.\",25:\"\",26:\"§7§eRight-click to add this pet to\",27:\"§eyour pet menu!\",28:\"\",29:\"§6§lLEGENDARY\"],Name:\"§f§f§7[Lvl {LVL}] §6Bee\"},ExtraAttributes:{petInfo:\"{\\\"type\\\":\\\"BEE\\\",\\\"active\\\":false,\\\"exp\\\":0,\\\"tier\\\":\\\"LEGENDARY\\\",\\\"hideInfo\\\":false,\\\"candyUsed\\\":0}\",id:\"BEE;4\"},AttributeModifiers:[]}",
  "damage": 3,
  "lore": [
    "§8Farming Pet",
    "",
    "§7Intelligence: §a{INTELLIGENCE}",
    "§7Strength: §c{STRENGTH}",
    "§7Speed: §a{SPEED}",
    "§7Mining Fortune: §a{MINING_WISDOM}",
    "§7Farming Fortune: §a{FARMING_WISDOM}",
    "§7Foraging Fortune: §a{FORAGING_WISDOM}",
    "",
    "§6Hive",
    "§7For each player within §a25 §7blocks:",
    " §b+{0}✎ Intelligence",
    " §c+{1}❁ Strength",
    " §a+{2}❈ Defense",
    "§8Max 15 players",
    "",
    "§6Busy Buzz Buzz",
    "§7Grants §a+30 §7of each to your pet:",
    "§6☘ Farming Fortune",
    "§6☘ Foraging Fortune",
    "§6☘ Mining Fortune",
    "",
    "§6Weaponized Honey",
    "§7§7Gain §a{3}% §7of received",
    "§7damage as §6❤ Absorption§7.",
    "",
    "§7§eRight-click to add this pet to",
    "§eyour pet menu!",
    "",
    "§6§lLEGENDARY"
  ],
  "internalname": "BEE;4",
  "clickcommand": "",
  "modver": "2.1.1-PRE",
  "infoType": "WIKI_URL",
  "info": [
    "https://hypixel-skyblock.fandom.com/wiki/Bee_Pet",
    "https://wiki.hypixel.net/Bee_Pet"
  ],
  "crafttext": ""
}