{
  "itemid": "minecraft:golden_pickaxe",
  "displayname": "§5Bingonimbus 2000",
  "nbttag": "{Unbreakable:1b,HideFlags:254,display:{Lore:[0:\"§8Breaking Power 7\",1:\"\",2:\"§7Damage: §c+30\",3:\"§7Mining Speed: §a+1,500\",4:\"§7Mining Fortune: §a+100\",5:\"\",6:\"§7A powerful tool that doesn\u0027t\",7:\"§7seem to break.\",8:\"\",9:\"§7§8This item can be reforged!\",10:\"§8§l* §8Co-op Soulbound §8§l*\",11:\"§5§lEPIC PICKAXE\"],Name:\"§5Bingonimbus 2000\"},ExtraAttributes:{id:\"BINGONIMBUS_2000\"}}",
  "damage": 0,
  "lore": [
    "§8Breaking Power 7",
    "",
    "§7Damage: §c+30",
    "§7Mining Speed: §a+1,500",
    "§7Mining Fortune: §a+100",
    "",
    "§7A powerful tool that doesn\u0027t",
    "§7seem to break.",
    "",
    "§7§8This item can be reforged!",
    "§8§l* §8Co-op Soulbound §8§l*",
    "§5§lEPIC PICKAXE"
  ],
  "internalname": "BINGONIMBUS_2000",
  "crafttext": "",
  "clickcommand": "",
  "modver": "2.1.0-REL",
  "infoType": "WIKI_URL",
  "info": [
    "https://hypixel-skyblock.fandom.com/wiki/Bingonimbus_2000",
    "https://wiki.hypixel.net/Bingonimbus_2000"
  ]
}