{
  "itemid": "minecraft:leather_boots",
  "displayname": "§9Bouncy Boots",
  "nbttag": "{HideFlags:254,display:{Lore:[0:\"§7Gear Score: §d75 \",1:\"§7Crit Chance: §c+5%\",2:\"§7Health: §a+55\",3:\"\",4:\"§6Full Set Bonus: Bouncing Arrow\",5:\"§7Your arrows have a §e25%\",6:\"§e§7chance to bounce to another\",7:\"§7target after it hits something.\",8:\"\",9:\"§7§8This item can be reforged!\",10:\"§7§4❣ §cRequires §cCatacombs Skill\",11:\"§c9§c.\",12:\"§9§lRARE DUNGEON BOOTS\"],color:11403055,Name:\"§9Bouncy Boots\"},ExtraAttributes:{dungeon_item_level:0,id:\"BOUNCY_BOOTS\"}}",
  "damage": 0,
  "lore": [
    "§7Gear Score: §d75 ",
    "§7Crit Chance: §c+5%",
    "§7Health: §a+55",
    "",
    "§6Full Set Bonus: Bouncing Arrow",
    "§7Your arrows have a §e25%",
    "§e§7chance to bounce to another",
    "§7target after it hits something.",
    "",
    "§7§8This item can be reforged!",
    "§7§4❣ §cRequires §cCatacombs Skill",
    "§c9§c.",
    "§9§lRARE DUNGEON BOOTS"
  ],
  "internalname": "BOUNCY_BOOTS",
  "crafttext": "",
  "clickcommand": "",
  "modver": "2.1.1-PRE",
  "infoType": "WIKI_URL",
  "info": [
    "https://hypixel-skyblock.fandom.com/wiki/Bouncy_Armor",
    "https://wiki.hypixel.net/Bouncy_Boots"
  ]
}