{
  "itemid": "minecraft:skull",
  "displayname": "§9Lighter Blue™ Abicase",
  "nbttag": "{HideFlags:254,SkullOwner:{Id:\"2555a3e9-ecc0-4c68-9172-a1542ffed84b\",hypixelPopulated:1b,Properties:{textures:[0:{Value:\"eyJ0ZXh0dXJlcyI6eyJTS0lOIjp7InVybCI6Imh0dHA6Ly90ZXh0dXJlcy5taW5lY3JhZnQubmV0L3RleHR1cmUvZGY3MGZhYjMyNDZmZTAyN2NlMGJiYTg4NWE3M2M2ZTgyZDhmZjhmMzU4MjMxZTg0NjFmOTU2NTYwY2ZhNThmIn19fQ\u003d\u003d\"}]},Name:\"§2555a3e9-ecc0-4c68-9172-a1542ffed84b\"},display:{Lore:[0:\"§7Fishing Wisdom: §a+1.5\",1:\"\",2:\"§7§7Grants §6+1 Magical Power\",3:\"§6§7per §a2 §7contacts in your\",4:\"§7Abiphone.\",5:\"\",6:\"§7§8Only ONE case will have an\",7:\"§8effect while in accessory bag.\",8:\"\",9:\"§9§lRARE ACCESSORY\",10:\"\",11:\"§7Cost\",12:\"§b17,000 Bits\"],Name:\"§9Lighter Blue™ Abicase\"},ExtraAttributes:{model:\"BLUE_AQUA\",id:\"ABICASE\"}}",
  "damage": 3,
  "lore": [
    "§7Fishing Wisdom: §a+1.5",
    "",
    "§7§7Grants §6+1 Magical Power",
    "§6§7per §a2 §7contacts in your",
    "§7Abiphone.",
    "",
    "§7§8Only ONE case will have an",
    "§8effect while in accessory bag.",
    "",
    "§9§lRARE ACCESSORY",
    "",
    "§7Cost",
    "§b17,000 Bits"
  ],
  "internalname": "ABICASE",
  "crafttext": "",
  "clickcommand": "",
  "modver": "2.1.0-REL",
  "infoType": "WIKI_URL",
  "info": [
    "https://hypixel-skyblock.fandom.com/wiki/Lighter_Blue™_Abicase",
    "https://wiki.hypixel.net/Lighter_Blue™_Abicase"
  ]
}