{
  "itemid": "minecraft:diamond_axe",
  "displayname": "§9Advanced Gardening Axe",
  "nbttag": "{Unbreakable:1b,HideFlags:254,display:{Lore:[0:\"§7Farming Fortune: §a+10\",1:\"\",2:\"§7§8This item can be reforged!\",3:\"§7§4❣ §cRequires §aGarden Level 6§c.\",4:\"§9§lRARE AXE\",5:\"\",6:\"§7Cost\",7:\"§c25 Copper\"],Name:\"§9Advanced Gardening Axe\"},ExtraAttributes:{id:\"ADVANCED_GARDENING_AXE\"}}",
  "damage": 0,
  "lore": [
    "§7Farming Fortune: §a+10",
    "",
    "§7§8This item can be reforged!",
    "§7§4❣ §cRequires §aGarden Level 6§c.",
    "§9§lRARE AXE",
    "",
    "§7Cost",
    "§c25 Copper"
  ],
  "internalname": "ADVANCED_GARDENING_AXE",
  "crafttext": "",
  "clickcommand": "",
  "modver": "2.1.0-REL",
  "infoType": "WIKI_URL",
  "info": [
    "https://hypixel-skyblock.fandom.com/wiki/Advanced_Gardening_Axe",
    "https://wiki.hypixel.net/Advanced_Gardening_Axe"
  ]
}