{
  "itemid": "minecraft:diamond_hoe",
  "displayname": "§9Advanced Gardening Hoe",
  "nbttag": "{Unbreakable:1b,HideFlags:254,display:{Lore:[0:\"§7Farming Fortune: §a+10\",1:\"\",2:\"§7§8This item can be reforged!\",3:\"§9§lRARE HOE\",4:\"\",5:\"§7Cost\",6:\"§c25 Copper\"],Name:\"§9Advanced Gardening Hoe\"},ExtraAttributes:{id:\"ADVANCED_GARDENING_HOE\"}}",
  "damage": 0,
  "lore": [
    "§7Farming Fortune: §a+10",
    "",
    "§7§8This item can be reforged!",
    "§9§lRARE HOE",
    "",
    "§7Cost",
    "§c25 Copper"
  ],
  "internalname": "ADVANCED_GARDENING_HOE",
  "crafttext": "",
  "clickcommand": "",
  "modver": "2.1.0-REL",
  "infoType": "WIKI_URL",
  "info": [
    "https://hypixel-skyblock.fandom.com/wiki/Advanced_Gardening_Hoe",
    "https://wiki.hypixel.net/Advanced_Gardening_Hoe"
  ]
}