{
  "itemid": "minecraft:enchanted_book",
  "displayname": "§fEnchanted Book",
  "nbttag": "{ench:[],HideFlags:254,display:{Lore:[0:\"§9Dragon Tracer IV\",1:\"§7Arrows home towards dragons if\",2:\"§7they are within §a8 §7blocks.\",3:\"\",4:\"§7Use this on an item in an Anvil\",5:\"§7to apply it!\",6:\"\",7:\"§6Source:\",8:\"§aI-V: §7Enchantment Table,\",9:\"§7Feather Collection\",10:\"\",11:\"§6Applied To:\",12:\"§7- §fBow\",13:\"\",14:\"§f§lCOMMON\"],Name:\"§fEnchanted Book\"},ExtraAttributes:{id:\"AIMING;4\",enchantments:{aiming:4}}}",
  "damage": 0,
  "lore": [
    "§9Dragon Tracer IV",
    "§7Arrows home towards dragons if",
    "§7they are within §a8 §7blocks.",
    "",
    "§7Use this on an item in an Anvil",
    "§7to apply it!",
    "",
    "§6Source:",
    "§aI-V: §7Enchantment Table,",
    "§7Feather Collection",
    "",
    "§6Applied To:",
    "§7- §fBow",
    "",
    "§f§lCOMMON"
  ],
  "recipe": {
    "A1": "ARROW:8",
    "A2": "",
    "A3": "",
    "B1": "",
    "B2": "PAPER:8",
    "B3": "PAPER:8",
    "C1": "",
    "C2": "PAPER:8",
    "C3": "COMPASS:1"
  },
  "internalname": "AIMING;4",
  "clickcommand": "viewrecipe",
  "modver": "2.1.0-REL",
  "crafttext": "Requires: Feather VI",
  "infoType": ""
}