{
  "itemid": "minecraft:skull",
  "displayname": "§9Arachne\u0027s Calling",
  "nbttag": "{HideFlags:254,SkullOwner:{Id:\"ceba54f1-f253-395f-a300-35b7489c0cb1\",Properties:{textures:[0:{Value:\"eyJ0ZXh0dXJlcyI6eyJTS0lOIjp7InVybCI6Imh0dHA6Ly90ZXh0dXJlcy5taW5lY3JhZnQubmV0L3RleHR1cmUvZTRhYWNiOGEzNmUyMjdkODYxZWE0NDM2NmNlM2IzNTEwZWU3YzI3MjJjNGVhNTFiMmYyZTgzNzQ5YmYxMjQifX19\"}]}},display:{Lore:[0:\"§7§7Place §a4 §7of these at the\",1:\"§7§5Altar §7in §4Arachne\u0027s\",2:\"§4Sanctuary §7to summon her.\",3:\"\",4:\"§7§o\\\"It\u0027s time.\\\" §7- Uninformed Spider\",5:\"\",6:\"§9§lRARE\"],Name:\"§9Arachne\u0027s Calling\"},ExtraAttributes:{id:\"ARACHNE_KEEPER_FRAGMENT\"}}",
  "damage": 3,
  "lore": [
    "§7§7Place §a4 §7of these at the",
    "§7§5Altar §7in §4Arachne\u0027s",
    "§4Sanctuary §7to summon her.",
    "",
    "§7§o\"It\u0027s time.\" §7- Uninformed Spider",
    "",
    "§9§lRARE"
  ],
  "internalname": "ARACHNE_KEEPER_FRAGMENT",
  "crafttext": "",
  "clickcommand": "",
  "modver": "2.1.0-REL",
  "infoType": "WIKI_URL",
  "info": [
    "https://hypixel-skyblock.fandom.com/wiki/Arachne_Keeper_Fragment",
    "https://wiki.hypixel.net/Arachne\u0027s_Keeper_Fragment"
  ]
}