{
  "itemid": "minecraft:arrow",
  "displayname": "§9Bouncy Arrow",
  "nbttag": "{ench:[],HideFlags:254,display:{Lore:[0:\"§7Damage: §c+5\",1:\"\",2:\"§6Passive: Bouncy!\",3:\"§7Arrows have a §e50% §7chance to\",4:\"§7bounce to another target.\",5:\"§7Bounces up to §c4 §7targets,\",6:\"§7each bounce dealing §c15% §7less\",7:\"§7damage.\",8:\"\",9:\"§4❣ §cRequires §aCombat Skill 20§c +\",10:\"§aSlimeball Collection 7§c + §aTarget\",11:\"§aPractice II.\",12:\"§8Stats added when shot!\",13:\"§9§lRARE ARROW\"],Name:\"§9Bouncy Arrow\"},ExtraAttributes:{id:\"BOUNCY_ARROW\"}}",
  "damage": 0,
  "lore": [
    "§7Damage: §c+5",
    "",
    "§6Passive: Bouncy!",
    "§7Arrows have a §e50% §7chance to",
    "§7bounce to another target.",
    "§7Bounces up to §c4 §7targets,",
    "§7each bounce dealing §c15% §7less",
    "§7damage.",
    "",
    "§4❣ §cRequires §aCombat Skill 20§c +",
    "§aSlimeball Collection 7§c + §aTarget",
    "§aPractice II.",
    "§8Stats added when shot!",
    "§9§lRARE ARROW"
  ],
  "internalname": "BOUNCY_ARROW",
  "crafttext": "",
  "clickcommand": "",
  "modver": "2.1.0-REL",
  "infoType": "WIKI_URL",
  "info": [
    "https://hypixel-skyblock.fandom.com/wiki/Arrows",
    "https://wiki.hypixel.net/Bouncy_Arrow"
  ]
}