{
  "itemid": "minecraft:skull",
  "displayname": "§9Box of Seeds",
  "nbttag": "{HideFlags:254,SkullOwner:{Id:\"44418bf4-766c-38cd-ba44-67747ec44b5d\",Properties:{textures:[0:{Value:\"eyJ0ZXh0dXJlcyI6eyJTS0lOIjp7InVybCI6Imh0dHA6Ly90ZXh0dXJlcy5taW5lY3JhZnQubmV0L3RleHR1cmUvMmMzZjg1NGJiNjUyNjVhYjNmZjJlMzYyNjY5YTVmODA2YWI4NGRjMjQwYTRiOTlmOWE2MmFiNzI2NzcyOGJhMyJ9fX0\u003d\"}]}},display:{Lore:[0:\"§9§lRARE\"],Name:\"§9Box of Seeds\"},ExtraAttributes:{id:\"BOX_OF_SEEDS\"}}",
  "damage": 3,
  "lore": [
    "§9§lRARE"
  ],
  "recipe": {
    "A1": "",
    "A2": "ENCHANTED_SEEDS:32",
    "A3": "",
    "B1": "ENCHANTED_SEEDS:32",
    "B2": "ENCHANTED_SEEDS:32",
    "B3": "ENCHANTED_SEEDS:32",
    "C1": "",
    "C2": "ENCHANTED_SEEDS:32",
    "C3": ""
  },
  "internalname": "BOX_OF_SEEDS",
  "clickcommand": "viewrecipe",
  "modver": "2.1.1-PRE",
  "crafttext": "Requires: Seeds VII",
  "infoType": "WIKI_URL",
  "info": [
    "https://wiki.hypixel.net/Box_Of_Seeds",
    "https://hypixel-skyblock.fandom.com/wiki/Box_of_Seeds"
  ]
}
