{
  "itemid": "minecraft:skull",
  "displayname": "§fLilac Fruit",
  "nbttag": "{HideFlags:254,SkullOwner:{Id:\"10f1d67d-6946-320a-9845-76dee36a2f1e\",Properties:{textures:[0:{Value:\"eyJ0ZXh0dXJlcyI6eyJTS0lOIjp7InVybCI6Imh0dHA6Ly90ZXh0dXJlcy5taW5lY3JhZnQubmV0L3RleHR1cmUvZTM1NmY3ZTdkZjZjZDliNDUwZGI0YjdiYTIyOTRiOTNjYjZmMTg3MWQxNWE0MGQ2MGU3ZjE0ZWM2ODk5Y2Y3NiJ9fX0\"}]}},display:{Lore:[0:\"§8Decoration item\",1:\"\",2:\"§f§lCOMMON\"],Name:\"§fLilac Fruit\"},ExtraAttributes:{id:\"BUILDER_LILAC_FRUIT\"}}",
  "damage": 3,
  "lore": [
    "§8Decoration item",
    "",
    "§f§lCOMMON"
  ],
  "internalname": "BUILDER_LILAC_FRUIT",
  "crafttext": "",
  "clickcommand": "",
  "modver": "2.1.0-REL",
  "infoType": "WIKI_URL",
  "info": [
    "https://hypixel-skyblock.fandom.com/wiki/Decorations",
    "https://wiki.hypixel.net/Lilac_Fruit"
  ]
}