{
  "itemid": "minecraft:skull",
  "displayname": "§fCorn",
  "nbttag": "{HideFlags:254,SkullOwner:{Id:\"820fd2a8-d498-36f9-83e8-4c4010e1b5be\",Properties:{textures:[0:{Value:\"eyJ0ZXh0dXJlcyI6eyJTS0lOIjp7InVybCI6Imh0dHA6Ly90ZXh0dXJlcy5taW5lY3JhZnQubmV0L3RleHR1cmUvZDM5MWRmZmJlYTJmYzNmMmFkNzhhNjIzZjQ5YmY3ZTExMjE2OTQxMTJjMzc1OWZlZWQ0MTU2ZmMyYmE0NmMwIn19fQ\"}]}},display:{Lore:[0:\"§8Decoration item\",1:\"\",2:\"§f§lCOMMON\"],Name:\"§fCorn\"},ExtraAttributes:{id:\"BUILDER_CORN\"}}",
  "damage": 3,
  "lore": [
    "§8Decoration item",
    "",
    "§f§lCOMMON"
  ],
  "internalname": "BUILDER_CORN",
  "crafttext": "",
  "clickcommand": "",
  "modver": "2.1.0-REL",
  "infoType": "WIKI_URL",
  "info": [
    "https://hypixel-skyblock.fandom.com/wiki/Decorations",
    "https://wiki.hypixel.net/Corn"
  ]
}