{
  "itemid": "minecraft:skull",
  "displayname": "§fAppalled Pumpkin",
  "nbttag": "{HideFlags:254,SkullOwner:{Id:\"d1e0368a-e123-33c0-b760-7d445b4a6e6c\",Properties:{textures:[0:{Value:\"eyJ0ZXh0dXJlcyI6eyJTS0lOIjp7InVybCI6Imh0dHA6Ly90ZXh0dXJlcy5taW5lY3JhZnQubmV0L3RleHR1cmUvMTA3ZGE1NzJhOGU5ZGFkNTc4MmIxNjY1Yjc0ZjkxMWQyMWZiMWE3MjNhOTdkYTdjOGVjNDk0Yjc1ZWM5ZGI4NCJ9fX0\"}]}},display:{Lore:[0:\"§8Decoration item\",1:\"\",2:\"§f§lCOMMON\"],Name:\"§fAppalled Pumpkin\"},ExtraAttributes:{id:\"BUILDER_APPALLED_PUMPKIN\"}}",
  "damage": 3,
  "lore": [
    "§8Decoration item",
    "",
    "§f§lCOMMON"
  ],
  "internalname": "BUILDER_APPALLED_PUMPKIN",
  "crafttext": "",
  "clickcommand": "",
  "modver": "2.1.0-REL",
  "infoType": "WIKI_URL",
  "info": [
    "https://hypixel-skyblock.fandom.com/wiki/Decorations",
    "https://wiki.hypixel.net/Appalled_Pumpkin"
  ]
}