{
  "itemid": "minecraft:skull",
  "displayname": "§fLemon",
  "nbttag": "{HideFlags:254,SkullOwner:{Id:\"448296cf-4fc3-35f6-b478-41328a10b280\",Properties:{textures:[0:{Value:\"eyJ0ZXh0dXJlcyI6eyJTS0lOIjp7InVybCI6Imh0dHA6Ly90ZXh0dXJlcy5taW5lY3JhZnQubmV0L3RleHR1cmUvOTU3ZmQ1NmNhMTU5Nzg3NzkzMjRkZjUxOTM1NGI2NjM5YThkOWJjMTE5MmM3YzNkZTkyNWEzMjliYWVmNmMifX19\"}]}},display:{Lore:[0:\"§8Decoration item\",1:\"\",2:\"§f§lCOMMON\"],Name:\"§fLemon\"},ExtraAttributes:{id:\"BUILDER_LEMON\"}}",
  "damage": 3,
  "lore": [
    "§8Decoration item",
    "",
    "§f§lCOMMON"
  ],
  "internalname": "BUILDER_LEMON",
  "crafttext": "",
  "clickcommand": "",
  "modver": "2.1.0-REL",
  "infoType": "WIKI_URL",
  "info": [
    "https://hypixel-skyblock.fandom.com/wiki/Decorations",
    "https://wiki.hypixel.net/Lemon"
  ]
}