{
  "itemid": "minecraft:skull",
  "displayname": "§fAncient Fruit",
  "nbttag": "{HideFlags:254,SkullOwner:{Id:\"dabc735d-8f44-3d80-8b52-70ea8583c447\",Properties:{textures:[0:{Value:\"eyJ0ZXh0dXJlcyI6eyJTS0lOIjp7InVybCI6Imh0dHA6Ly90ZXh0dXJlcy5taW5lY3JhZnQubmV0L3RleHR1cmUvYWYwNzJiY2YyYmU2ZjNjNWZmYjUyZDI4NzVlNDEyOTRmMjFkZDU3Y2VlM2Y0MjhjNzk4NmExODk3MTRhZDc5ZiJ9fX0\"}]}},display:{Lore:[0:\"§8Decoration item\",1:\"\",2:\"§f§lCOMMON\"],Name:\"§fAncient Fruit\"},ExtraAttributes:{id:\"BUILDER_ANCIENT_FRUIT\"}}",
  "damage": 3,
  "lore": [
    "§8Decoration item",
    "",
    "§f§lCOMMON"
  ],
  "internalname": "BUILDER_ANCIENT_FRUIT",
  "crafttext": "",
  "clickcommand": "",
  "modver": "2.1.0-REL",
  "infoType": "WIKI_URL",
  "info": [
    "https://hypixel-skyblock.fandom.com/wiki/Decorations",
    "https://wiki.hypixel.net/Ancient_Fruit"
  ]
}