{
  "itemid": "minecraft:skull",
  "displayname": "§aBurning Eye",
  "nbttag": "{HideFlags:254,SkullOwner:{Id:\"4d05a88b-bff2-3527-95cf-b068c09106f1\",Properties:{textures:[0:{Value:\"eyJ0ZXh0dXJlcyI6eyJTS0lOIjp7InVybCI6Imh0dHA6Ly90ZXh0dXJlcy5taW5lY3JhZnQubmV0L3RleHR1cmUvODI4N2IzOTdkYWY5NTE2YTBiZDc2ZjVmMWI3YmY5Nzk1MTVkZjNkNWQ4MzNlMDYzNWZhNjhiMzdlZTA4MjIxMiJ9fX0\u003d\"}]}},display:{Lore:[0:\"§7§7§oProbably the single most\",1:\"§7§oregrettable effect of Sulphur on\",2:\"§7§othe island\u0027s fauna. You can\u0027t\",3:\"§7§okill a spider with fire if it\u0027s\",4:\"§7§oalready burning.\",5:\"\",6:\"§eRight-click to view recipes!\",7:\"\",8:\"§8§l* §8Co-op Soulbound §8§l*\",9:\"§a§lUNCOMMON\"],Name:\"§aBurning Eye\"},ExtraAttributes:{id:\"BURNING_EYE\"}}",
  "damage": 3,
  "lore": [
    "§7§7§oProbably the single most",
    "§7§oregrettable effect of Sulphur on",
    "§7§othe island\u0027s fauna. You can\u0027t",
    "§7§okill a spider with fire if it\u0027s",
    "§7§oalready burning.",
    "",
    "§eRight-click to view recipes!",
    "",
    "§8§l* §8Co-op Soulbound §8§l*",
    "§a§lUNCOMMON"
  ],
  "internalname": "BURNING_EYE",
  "crafttext": "",
  "clickcommand": "",
  "modver": "2.1.0-REL",
  "infoType": "WIKI_URL",
  "info": [
    "https://hypixel-skyblock.fandom.com/wiki/Burning_Eye",
    "https://wiki.hypixel.net/Burning_Eye"
  ]
}